test_convert.BothDirections.test_every_link_is_stored_in_both_directions	ok
test_convert.BothDirections.test_host_edges_carry_dpid_zero_on_the_host_side	ok
test_convert.ConvertingWithTheRoleFlagTest.test_a_role_on_a_package_whose_every_switch_runs_ndtwins_pipeline_is_refused	ok
test_convert.ConvertingWithTheRoleFlagTest.test_a_role_on_an_external_control_plane_is_refused	ok
test_convert.ConvertingWithTheRoleFlagTest.test_every_other_table_keeps_its_entries	ok
test_convert.ConvertingWithTheRoleFlagTest.test_everything_but_the_runtime_files_and_package_json_is_as_without_the_flag	ok
test_convert.ConvertingWithTheRoleFlagTest.test_owner_ndtwin_takes_the_owned_tables_match_entries_out_and_counts_them	ok
test_convert.ConvertingWithTheRoleFlagTest.test_owner_package_keeps_the_authors_entries_byte_for_byte	ok
test_convert.ConvertingWithTheRoleFlagTest.test_the_command_line_reports_the_count	ok
test_convert.ConvertingWithTheRoleFlagTest.test_the_package_carries_the_roles_block	ok
test_convert.FixtureProvenance.test_every_fixture_is_still_byte_identical_to_its_tutorials_original	FAIL
test_convert.FixtureProvenance.test_the_generated_fixtures_are_all_there_and_are_the_only_exemptions	ok
test_convert.LinkExtras.test_a_declared_zero_latency_is_the_same_as_no_latency	ok
test_convert.LinkExtras.test_a_latency_string_with_a_unit_is_understood	ok
test_convert.LinkExtras.test_a_link_with_no_extras_is_a_gigabit_and_says_nothing_about_delay	ok
test_convert.LinkExtras.test_a_real_latency_is_recorded	ok
test_convert.LinkExtras.test_bandwidth_is_megabits_per_second	ok
test_convert.LinkExtras.test_latency_and_bandwidth_are_read_in_tutorials_order	ok
test_convert.OneSwitchExercise.test_it_converts_and_reads_back_through_the_proxys_reader	ok
test_convert.OneSwitchExercise.test_its_one_switch_runs_calcs_own_program	ok
test_convert.OneSwitchExercise.test_the_package_has_one_switch_two_hosts_and_two_links	ok
test_convert.PackageFields.test_stage_one_pins_pipeline_grpc_base_and_device_id	ok
test_convert.PackageFields.test_switch_nodes_carry_exactly_the_shipped_models_keys	ok
test_convert.PackageFields.test_the_mode_comes_from_whether_the_exercise_has_a_controller	ok
test_convert.PackageFields.test_the_source_block_records_where_it_came_from	ok
test_convert.PerSwitchPipelines.test_a_program_without_p4_is_refused_rather_than_half_applied	ok
test_convert.PerSwitchPipelines.test_an_unbuilt_program_is_refused_with_the_make_command	ok
test_convert.PerSwitchPipelines.test_both_programs_are_copied_into_the_package	ok
test_convert.PerSwitchPipelines.test_every_pipeline_path_is_relative_and_inside_the_package	ok
test_convert.PerSwitchPipelines.test_parse_switches_keeps_the_program_field	ok
test_convert.PerSwitchPipelines.test_the_ndtwin_pipeline_flag_nulls_every_switch_including_the_one_with_a_program	ok
test_convert.PerSwitchPipelines.test_the_p4info_of_a_program_is_the_json_stem_with_the_makefiles_suffix	ok
test_convert.PerSwitchPipelines.test_the_switch_that_names_a_program_gets_it_and_the_others_get_the_default	ok
test_convert.PerSwitchPipelines.test_two_firewall_conversions_are_byte_identical	ok
test_convert.PerSwitchPipelines.test_without_p4_a_plain_exercise_still_converts_to_all_null	ok
test_convert.PodTopoNumbers.test_pod_topo_is_four_hosts_four_switches_eight_links	ok
test_convert.PodTopoNumbers.test_the_model_reads_back_through_the_proxys_reader	ok
test_convert.PodTopoNumbers.test_triangle_topo_reads_back_too	ok
test_convert.Refusals.test_a_bad_link_endpoint_is_refused	ok
test_convert.Refusals.test_a_cli_configured_switch_is_refused_rather_than_silently_unconfigured	ok
test_convert.Refusals.test_a_host_address_without_a_prefix_length_is_refused	ok
test_convert.Refusals.test_a_host_attached_twice_is_refused	ok
test_convert.Refusals.test_a_host_whose_name_does_not_match_its_address_is_refused	ok
test_convert.Refusals.test_a_missing_topology_is_refused	ok
test_convert.Refusals.test_a_switch_not_named_sn_is_refused	ok
test_convert.Reproducible.test_copies_keep_their_exercise_relative_paths	ok
test_convert.Reproducible.test_two_conversions_are_byte_identical	ok
test_convert.ShapedLinks.test_ecn_reads_back_with_its_five_hosts	ok
test_convert.ShapedLinks.test_the_half_megabit_link_of_ecn_and_mri_comes_out_as_500000_bps	ok
test_convert.TheCpuPort.test_a_boolean_cpu_port_is_refused	ok
test_convert.TheCpuPort.test_a_cpu_port_outside_bmv2s_range_is_refused	ok
test_convert.TheCpuPort.test_a_cpu_port_that_is_not_a_number_is_refused	ok
test_convert.TheCpuPort.test_a_hex_string_is_read_base_zero	ok
test_convert.TheCpuPort.test_a_string_cpu_port_becomes_an_integer	ok
test_convert.TheCpuPort.test_an_exercise_that_says_nothing_gets_the_default	ok
test_convert.TheCpuPort.test_an_integer_cpu_port_is_taken_as_written	ok
test_convert.TheCpuPort.test_one_switch_naming_it_is_enough_for_the_whole_package	ok
test_convert.TheCpuPort.test_switches_that_disagree_are_refused_and_both_are_named	ok
test_convert.TheCpuPort.test_the_default_is_still_what_ndtwins_own_pipeline_compiles_in	ok
test_convert.ThePreEntriesSurviveTheConversion.test_the_multicast_exercises_group_is_in_the_written_package	ok
test_convert.ThePreEntriesSurviveTheConversion.test_the_one_switch_topology_reads_back	ok
test_convert.TheRoleFlagTest.test_a_missing_name_is_refused_and_named	ok
test_convert.TheRoleFlagTest.test_an_unknown_duplicated_or_empty_key_is_refused	ok
test_convert.TheRoleFlagTest.test_the_six_names_become_the_roles_object_package_json_carries	ok
test_convert.WithoutTheRoleFlagTheOutputIsByteIdenticalTest.test_every_file_of_every_conversion_is_the_one_the_base_wrote	ok
test_preflight.BasicWithRolesTest.test_a_converted_owned_package_passes_every_check	ok
test_preflight.BasicWithRolesTest.test_a_dst_mac_that_is_not_48_bits_fails_here_before_the_proxy_refuses	ok
test_preflight.BasicWithRolesTest.test_a_shape_the_loader_refuses_is_refused_here_with_the_loaders_sentence	ok
test_preflight.BasicWithRolesTest.test_a_table_the_program_does_not_have_fails_and_names_the_switch	ok
test_preflight.BasicWithRolesTest.test_no_suggestion_is_printed_for_a_package_that_declared_its_roles	ok
test_preflight.BasicWithRolesTest.test_the_binding_row_names_what_every_switch_resolved_to	ok
test_preflight.BasicWithRolesTest.test_the_kept_default_action_is_disclosed_not_refused	ok
test_preflight.BasicWithRolesTest.test_the_message_is_the_one_the_proxy_raises	ok
test_preflight.BasicWithRolesTest.test_the_owned_tables_match_entries_fail_and_each_one_is_named	ok
test_preflight.CompileCheck.test_a_package_without_a_p4_says_there_is_nothing_to_compile	ok
test_preflight.CompileCheck.test_an_absent_compiler_is_neither_pass_nor_fail	ok
test_preflight.EntriesRedCells.test_a_bad_action_name_fails	ok
test_preflight.EntriesRedCells.test_a_bad_match_field_name_fails	ok
test_preflight.EntriesRedCells.test_a_bad_table_name_fails	ok
test_preflight.EntriesRedCells.test_a_default_action_entry_with_a_match_fails	ok
test_preflight.EntriesRedCells.test_a_negative_lpm_prefix_fails	ok
test_preflight.EntriesRedCells.test_a_ternary_match_fails_with_g5_not_done	ok
test_preflight.EntriesRedCells.test_a_value_too_wide_for_its_field_fails	ok
test_preflight.EntriesRedCells.test_an_lpm_prefix_longer_than_the_field_fails	ok
test_preflight.EntriesRedCells.test_an_lpm_value_that_is_not_a_pair_fails	ok
test_preflight.EntriesRedCells.test_an_unknown_action_parameter_fails	ok
test_preflight.EntriesRedCells.test_the_shipped_default_action_entry_is_accepted	ok
test_preflight.ExternalPackage.test_an_external_package_passes_and_says_it_has_no_entries	ok
test_preflight.ExternalPackage.test_an_external_package_with_no_p4info_at_all_fails	ok
test_preflight.FirewallWithRolesTest.test_one_block_resolves_on_both_programs	ok
test_preflight.GreenCells.test_a_freshly_converted_package_passes_every_check	ok
test_preflight.GreenCells.test_it_says_the_entries_are_recorded_and_not_applied	ok
test_preflight.GreenCells.test_the_four_readers_are_each_their_own_row	ok
test_preflight.NdtwinPipelinePackage.test_every_switch_is_null_and_the_row_says_so	ok
test_preflight.NdtwinPipelinePackage.test_with_no_pipeline_the_entries_are_not_compared_to_one	ok
test_preflight.NoSuggestionOnNdtwinsOwnPipelineTest.test_an_all_null_package_gets_no_suggestion	ok
test_preflight.NoSuggestionWhereNothingFitsTest.test_calc_has_no_route_table_so_nothing_is_suggested	ok
test_preflight.OneSwitchPackage.test_a_single_switch_package_passes_every_check	ok
test_preflight.OneSwitchPackage.test_the_zero_link_row_is_a_pass_not_a_failure	ok
test_preflight.PackageRedCells.test_a_device_id_other_than_dpid_fails	ok
test_preflight.PackageRedCells.test_a_grpc_base_other_than_30050_fails	ok
test_preflight.PackageRedCells.test_a_host_whose_name_does_not_match_its_address_fails	ok
test_preflight.PackageRedCells.test_a_missing_package_json_fails	ok
test_preflight.PackageRedCells.test_a_missing_referenced_file_fails	ok
test_preflight.PackageRedCells.test_a_model_that_disagrees_with_package_json_fails	ok
test_preflight.PackageRedCells.test_a_model_the_proxys_reader_refuses_fails	ok
test_preflight.PackageRedCells.test_a_non_null_pipeline_on_a_package_that_carries_none_fails	ok
test_preflight.PackageRedCells.test_a_switch_not_named_after_its_dpid_fails	ok
test_preflight.PackageRedCells.test_a_wrong_format_number_fails_and_stops	ok
test_preflight.PackageRedCells.test_an_unknown_control_plane_mode_fails	ok
test_preflight.PipelineCells.test_a_missing_pipeline_file_fails_and_names_the_switch	ok
test_preflight.PipelineCells.test_a_p4info_naming_a_table_the_bmv2_json_does_not_have_fails	ok
test_preflight.PipelineCells.test_a_p4info_naming_an_action_the_bmv2_json_does_not_have_fails	ok
test_preflight.PipelineCells.test_a_p4info_that_exists_but_does_not_parse_fails_by_name	ok
test_preflight.PipelineCells.test_a_pipeline_escaping_the_package_directory_fails_here_and_not_only_at_bring_up	ok
test_preflight.PipelineCells.test_a_pipeline_missing_one_half_fails	ok
test_preflight.PipelineCells.test_a_pipeline_that_is_a_list_rather_than_an_object_fails	ok
test_preflight.PipelineCells.test_a_ternary_match_says_the_endpoint_answers_501	ok
test_preflight.PipelineCells.test_a_two_program_package_passes_every_check	ok
test_preflight.PipelineCells.test_an_absolute_pipeline_path_fails_here_and_not_only_at_bring_up	ok
test_preflight.PipelineCells.test_each_switch_gets_its_own_row_with_the_p4info_sha_and_the_source	ok
test_preflight.PipelineCells.test_entries_and_pipeline_agreeing_is_its_own_green_row	ok
test_preflight.PipelineCells.test_entries_written_for_another_program_fail	ok
test_preflight.PipelineCells.test_the_printed_sha_is_the_p4infos_own	ok
test_preflight.RenamedRolesTest.test_a_port_too_narrow_for_the_topology_fails_here	ok
test_preflight.RenamedRolesTest.test_the_owned_table_rows_speak_only_of_the_switches_whose_binding_resolved	ok
test_preflight.RenamedRolesTest.test_the_renamed_package_passes_and_binds_the_renamed_names	ok
test_preflight.ReverseControlsTest.test_calc_has_no_ipv4_lpm_and_says_so	ok
test_preflight.ReverseControlsTest.test_multicast_has_no_ipv4_lpm_and_says_so	ok
test_preflight.ReverseControlsTest.test_no_owned_table_row_is_claimed_for_a_table_the_program_does_not_have	ok
test_preflight.TheCooperativeIncludeIsAccepted.test_cooperative_is_possible_on_a_program_that_included_the_header	ok
test_preflight.TheCooperativeRefusal.test_auto_on_the_same_package_is_fine	ok
test_preflight.TheCooperativeRefusal.test_cooperative_on_a_program_with_no_controller_header_fails	ok
test_preflight.TheCooperativeRefusal.test_link_on_the_same_package_is_fine	ok
test_preflight.TheCooperativeRefusal.test_the_failure_names_the_way_out	ok
test_preflight.TheMulticastPackageIsGreen.test_a_clone_session_replica_may_name_the_cpu_port	ok
test_preflight.TheMulticastPackageIsGreen.test_a_clone_session_replica_on_a_port_that_is_neither_fails	ok
test_preflight.TheMulticastPackageIsGreen.test_a_group_id_of_zero_fails	ok
test_preflight.TheMulticastPackageIsGreen.test_a_group_with_no_replicas_fails	ok
test_preflight.TheMulticastPackageIsGreen.test_a_replica_on_a_port_the_model_does_not_build_fails	ok
test_preflight.TheMulticastPackageIsGreen.test_it_converts_and_passes_every_check	ok
test_preflight.TheMulticastPackageIsGreen.test_the_groups_survive_the_conversion	ok
test_preflight.TheMulticastPackageIsGreen.test_the_pre_entries_row_counts_them	ok
test_preflight.TheMulticastPackageIsGreen.test_the_same_port_with_a_second_instance_is_accepted	ok
test_preflight.TheMulticastPackageIsGreen.test_the_same_replica_twice_fails	ok
test_preflight.TheSuggestionTest.test_a_foreign_route_shaped_table_without_roles_gets_one_pasteable_line	ok
test_preflight.TheSuggestionTest.test_the_suggestion_is_not_a_failure	ok
test_preflight.TheSuggestionTest.test_there_is_exactly_one_suggestion_row	ok
test_preflight.TheTelemetryWord.test_a_package_that_declares_nothing_is_a_note_not_a_failure	ok
test_preflight.TheTelemetryWord.test_a_telemetry_that_is_not_an_object_fails	ok
test_preflight.TheTelemetryWord.test_a_word_outside_the_domain_fails	ok
test_preflight.TheTelemetryWord.test_each_word_in_the_domain_is_accepted	ok
test_preflight.ValueWidths.test_a_mac_in_a_32_bit_field_is_refused	ok
test_preflight.ValueWidths.test_a_mac_is_six_bytes_and_an_ipv4_is_four	ok
test_preflight.ValueWidths.test_a_negative_number_is_refused	ok
test_preflight.ValueWidths.test_an_integer_that_does_not_fit_is_refused	ok
test_preflight.ValueWidths.test_the_match_type_names_come_out_of_the_enum	ok
test_run_external_controller.Install.test_every_rewrite_is_printed	ok
test_run_external_controller.Install.test_the_base_class_is_left_alone	ok
test_run_external_controller.Install.test_the_patch_refuses_a_switch_outside_the_package	ok
test_run_external_controller.Install.test_the_patch_rewrites_a_real_construction	ok
test_run_external_controller.Locating.test_a_tree_without_p4runtime_lib_is_refused	ok
test_run_external_controller.Locating.test_the_tutorials_utils_directory_is_found_by_walking_up	ok
test_run_external_controller.Remap.test_a_connection_named_only_by_switch_name_still_lands	ok
test_run_external_controller.Remap.test_a_grpc_base_from_the_package_is_honoured	ok
test_run_external_controller.Remap.test_a_switch_the_package_does_not_declare_is_refused	ok
test_run_external_controller.Remap.test_an_address_outside_the_tutorials_block_is_refused_not_passed_through	ok
test_run_external_controller.Remap.test_device_id_moves_with_the_address	ok
test_run_external_controller.Remap.test_the_address_is_the_pivot_not_the_device_id	ok
test_run_external_controller.Remap.test_the_second_switch_moves_too	ok
test_telemetry_include.TheCommittedP4InfoTest.test_the_exercises_own_table_survived_the_include	ok
test_telemetry_include.TheCommittedP4InfoTest.test_the_five_names_are_there_with_their_widths	ok
test_telemetry_include.TheCommittedP4InfoTest.test_the_ids_are_one_through_five_in_this_program	ok
test_telemetry_include.TheCommittedP4InfoTest.test_the_packet_out_header_is_there_too	ok
test_telemetry_include.TheCommittedP4InfoTest.test_there_is_no_third_controller_header	ok
test_telemetry_include.TheFixtureIsTheSolutionPlusTheIncludeTest.test_every_edit_against_the_solution_is_accounted_for	ok
test_telemetry_include.TheFixtureIsTheSolutionPlusTheIncludeTest.test_nothing_was_removed_from_the_solution	ok
test_telemetry_include.TheFixtureIsTheSolutionPlusTheIncludeTest.test_the_forward_action_is_the_solutions_word_for_word	ok
test_telemetry_include.TheFixtureIsTheSolutionPlusTheIncludeTest.test_the_ipv4_lpm_table_is_the_solutions_word_for_word	ok
test_telemetry_include.TheIncludeAndNdtwinSwitchAgreeTest.test_ndtwin_switch_does_not_include_the_new_file	ok
test_telemetry_include.TheIncludeAndNdtwinSwitchAgreeTest.test_packet_in_header_t_is_declared_identically_in_both	ok
test_telemetry_include.TheIncludeAndNdtwinSwitchAgreeTest.test_packet_out_header_t_is_declared_identically_in_both	ok
test_telemetry_include.TheIncludeAndNdtwinSwitchAgreeTest.test_the_session_the_rate_and_the_cpu_port_agree	ok
test_telemetry_include.TheIncludeCompilesTest.test_the_committed_p4info_is_the_one_this_compiler_produces	ok
test_telemetry_include.TheIncludeCompilesTest.test_the_fixture_compiles	ok
test_telemetry_include.TheIncludeCompilesTest.test_the_freshly_compiled_p4info_carries_the_five_names	ok
test_telemetry_include.TheIncludeCompilesTest.test_the_solution_without_the_include_declares_no_controller_header	ok
