rep	prio	sample	t_since_post_ms	req_ms	n_entries	n_phantom	n_real
0	910	0	64.3	41.0	1283	1	0
0	910	1	121.3	47.1	1283	1	0
0	910	2	164.0	35.0	1283	1	0
0	910	3	203.0	32.0	1283	1	0
0	910	4	241.8	32.1	1283	1	0
0	910	5	281.5	32.2	1283	1	0
0	910	6	320.5	32.3	1283	1	0
0	910	7	360.0	33.9	1283	1	0
0	910	8	400.3	32.9	1283	1	0
0	910	9	439.6	32.5	1283	1	0
0	910	10	479.1	32.1	1283	1	0
0	910	11	522.0	34.5	1283	1	0
0	910	12	582.7	53.2	1283	1	0
0	910	13	625.1	33.4	1283	1	0
0	910	14	670.5	37.5	1283	1	0
0	910	15	712.3	34.8	1283	1	0
0	910	16	754.8	35.4	1283	1	0
0	910	17	796.9	35.1	1283	1	0
0	910	18	838.8	34.9	1283	1	0
0	910	19	880.8	35.0	1283	1	0
0	910	20	923.3	35.5	1283	1	0
0	910	21	965.0	34.7	1283	1	0
0	910	22	1006.3	35.2	1283	1	0
0	910	23	1046.9	34.7	1283	1	0
0	910	24	1086.8	34.0	1283	1	0
0	910	25	1126.1	33.7	1283	1	0
0	910	26	1164.6	32.8	1283	1	0
0	910	27	1207.2	37.0	1283	1	0
0	910	28	1248.8	34.0	1283	1	0
0	910	29	1288.0	32.4	1283	1	0
0	910	30	1329.5	33.4	1283	1	0
0	910	31	1370.6	33.2	1283	1	0
0	910	32	1413.4	34.5	1283	1	0
0	910	33	1453.9	33.2	1283	1	0
0	910	34	1493.8	32.8	1283	1	0
0	910	35	1534.5	32.9	1283	1	0
0	910	36	1596.4	53.4	1283	1	0
0	910	37	1646.2	42.5	1283	1	0
0	910	38	1689.1	35.7	1283	1	0
0	910	39	1731.1	34.4	1283	1	0
0	910	40	1772.8	34.6	1283	1	0
0	910	41	1814.3	34.3	1283	1	0
0	910	42	1859.0	37.4	1283	1	0
0	910	43	1900.5	35.6	1283	1	0
0	910	44	1945.1	37.3	1283	1	0
0	910	45	1987.0	34.5	1283	1	0
0	910	46	2027.4	34.6	1283	1	0
0	910	47	2071.6	34.7	1283	1	0
0	910	48	2121.0	41.9	1283	1	0
0	910	49	2169.7	42.7	1283	1	0
0	910	50	2213.3	35.7	1283	1	0
0	910	51	2253.5	32.7	1283	1	0
0	910	52	2294.3	33.0	1283	1	0
0	910	53	2334.5	32.9	1283	1	0
0	910	54	2374.1	32.7	1283	1	0
0	910	55	2415.2	32.6	1283	1	0
0	910	56	2456.5	34.2	1283	1	0
0	910	57	2496.7	32.3	1283	1	0
0	910	58	2537.0	33.2	1283	1	0
0	910	59	2599.1	53.9	1283	1	0
0	910	60	2639.9	33.0	1283	1	0
0	910	61	2680.9	32.5	1283	1	0
0	910	62	2722.4	34.3	1283	1	0
0	910	63	2765.2	35.6	1283	1	0
0	910	64	2803.9	32.9	1283	1	0
0	910	65	2842.2	32.5	1283	1	0
0	910	66	2880.9	33.0	1283	1	0
0	910	67	2916.6	30.4	1283	1	0
0	910	68	2948.6	27.2	1283	1	0
0	910	69	2976.9	23.9	1283	1	0
0	910	70	3002.0	21.1	1283	1	0
0	910	71	3550.4	38.1	1283	1	0
0	910	72	4096.7	38.7	1283	1	0
0	910	73	4640.8	38.1	1283	1	0
0	910	74	5184.5	37.4	1283	1	0
0	910	75	5729.0	36.5	1283	1	0
0	910	76	6276.3	39.8	1282	0	0
0	910	77	6824.6	38.4	1282	0	0
0	910	78	7375.5	38.7	1282	0	0
0	910	79	7933.7	50.2	1282	0	0
0	910	80	8474.9	35.2	1282	0	0
0	910	81	9028.5	45.6	1282	0	0
0	910	82	9580.3	44.1	1282	0	0
0	910	83	10133.0	43.2	1282	0	0
0	910	84	10678.8	36.4	1282	0	0
0	910	85	11227.4	40.8	1282	0	0
0	910	86	11773.0	37.9	1282	0	0
0	910	87	12320.4	39.0	1282	0	0
0	910	88	12872.6	42.0	1282	0	0
0	910	89	13420.5	39.6	1282	0	0
0	910	90	13967.3	38.7	1282	0	0
0	910	91	14511.8	37.3	1282	0	0
0	910	92	15056.1	36.9	1282	0	0
0	910	93	15596.9	32.1	1282	0	0
0	910	94	16138.5	35.2	1282	0	0
0	910	95	16680.5	34.9	1282	0	0
0	910	96	17229.0	40.6	1282	0	0
0	910	97	17772.9	36.4	1282	0	0
1	911	0	45.5	39.2	1283	1	0
1	911	1	87.0	33.8	1283	1	0
1	911	2	131.5	38.3	1283	1	0
1	911	3	172.6	33.9	1283	1	0
1	911	4	214.5	34.7	1283	1	0
1	911	5	257.9	35.9	1283	1	0
1	911	6	323.9	59.7	1283	1	0
1	911	7	365.7	34.7	1283	1	0
1	911	8	411.2	35.0	1283	1	0
1	911	9	453.3	33.4	1283	1	0
1	911	10	494.6	32.8	1283	1	0
1	911	11	542.2	41.4	1283	1	0
1	911	12	586.1	35.9	1283	1	0
1	911	13	626.7	32.9	1283	1	0
1	911	14	671.3	34.1	1283	1	0
1	911	15	719.0	39.6	1283	1	0
1	911	16	760.1	35.3	1283	1	0
1	911	17	802.7	35.8	1283	1	0
1	911	18	846.6	35.8	1283	1	0
1	911	19	889.3	35.2	1283	1	0
1	911	20	931.1	34.4	1283	1	0
1	911	21	972.5	34.0	1283	1	0
1	911	22	1013.9	34.6	1283	1	0
1	911	23	1062.5	37.1	1283	1	0
1	911	24	1112.9	43.6	1283	1	0
1	911	25	1156.6	37.3	1283	1	0
1	911	26	1198.7	34.7	1283	1	0
1	911	27	1239.9	33.8	1283	1	0
1	911	28	1303.7	56.4	1283	1	0
1	911	29	1345.3	34.4	1283	1	0
1	911	30	1388.8	35.9	1283	1	0
1	911	31	1438.6	40.5	1283	1	0
1	911	32	1479.2	34.5	1283	1	0
1	911	33	1522.9	36.3	1283	1	0
1	911	34	1564.0	34.0	1283	1	0
1	911	35	1607.1	34.6	1283	1	0
1	911	36	1647.9	34.1	1283	1	0
1	911	37	1689.8	35.6	1283	1	0
1	911	38	1733.0	36.8	1283	1	0
1	911	39	1773.1	32.9	1283	1	0
1	911	40	1817.8	37.9	1283	1	0
1	911	41	1864.8	39.5	1283	1	0
1	911	42	1905.6	32.7	1283	1	0
1	911	43	1945.4	32.8	1283	1	0
1	911	44	1986.9	33.3	1283	1	0
1	911	45	2027.1	33.0	1283	1	0
1	911	46	2068.0	32.8	1283	1	0
1	911	47	2109.8	33.4	1283	1	0
1	911	48	2155.3	35.5	1283	1	0
1	911	49	2200.9	37.9	1283	1	0
1	911	50	2243.3	35.1	1283	1	0
1	911	51	2373.0	123.6	1283	1	0
1	911	52	2419.0	38.6	1283	1	0
1	911	53	2461.2	34.6	1283	1	0
1	911	54	2503.8	34.6	1283	1	0
1	911	55	2545.5	34.5	1283	1	0
1	911	56	2588.5	35.4	1283	1	0
1	911	57	2629.6	33.9	1283	1	0
1	911	58	2670.9	33.6	1283	1	0
1	911	59	2714.6	35.5	1283	1	0
1	911	60	2758.5	36.6	1283	1	0
1	911	61	2799.4	33.5	1283	1	0
1	911	62	2840.2	33.1	1283	1	0
1	911	63	2880.6	33.1	1283	1	0
1	911	64	2921.4	33.1	1283	1	0
1	911	65	2961.8	33.1	1283	1	0
1	911	66	3002.3	33.0	1283	1	0
1	911	67	3558.9	48.9	1283	1	0
1	911	68	4105.2	38.3	1283	1	0
1	911	69	4650.3	37.2	1283	1	0
1	911	70	5195.5	37.5	1283	1	0
1	911	71	5744.0	37.5	1283	1	0
1	911	72	6299.9	47.8	1283	1	0
1	911	73	6844.6	36.6	1283	1	0
1	911	74	7390.4	38.0	1283	1	0
1	911	75	7936.3	37.5	1283	1	0
1	911	76	8485.7	42.3	1283	1	0
1	911	77	9033.6	41.5	1283	1	0
1	911	78	9579.3	37.6	1282	0	0
1	911	79	10130.5	41.3	1282	0	0
1	911	80	10677.3	38.9	1282	0	0
1	911	81	11225.0	41.2	1282	0	0
1	911	82	11769.0	36.0	1282	0	0
1	911	83	12391.3	111.0	1282	0	0
1	911	84	12937.8	39.3	1282	0	0
1	911	85	13480.1	36.2	1282	0	0
1	911	86	14028.0	40.9	1282	0	0
1	911	87	14570.9	36.7	1282	0	0
1	911	88	15113.9	36.8	1282	0	0
1	911	89	15656.1	36.2	1282	0	0
1	911	90	16199.1	37.1	1282	0	0
1	911	91	16744.2	37.7	1282	0	0
1	911	92	17302.6	49.6	1282	0	0
1	911	93	17846.4	36.2	1282	0	0
2	912	0	48.6	41.0	1283	1	0
2	912	1	97.9	34.6	1283	1	0
2	912	2	141.8	33.9	1283	1	0
2	912	3	184.0	33.7	1283	1	0
2	912	4	225.9	33.2	1283	1	0
2	912	5	266.3	33.4	1283	1	0
2	912	6	311.8	34.0	1283	1	0
2	912	7	353.5	33.1	1283	1	0
2	912	8	405.7	41.5	1283	1	0
2	912	9	449.1	36.5	1283	1	0
2	912	10	489.3	34.1	1283	1	0
2	912	11	535.5	38.1	1283	1	0
2	912	12	578.2	35.3	1283	1	0
2	912	13	628.8	42.4	1283	1	0
2	912	14	673.4	36.8	1283	1	0
2	912	15	716.7	35.3	1283	1	0
2	912	16	762.3	38.2	1283	1	0
2	912	17	805.8	35.2	1283	1	0
2	912	18	849.1	35.0	1283	1	0
2	912	19	893.0	35.2	1283	1	0
2	912	20	965.6	62.9	1283	1	0
2	912	21	1009.7	35.7	1283	1	0
2	912	22	1056.4	37.6	1283	1	0
2	912	23	1097.4	33.6	1283	1	0
2	912	24	1142.5	37.0	1283	1	0
2	912	25	1190.0	36.6	1283	1	0
2	912	26	1241.5	40.4	1283	1	0
2	912	27	1286.1	36.7	1283	1	0
2	912	28	1333.9	39.8	1283	1	0
2	912	29	1381.4	37.7	1283	1	0
2	912	30	1424.2	36.0	1283	1	0
2	912	31	1469.2	39.0	1283	1	0
2	912	32	1510.5	35.0	1283	1	0
2	912	33	1552.9	35.2	1283	1	0
2	912	34	1599.9	40.8	1283	1	0
2	912	35	1649.8	42.7	1282	0	0
2	912	36	1696.1	38.8	1282	0	0
2	912	37	1738.8	33.1	1282	0	0
2	912	38	1779.0	32.9	1282	0	0
2	912	39	1824.7	33.0	1282	0	0
2	912	40	1868.6	33.5	1282	0	0
2	912	41	1909.4	32.5	1282	0	0
2	912	42	1970.8	52.7	1282	0	0
2	912	43	2011.1	33.2	1282	0	0
2	912	44	2053.7	34.0	1282	0	0
2	912	45	2093.9	32.9	1282	0	0
2	912	46	2135.1	34.8	1282	0	0
2	912	47	2178.7	37.6	1282	0	0
2	912	48	2219.1	33.7	1282	0	0
2	912	49	2259.8	33.6	1282	0	0
2	912	50	2299.3	33.4	1282	0	0
2	912	51	2337.0	31.6	1282	0	0
2	912	52	2374.7	31.8	1282	0	0
2	912	53	2411.6	31.2	1282	0	0
2	912	54	2444.8	28.1	1282	0	0
2	912	55	2474.6	25.0	1282	0	0
2	912	56	2501.7	22.7	1282	0	0
2	912	57	2527.4	21.7	1282	0	0
2	912	58	2549.9	18.9	1282	0	0
2	912	59	2570.4	17.2	1282	0	0
2	912	60	2589.3	15.7	1282	0	0
2	912	61	2612.5	15.5	1282	0	0
2	912	62	2647.0	18.8	1282	0	0
2	912	63	2678.5	24.2	1282	0	0
2	912	64	2711.9	25.9	1282	0	0
2	912	65	2747.6	28.0	1282	0	0
2	912	66	2785.2	29.4	1282	0	0
2	912	67	2825.8	32.7	1282	0	0
2	912	68	2867.4	33.0	1282	0	0
2	912	69	2915.6	38.0	1282	0	0
2	912	70	2976.2	53.3	1282	0	0
2	912	71	3023.8	38.2	1282	0	0
2	912	72	3570.9	38.7	1282	0	0
2	912	73	4120.4	39.7	1282	0	0
2	912	74	4666.4	36.9	1282	0	0
2	912	75	5210.4	35.5	1282	0	0
2	912	76	5756.6	38.1	1282	0	0
2	912	77	6301.8	36.1	1282	0	0
2	912	78	6852.4	41.6	1282	0	0
2	912	79	7406.5	45.0	1282	0	0
2	912	80	7953.3	38.1	1282	0	0
2	912	81	8497.0	36.1	1282	0	0
2	912	82	9044.6	37.8	1282	0	0
2	912	83	9589.4	37.3	1282	0	0
2	912	84	10132.8	37.1	1282	0	0
2	912	85	10679.1	38.8	1282	0	0
2	912	86	11231.7	42.6	1282	0	0
2	912	87	11786.2	43.7	1282	0	0
2	912	88	12334.8	39.2	1282	0	0
2	912	89	12882.9	39.4	1282	0	0
2	912	90	13431.4	38.5	1282	0	0
2	912	91	13979.5	39.7	1282	0	0
2	912	92	14527.6	37.7	1282	0	0
2	912	93	15074.0	39.3	1282	0	0
2	912	94	15623.2	38.6	1282	0	0
2	912	95	16172.2	39.5	1282	0	0
2	912	96	16719.5	38.7	1282	0	0
2	912	97	17271.2	43.5	1282	0	0
2	912	98	17814.9	36.9	1282	0	0
3	913	0	45.6	35.9	1283	1	0
3	913	1	89.4	34.5	1283	1	0
3	913	2	130.7	32.8	1283	1	0
3	913	3	175.3	34.0	1283	1	0
3	913	4	218.1	34.4	1283	1	0
3	913	5	258.9	33.4	1283	1	0
3	913	6	301.4	33.1	1283	1	0
3	913	7	346.0	34.1	1283	1	0
3	913	8	384.8	32.7	1283	1	0
3	913	9	423.0	32.2	1283	1	0
3	913	10	461.7	32.7	1283	1	0
3	913	11	500.4	32.4	1283	1	0
3	913	12	539.2	32.6	1283	1	0
3	913	13	580.4	33.6	1283	1	0
3	913	14	644.2	56.6	1283	1	0
3	913	15	685.0	32.9	1283	1	0
3	913	16	726.7	33.8	1283	1	0
3	913	17	769.4	34.0	1283	1	0
3	913	18	809.9	33.1	1283	1	0
3	913	19	855.1	37.1	1283	1	0
3	913	20	897.0	33.5	1283	1	0
3	913	21	941.8	34.2	1283	1	0
3	913	22	985.2	34.5	1283	1	0
3	913	23	1027.5	33.4	1283	1	0
3	913	24	1071.5	33.8	1283	1	0
3	913	25	1116.3	35.0	1283	1	0
3	913	26	1157.0	32.8	1283	1	0
3	913	27	1199.1	33.2	1283	1	0
3	913	28	1239.9	33.0	1283	1	0
3	913	29	1282.3	33.2	1283	1	0
3	913	30	1324.4	33.7	1283	1	0
3	913	31	1366.7	33.3	1283	1	0
3	913	32	1407.7	32.8	1283	1	0
3	913	33	1450.7	34.3	1283	1	0
3	913	34	1491.1	32.9	1283	1	0
3	913	35	1534.4	34.3	1283	1	0
3	913	36	1576.8	34.4	1283	1	0
3	913	37	1639.0	54.4	1283	1	0
3	913	38	1680.5	33.2	1283	1	0
3	913	39	1721.5	33.1	1283	1	0
3	913	40	1762.8	33.7	1283	1	0
3	913	41	1804.6	34.2	1283	1	0
3	913	42	1846.4	34.5	1283	1	0
3	913	43	1891.7	34.6	1283	1	0
3	913	44	1933.7	33.9	1283	1	0
3	913	45	1976.6	34.9	1283	1	0
3	913	46	2018.8	34.5	1283	1	0
3	913	47	2061.9	35.0	1283	1	0
3	913	48	2106.5	35.4	1283	1	0
3	913	49	2151.7	36.5	1283	1	0
3	913	50	2193.8	34.3	1283	1	0
3	913	51	2236.3	34.1	1283	1	0
3	913	52	2276.3	32.7	1283	1	0
3	913	53	2318.6	33.5	1283	1	0
3	913	54	2359.1	33.2	1283	1	0
3	913	55	2401.5	33.7	1283	1	0
3	913	56	2442.5	33.9	1283	1	0
3	913	57	2484.7	33.5	1283	1	0
3	913	58	2526.9	33.5	1283	1	0
3	913	59	2571.0	34.1	1283	1	0
3	913	60	2631.2	51.7	1283	1	0
3	913	61	2672.1	33.1	1283	1	0
3	913	62	2715.0	34.0	1283	1	0
3	913	63	2756.8	33.2	1283	1	0
3	913	64	2799.7	33.6	1283	1	0
3	913	65	2840.6	32.9	1283	1	0
3	913	66	2882.7	33.5	1283	1	0
3	913	67	2925.4	33.7	1283	1	0
3	913	68	2969.7	34.0	1283	1	0
3	913	69	3010.4	33.1	1283	1	0
3	913	70	3555.2	36.7	1283	1	0
3	913	71	4101.3	36.3	1283	1	0
3	913	72	4649.0	37.3	1283	1	0
3	913	73	5196.8	38.4	1282	0	0
3	913	74	5744.3	39.2	1282	0	0
3	913	75	6297.3	43.0	1282	0	0
3	913	76	6843.0	37.1	1282	0	0
3	913	77	7392.3	41.4	1282	0	0
3	913	78	7939.7	41.1	1282	0	0
3	913	79	8488.2	39.8	1282	0	0
3	913	80	9034.2	37.6	1282	0	0
3	913	81	9579.3	37.6	1282	0	0
3	913	82	10127.5	37.7	1282	0	0
3	913	83	10678.0	40.1	1282	0	0
3	913	84	11225.9	37.2	1282	0	0
3	913	85	11772.4	37.7	1282	0	0
3	913	86	12318.1	36.8	1282	0	0
3	913	87	12863.6	37.1	1282	0	0
3	913	88	13407.8	36.5	1282	0	0
3	913	89	13955.2	39.0	1282	0	0
3	913	90	14501.3	36.9	1282	0	0
3	913	91	15047.7	38.4	1282	0	0
3	913	92	15598.9	41.9	1282	0	0
3	913	93	16145.7	38.9	1282	0	0
3	913	94	16693.3	37.2	1282	0	0
3	913	95	17257.2	54.6	1282	0	0
3	913	96	17808.5	38.7	1282	0	0
4	914	0	50.2	41.3	1283	1	0
4	914	1	101.7	41.4	1283	1	0
4	914	2	146.7	37.8	1283	1	0
4	914	3	190.3	35.6	1283	1	0
4	914	4	240.4	41.7	1283	1	0
4	914	5	286.9	35.4	1283	1	0
4	914	6	350.7	54.7	1283	1	0
4	914	7	395.7	34.3	1283	1	0
4	914	8	437.9	34.0	1283	1	0
4	914	9	481.1	34.5	1283	1	0
4	914	10	523.6	34.0	1283	1	0
4	914	11	569.1	36.6	1283	1	0
4	914	12	612.2	36.0	1283	1	0
4	914	13	654.7	35.0	1283	1	0
4	914	14	701.1	39.6	1283	1	0
4	914	15	746.4	36.7	1283	1	0
4	914	16	788.7	35.7	1283	1	0
4	914	17	833.4	34.6	1283	1	0
4	914	18	874.2	33.1	1283	1	0
4	914	19	913.8	33.6	1283	1	0
4	914	20	952.5	32.7	1283	1	0
4	914	21	990.4	32.0	1283	1	0
4	914	22	1028.6	32.3	1283	1	0
4	914	23	1067.4	32.4	1283	1	0
4	914	24	1105.9	32.6	1283	1	0
4	914	25	1144.5	32.5	1283	1	0
4	914	26	1183.0	32.8	1283	1	0
4	914	27	1218.3	30.1	1283	1	0
4	914	28	1253.1	26.7	1283	1	0
4	914	29	1322.3	62.9	1283	1	0
4	914	30	1365.7	36.0	1283	1	0
4	914	31	1413.0	40.2	1283	1	0
4	914	32	1457.4	36.4	1283	1	0
4	914	33	1498.2	33.3	1283	1	0
4	914	34	1539.6	33.4	1283	1	0
4	914	35	1580.4	32.6	1283	1	0
4	914	36	1621.9	33.1	1283	1	0
4	914	37	1663.2	34.5	1283	1	0
4	914	38	1706.5	36.0	1283	1	0
4	914	39	1747.6	33.7	1283	1	0
4	914	40	1791.0	33.9	1283	1	0
4	914	41	1837.5	36.7	1283	1	0
4	914	42	1878.4	33.0	1283	1	0
4	914	43	1928.9	39.9	1283	1	0
4	914	44	1970.1	34.7	1283	1	0
4	914	45	2012.7	34.2	1283	1	0
4	914	46	2058.9	37.9	1283	1	0
4	914	47	2101.2	33.4	1283	1	0
4	914	48	2143.0	32.6	1283	1	0
4	914	49	2184.7	33.3	1283	1	0
4	914	50	2227.3	33.7	1283	1	0
4	914	51	2269.9	33.6	1283	1	0
4	914	52	2332.4	56.1	1283	1	0
4	914	53	2371.8	32.4	1283	1	0
4	914	54	2416.5	38.7	1283	1	0
4	914	55	2470.0	43.7	1283	1	0
4	914	56	2512.3	34.5	1283	1	0
4	914	57	2554.9	33.4	1283	1	0
4	914	58	2601.4	37.6	1283	1	0
4	914	59	2647.3	37.2	1283	1	0
4	914	60	2692.2	37.0	1283	1	0
4	914	61	2734.9	34.2	1283	1	0
4	914	62	2776.4	33.3	1283	1	0
4	914	63	2818.8	33.6	1283	1	0
4	914	64	2859.8	33.4	1283	1	0
4	914	65	2902.2	33.4	1283	1	0
4	914	66	2943.5	33.2	1283	1	0
4	914	67	2985.7	33.1	1283	1	0
4	914	68	3027.6	33.7	1283	1	0
4	914	69	3578.6	43.1	1283	1	0
4	914	70	4130.3	43.3	1283	1	0
4	914	71	4677.6	40.0	1283	1	0
4	914	72	5223.6	37.2	1283	1	0
4	914	73	5769.7	37.4	1283	1	0
4	914	74	6330.6	53.5	1283	1	0
4	914	75	6877.1	38.6	1283	1	0
4	914	76	7431.4	43.2	1283	1	0
4	914	77	7985.2	42.2	1283	1	0
4	914	78	8529.5	36.5	1282	0	0
4	914	79	9077.0	38.8	1282	0	0
4	914	80	9626.9	41.3	1282	0	0
4	914	81	10172.1	37.2	1282	0	0
4	914	82	10718.1	38.3	1282	0	0
4	914	83	11267.9	41.1	1282	0	0
4	914	84	11815.9	38.1	1282	0	0
4	914	85	12359.2	35.3	1282	0	0
4	914	86	12904.7	37.7	1282	0	0
4	914	87	13452.0	37.6	1282	0	0
4	914	88	13995.2	36.6	1282	0	0
4	914	89	14544.7	41.9	1282	0	0
4	914	90	15088.8	37.1	1282	0	0
4	914	91	15641.8	42.8	1282	0	0
4	914	92	16194.4	43.7	1282	0	0
4	914	93	16741.0	38.2	1282	0	0
4	914	94	17287.7	38.9	1282	0	0
4	914	95	17835.8	39.5	1282	0	0
5	915	0	42.7	36.3	1283	1	0
5	915	1	81.9	33.1	1283	1	0
5	915	2	122.3	34.4	1283	1	0
5	915	3	162.9	34.3	1283	1	0
5	915	4	204.2	34.6	1283	1	0
5	915	5	244.4	34.0	1283	1	0
5	915	6	289.0	37.4	1283	1	0
5	915	7	330.4	35.3	1283	1	0
5	915	8	378.8	38.7	1283	1	0
5	915	9	424.6	38.9	1283	1	0
5	915	10	467.6	36.6	1283	1	0
5	915	11	518.1	38.9	1283	1	0
5	915	12	569.2	40.7	1283	1	0
5	915	13	615.0	37.3	1283	1	0
5	915	14	655.4	34.3	1283	1	0
5	915	15	694.2	32.6	1283	1	0
5	915	16	733.2	33.1	1283	1	0
5	915	17	772.0	32.8	1283	1	0
5	915	18	809.1	31.3	1283	1	0
5	915	19	846.2	31.5	1283	1	0
5	915	20	888.2	36.1	1283	1	0
5	915	21	937.4	41.5	1283	1	0
5	915	22	1014.1	67.4	1283	1	0
5	915	23	1063.1	37.1	1283	1	0
5	915	24	1109.4	40.0	1283	1	0
5	915	25	1151.2	35.4	1282	0	0
5	915	26	1190.7	33.4	1282	0	0
5	915	27	1232.7	34.6	1282	0	0
5	915	28	1273.0	32.6	1282	0	0
5	915	29	1314.5	33.2	1282	0	0
5	915	30	1354.7	32.8	1282	0	0
5	915	31	1402.7	40.1	1282	0	0
5	915	32	1448.3	34.9	1282	0	0
5	915	33	1494.7	37.7	1282	0	0
5	915	34	1534.7	32.3	1282	0	0
5	915	35	1576.3	32.7	1282	0	0
5	915	36	1623.7	32.7	1282	0	0
5	915	37	1663.7	32.3	1282	0	0
5	915	38	1708.0	34.0	1282	0	0
5	915	39	1753.4	37.1	1282	0	0
5	915	40	1793.0	32.1	1282	0	0
5	915	41	1833.4	31.6	1282	0	0
5	915	42	1873.3	32.9	1282	0	0
5	915	43	1913.7	32.3	1282	0	0
5	915	44	1992.3	72.1	1282	0	0
5	915	45	2036.3	36.7	1282	0	0
5	915	46	2085.5	42.1	1282	0	0
5	915	47	2124.1	32.6	1282	0	0
5	915	48	2165.9	33.7	1282	0	0
5	915	49	2209.9	34.0	1282	0	0
5	915	50	2254.6	37.4	1282	0	0
5	915	51	2295.5	34.6	1282	0	0
5	915	52	2346.9	41.7	1282	0	0
5	915	53	2390.6	36.8	1282	0	0
5	915	54	2428.7	32.2	1282	0	0
5	915	55	2466.6	32.0	1282	0	0
5	915	56	2504.4	32.0	1282	0	0
5	915	57	2542.3	32.1	1282	0	0
5	915	58	2580.2	31.8	1282	0	0
5	915	59	2617.6	31.5	1282	0	0
5	915	60	2655.2	31.7	1282	0	0
5	915	61	2688.6	28.3	1282	0	0
5	915	62	2718.6	25.2	1282	0	0
5	915	63	2745.6	22.9	1282	0	0
5	915	64	2774.1	21.8	1282	0	0
5	915	65	2808.0	23.7	1282	0	0
5	915	66	2842.9	27.3	1282	0	0
5	915	67	2880.2	29.2	1282	0	0
5	915	68	2918.0	30.5	1282	0	0
5	915	69	2967.1	41.4	1282	0	0
5	915	70	3001.9	27.1	1282	0	0
5	915	71	3547.6	37.3	1282	0	0
5	915	72	4098.0	42.1	1282	0	0
5	915	73	4645.6	39.2	1282	0	0
5	915	74	5189.1	37.0	1282	0	0
5	915	75	5737.4	37.7	1282	0	0
5	915	76	6283.7	37.8	1282	0	0
5	915	77	6829.8	37.7	1282	0	0
5	915	78	7376.2	38.6	1282	0	0
5	915	79	7921.2	36.7	1282	0	0
5	915	80	8474.1	41.1	1282	0	0
5	915	81	9021.1	38.2	1282	0	0
5	915	82	9569.7	37.8	1282	0	0
5	915	83	10118.1	38.4	1282	0	0
5	915	84	10664.2	39.1	1282	0	0
5	915	85	11214.8	41.8	1282	0	0
5	915	86	11760.2	37.1	1282	0	0
5	915	87	12308.4	39.6	1282	0	0
5	915	88	12856.1	37.2	1282	0	0
5	915	89	13401.6	38.1	1282	0	0
5	915	90	13945.7	37.0	1282	0	0
5	915	91	14491.9	38.7	1282	0	0
5	915	92	15037.5	37.1	1282	0	0
5	915	93	15583.6	37.9	1282	0	0
5	915	94	16130.0	37.2	1282	0	0
5	915	95	16674.4	36.4	1282	0	0
5	915	96	17222.7	35.9	1282	0	0
5	915	97	17769.6	39.9	1282	0	0
