epoch	10.0.0.220:ph/prog	10.0.0.221:ph/prog	10.0.0.222:ph/prog	10.0.0.223:ph/prog
1788095162.288	1/0	0/0	0/0	0/0
1788095162.346	1/0	0/0	0/0	0/0
1788095162.386	1/0	0/0	0/0	0/0
1788095162.425	1/0	0/0	0/0	0/0
1788095162.472	1/0	0/0	0/0	0/0
1788095162.520	1/0	0/0	0/0	0/0
1788095162.568	1/0	0/0	0/0	0/0
1788095162.618	1/0	0/0	0/0	0/0
1788095162.667	1/0	0/0	0/0	0/0
1788095162.709	1/0	0/0	0/0	0/0
1788095162.754	1/0	0/0	0/0	0/0
1788095162.799	1/0	0/0	0/0	0/0
1788095162.853	1/0	0/0	0/0	0/0
1788095162.896	1/0	0/0	0/0	0/0
1788095162.941	1/0	0/0	0/0	0/0
1788095162.989	1/0	0/0	0/0	0/0
1788095163.035	1/0	0/0	0/0	0/0
1788095163.076	1/0	0/0	0/0	0/0
1788095163.115	1/0	0/0	0/0	0/0
1788095163.158	1/0	0/0	0/0	0/0
1788095163.201	1/0	0/0	0/0	0/0
1788095163.242	1/0	0/0	0/0	0/0
1788095163.288	1/0	0/0	0/0	0/0
1788095163.363	1/0	0/0	0/0	0/0
1788095163.411	1/0	0/0	0/0	0/0
1788095163.457	1/0	0/0	0/0	0/0
1788095163.506	1/0	0/0	0/0	0/0
1788095163.554	1/0	0/0	0/0	0/0
1788095163.610	1/0	0/0	0/0	0/0
1788095163.661	1/0	0/0	0/0	0/0
1788095163.709	1/0	0/0	0/0	0/0
1788095163.761	1/0	0/0	0/0	0/0
1788095163.804	1/0	0/0	0/0	0/0
1788095163.852	0/1	0/0	0/0	0/0
1788095163.894	0/1	0/0	0/0	0/0
1788095163.937	0/1	0/0	0/0	0/0
1788095163.980	0/1	0/0	0/0	0/0
1788095164.021	0/1	0/0	0/0	0/0
1788095164.063	0/1	0/0	0/0	0/0
1788095164.104	0/1	0/0	0/0	0/0
1788095164.144	0/1	0/0	0/0	0/0
1788095164.186	0/1	0/0	0/0	0/0
1788095164.226	0/1	0/0	0/0	0/0
1788095164.269	0/1	0/0	0/0	0/0
1788095164.340	0/1	0/0	0/0	0/0
1788095164.381	0/1	0/0	0/0	0/0
1788095164.422	0/1	0/0	0/0	0/0
1788095164.465	0/1	0/0	0/0	0/0
1788095164.508	0/1	0/0	0/0	0/0
1788095164.549	0/1	0/0	0/0	0/0
1788095164.593	0/1	0/0	0/0	0/0
1788095164.634	0/1	0/0	0/0	0/0
1788095164.674	0/1	0/0	0/0	0/0
1788095164.716	0/1	0/0	0/0	0/0
1788095164.757	0/1	0/0	0/0	0/0
1788095164.797	0/1	0/0	0/0	0/0
1788095164.839	0/1	0/0	0/0	0/0
1788095164.881	0/1	0/0	0/0	0/0
1788095164.923	0/1	0/0	0/0	0/0
1788095164.962	0/1	0/0	0/0	0/0
1788095165.000	0/1	0/0	0/0	0/0
1788095165.042	0/1	0/0	0/0	0/0
1788095165.089	0/1	0/0	0/0	0/0
1788095165.136	0/1	0/0	0/0	0/0
1788095165.180	0/1	0/0	0/0	0/0
1788095165.221	0/1	0/0	0/0	0/0
1788095165.263	0/1	0/0	0/0	0/0
1788095165.335	0/1	0/0	0/0	0/0
1788095165.380	0/1	0/0	0/0	0/0
1788095165.420	0/1	0/0	0/0	0/0
1788095165.463	0/1	0/0	0/0	0/0
1788095165.505	0/1	0/0	0/0	0/0
1788095165.548	0/1	0/0	0/0	0/0
1788095165.590	0/1	0/0	0/0	0/0
1788095165.631	0/1	0/0	0/0	0/0
1788095165.672	0/1	0/0	0/0	0/0
1788095165.715	0/1	0/0	0/0	0/0
1788095165.756	0/1	0/0	0/0	0/0
1788095165.797	0/1	0/0	0/0	0/0
1788095165.838	0/1	0/0	0/0	0/0
1788095165.880	0/1	0/0	0/0	0/0
1788095165.923	0/1	0/0	0/0	0/0
1788095165.964	0/1	0/0	0/0	0/0
1788095166.005	0/1	0/0	0/0	0/0
1788095166.047	0/1	0/0	0/0	0/0
1788095166.090	0/1	0/0	0/0	0/0
1788095166.136	0/1	0/0	0/0	0/0
1788095166.178	0/1	0/0	0/0	0/0
1788095166.217	0/1	0/0	0/0	0/0
1788095166.262	0/1	0/0	0/0	0/0
1788095166.339	0/1	0/0	0/0	0/0
1788095166.381	0/1	0/0	0/0	0/0
1788095166.423	0/1	0/0	0/0	0/0
1788095166.465	0/1	0/0	0/0	0/0
1788095166.507	0/1	0/0	0/0	0/0
1788095166.548	0/1	0/0	0/0	0/0
1788095166.590	0/1	0/0	0/0	0/0
1788095166.631	0/1	0/0	0/0	0/0
1788095166.673	0/1	0/0	0/0	0/0
1788095166.718	0/1	0/0	0/0	0/0
1788095166.759	0/1	0/0	0/0	0/0
1788095166.800	0/1	0/0	0/0	0/0
1788095166.842	0/1	0/0	0/0	0/0
1788095166.885	0/1	0/0	0/0	0/0
1788095166.928	0/1	0/0	0/0	0/0
1788095166.970	0/1	0/0	0/0	0/0
1788095167.011	0/1	0/0	0/0	0/0
1788095167.050	0/1	0/0	0/0	0/0
1788095167.095	0/1	0/0	0/0	0/0
1788095167.135	0/1	0/0	0/0	0/0
1788095167.177	0/1	0/0	0/0	0/0
1788095167.217	0/1	0/0	0/0	0/0
1788095167.260	0/1	0/0	0/0	0/0
1788095167.307	0/1	1/0	0/0	0/0
1788095167.367	0/1	1/0	0/0	0/0
1788095167.408	0/1	1/0	0/0	0/0
1788095167.449	0/1	1/0	0/0	0/0
1788095167.492	0/1	1/0	0/0	0/0
1788095167.538	0/1	1/0	0/0	0/0
1788095167.582	0/1	1/0	0/0	0/0
1788095167.625	0/1	1/0	0/0	0/0
1788095167.676	0/1	1/0	0/0	0/0
1788095167.721	0/1	1/0	0/0	0/0
1788095167.763	0/1	1/0	0/0	0/0
1788095167.804	0/1	1/0	0/0	0/0
1788095167.852	0/1	1/0	0/0	0/0
1788095167.895	0/1	1/0	0/0	0/0
1788095167.937	0/1	1/0	0/0	0/0
1788095167.979	0/1	1/0	0/0	0/0
1788095168.021	0/1	1/0	0/0	0/0
1788095168.064	0/1	1/0	0/0	0/0
1788095168.112	0/1	1/0	0/0	0/0
1788095168.162	0/1	1/0	0/0	0/0
1788095168.204	0/1	1/0	0/0	0/0
1788095168.245	0/1	1/0	0/0	0/0
1788095168.289	0/1	1/0	0/0	0/0
1788095168.351	0/1	1/0	0/0	0/0
1788095168.393	0/1	1/0	0/0	0/0
1788095168.434	0/1	1/0	0/0	0/0
1788095168.477	0/1	1/0	0/0	0/0
1788095168.519	0/1	1/0	0/0	0/0
1788095168.561	0/1	1/0	0/0	0/0
1788095168.605	0/1	1/0	0/0	0/0
1788095168.646	0/1	1/0	0/0	0/0
1788095168.687	0/1	1/0	0/0	0/0
1788095168.731	0/1	1/0	0/0	0/0
1788095168.773	0/1	1/0	0/0	0/0
1788095168.813	0/1	1/0	0/0	0/0
1788095168.857	0/1	1/0	0/0	0/0
1788095168.903	0/1	1/0	0/0	0/0
1788095168.949	0/1	1/0	0/0	0/0
1788095168.988	0/1	1/0	0/0	0/0
1788095169.028	0/1	1/0	0/0	0/0
1788095169.071	0/1	1/0	0/0	0/0
1788095169.113	0/1	1/0	0/0	0/0
1788095169.155	0/1	1/0	0/0	0/0
1788095169.205	0/1	1/0	0/0	0/0
1788095169.246	0/1	1/0	0/0	0/0
1788095169.288	0/1	1/0	0/0	0/0
1788095169.350	0/1	1/0	0/0	0/0
1788095169.391	0/1	1/0	0/0	0/0
1788095169.437	0/1	1/0	0/0	0/0
1788095169.481	0/1	1/0	0/0	0/0
1788095169.523	0/1	1/0	0/0	0/0
1788095169.567	0/1	1/0	0/0	0/0
1788095169.608	0/1	1/0	0/0	0/0
1788095169.651	0/1	1/0	0/0	0/0
1788095169.694	0/1	1/0	0/0	0/0
1788095169.738	0/1	1/0	0/0	0/0
1788095169.779	0/1	1/0	0/0	0/0
1788095169.822	0/1	1/0	0/0	0/0
1788095169.866	0/1	1/0	0/0	0/0
1788095169.907	0/1	1/0	0/0	0/0
1788095169.947	0/1	1/0	0/0	0/0
1788095169.990	0/1	1/0	0/0	0/0
1788095170.029	0/1	1/0	0/0	0/0
1788095170.071	0/1	1/0	0/0	0/0
1788095170.112	0/1	1/0	0/0	0/0
1788095170.159	0/1	1/0	0/0	0/0
1788095170.204	0/1	1/0	0/0	0/0
1788095170.244	0/1	1/0	0/0	0/0
1788095170.292	0/1	1/0	0/0	0/0
1788095170.349	0/1	1/0	0/0	0/0
1788095170.390	0/1	1/0	0/0	0/0
1788095170.432	0/1	1/0	0/0	0/0
1788095170.473	0/1	1/0	0/0	0/0
1788095170.515	0/1	1/0	0/0	0/0
1788095170.556	0/1	1/0	0/0	0/0
1788095170.598	0/1	1/0	0/0	0/0
1788095170.640	0/1	1/0	0/0	0/0
1788095170.683	0/1	1/0	0/0	0/0
1788095170.727	0/1	1/0	0/0	0/0
1788095170.769	0/1	1/0	0/0	0/0
1788095170.810	0/1	1/0	0/0	0/0
1788095170.852	0/1	1/0	0/0	0/0
1788095170.896	0/1	1/0	0/0	0/0
1788095170.940	0/1	1/0	0/0	0/0
1788095170.982	0/1	1/0	0/0	0/0
1788095171.023	0/1	1/0	0/0	0/0
1788095171.066	0/1	1/0	0/0	0/0
1788095171.109	0/1	1/0	0/0	0/0
1788095171.152	0/1	1/0	0/0	0/0
1788095171.196	0/1	1/0	0/0	0/0
1788095171.239	0/1	1/0	0/0	0/0
1788095171.281	0/1	1/0	0/0	0/0
1788095171.342	0/1	1/0	0/0	0/0
1788095171.388	0/1	1/0	0/0	0/0
1788095171.432	0/1	1/0	0/0	0/0
1788095171.477	0/1	1/0	0/0	0/0
1788095171.520	0/1	1/0	0/0	0/0
1788095171.563	0/1	1/0	0/0	0/0
1788095171.607	0/1	1/0	0/0	0/0
1788095171.649	0/1	1/0	0/0	0/0
1788095171.691	0/1	1/0	0/0	0/0
1788095171.732	0/1	1/0	0/0	0/0
1788095171.774	0/1	1/0	0/0	0/0
1788095171.816	0/1	1/0	0/0	0/0
1788095171.860	0/1	1/0	0/0	0/0
1788095171.901	0/1	1/0	0/0	0/0
1788095171.945	0/1	1/0	0/0	0/0
1788095171.990	0/1	1/0	0/0	0/0
1788095172.032	0/1	1/0	0/0	0/0
1788095172.074	0/1	1/0	0/0	0/0
1788095172.117	0/1	1/0	0/0	0/0
1788095172.161	0/1	1/0	0/0	0/0
1788095172.203	0/1	1/0	0/0	0/0
1788095172.245	0/1	1/0	0/0	0/0
1788095172.290	0/1	1/0	1/0	0/0
1788095172.352	0/1	1/0	1/0	0/0
1788095172.398	0/1	1/0	1/0	0/0
1788095172.444	0/1	1/0	1/0	0/0
1788095172.490	0/1	1/0	1/0	0/0
1788095172.531	0/1	1/0	1/0	0/0
1788095172.573	0/1	1/0	1/0	0/0
1788095172.618	0/1	1/0	1/0	0/0
1788095172.659	0/1	1/0	1/0	0/0
1788095172.701	0/1	1/0	1/0	0/0
1788095172.743	0/1	1/0	1/0	0/0
1788095172.784	0/1	1/0	1/0	0/0
1788095172.825	0/1	1/0	1/0	0/0
1788095172.867	0/1	1/0	1/0	0/0
1788095172.909	0/1	1/0	1/0	0/0
1788095172.951	0/1	1/0	1/0	0/0
1788095172.995	0/1	1/0	1/0	0/0
1788095173.036	0/1	1/0	1/0	0/0
1788095173.078	0/1	1/0	1/0	0/0
1788095173.122	0/1	1/0	1/0	0/0
1788095173.164	0/1	1/0	1/0	0/0
1788095173.206	0/1	1/0	1/0	0/0
1788095173.247	0/1	1/0	1/0	0/0
1788095173.291	0/1	1/0	1/0	0/0
1788095173.352	0/1	1/0	1/0	0/0
1788095173.393	0/1	1/0	1/0	0/0
1788095173.436	0/1	1/0	1/0	0/0
1788095173.488	0/1	1/0	1/0	0/0
1788095173.531	0/1	1/0	1/0	0/0
1788095173.573	0/1	1/0	1/0	0/0
1788095173.617	0/1	1/0	1/0	0/0
1788095173.659	0/1	1/0	1/0	0/0
1788095173.701	0/1	1/0	1/0	0/0
1788095173.749	0/1	1/0	1/0	0/0
1788095173.789	0/1	1/0	1/0	0/0
1788095173.831	0/1	1/0	1/0	0/0
1788095173.873	0/1	1/0	1/0	0/0
1788095173.913	0/1	1/0	1/0	0/0
1788095173.955	0/1	1/0	1/0	0/0
1788095173.996	0/1	1/0	1/0	0/0
1788095174.037	0/1	1/0	1/0	0/0
1788095174.079	0/1	1/0	1/0	0/0
1788095174.120	0/1	1/0	1/0	0/0
1788095174.168	0/1	1/0	1/0	0/0
1788095174.212	0/1	1/0	1/0	0/0
1788095174.255	0/1	1/0	1/0	0/0
1788095174.302	0/1	1/0	1/0	0/0
1788095174.359	0/1	1/0	1/0	0/0
1788095174.412	0/1	1/0	1/0	0/0
1788095174.456	0/1	1/0	1/0	0/0
1788095174.495	0/1	1/0	1/0	0/0
1788095174.535	0/1	1/0	1/0	0/0
1788095174.573	0/1	1/0	1/0	0/0
1788095174.612	0/1	0/1	0/1	0/0
1788095174.649	0/1	0/1	0/1	0/0
1788095174.696	0/1	0/1	0/1	0/0
1788095174.742	0/1	0/1	0/1	0/0
1788095174.784	0/1	0/1	0/1	0/0
1788095174.826	0/1	0/1	0/1	0/0
1788095174.867	0/1	0/1	0/1	0/0
1788095174.908	0/1	0/1	0/1	0/0
1788095174.950	0/1	0/1	0/1	0/0
1788095174.993	0/1	0/1	0/1	0/0
1788095175.033	0/1	0/1	0/1	0/0
1788095175.073	0/1	0/1	0/1	0/0
1788095175.116	0/1	0/1	0/1	0/0
1788095175.158	0/1	0/1	0/1	0/0
1788095175.204	0/1	0/1	0/1	0/0
1788095175.245	0/1	0/1	0/1	0/0
1788095175.288	0/1	0/1	0/1	0/0
1788095175.349	0/1	0/1	0/1	0/0
1788095175.390	0/1	0/1	0/1	0/0
1788095175.431	0/1	0/1	0/1	0/0
1788095175.472	0/1	0/1	0/1	0/0
1788095175.513	0/1	0/1	0/1	0/0
1788095175.557	0/1	0/1	0/1	0/0
1788095175.601	0/1	0/1	0/1	0/0
1788095175.643	0/1	0/1	0/1	0/0
1788095175.685	0/1	0/1	0/1	0/0
1788095175.732	0/1	0/1	0/1	0/0
1788095175.776	0/1	0/1	0/1	0/0
1788095175.822	0/1	0/1	0/1	0/0
1788095175.871	0/1	0/1	0/1	0/0
1788095175.913	0/1	0/1	0/1	0/0
1788095175.956	0/1	0/1	0/1	0/0
1788095175.997	0/1	0/1	0/1	0/0
1788095176.039	0/1	0/1	0/1	0/0
1788095176.085	0/1	0/1	0/1	0/0
1788095176.132	0/1	0/1	0/1	0/0
1788095176.173	0/1	0/1	0/1	0/0
1788095176.216	0/1	0/1	0/1	0/0
1788095176.257	0/1	0/1	0/1	0/0
1788095176.301	0/1	0/1	0/1	0/0
1788095176.373	0/1	0/1	0/1	0/0
1788095176.416	0/1	0/1	0/1	0/0
1788095176.459	0/1	0/1	0/1	0/0
1788095176.501	0/1	0/1	0/1	0/0
1788095176.544	0/1	0/1	0/1	0/0
1788095176.586	0/1	0/1	0/1	0/0
1788095176.632	0/1	0/1	0/1	0/0
1788095176.675	0/1	0/1	0/1	0/0
1788095176.716	0/1	0/1	0/1	0/0
1788095176.756	0/1	0/1	0/1	0/0
1788095176.796	0/1	0/1	0/1	0/0
1788095176.835	0/1	0/1	0/1	0/0
1788095176.874	0/1	0/1	0/1	0/0
1788095176.913	0/1	0/1	0/1	0/0
1788095176.952	0/1	0/1	0/1	0/0
1788095176.994	0/1	0/1	0/1	0/0
1788095177.036	0/1	0/1	0/1	0/0
1788095177.078	0/1	0/1	0/1	0/0
1788095177.122	0/1	0/1	0/1	0/0
1788095177.167	0/1	0/1	0/1	0/0
1788095177.209	0/1	0/1	0/1	0/0
1788095177.250	0/1	0/1	0/1	0/0
1788095177.293	0/1	0/1	0/1	1/0
1788095177.356	0/1	0/1	0/1	1/0
1788095177.400	0/1	0/1	0/1	1/0
1788095177.441	0/1	0/1	0/1	1/0
1788095177.483	0/1	0/1	0/1	1/0
1788095177.523	0/1	0/1	0/1	1/0
1788095177.566	0/1	0/1	0/1	1/0
1788095177.610	0/1	0/1	0/1	1/0
1788095177.652	0/1	0/1	0/1	1/0
1788095177.693	0/1	0/1	0/1	1/0
1788095177.735	0/1	0/1	0/1	1/0
1788095177.778	0/1	0/1	0/1	1/0
1788095177.821	0/1	0/1	0/1	1/0
1788095177.863	0/1	0/1	0/1	1/0
1788095177.909	0/1	0/1	0/1	1/0
1788095177.952	0/1	0/1	0/1	1/0
1788095177.994	0/1	0/1	0/1	1/0
1788095178.036	0/1	0/1	0/1	1/0
1788095178.077	0/1	0/1	0/1	1/0
1788095178.124	0/1	0/1	0/1	1/0
1788095178.177	0/1	0/1	0/1	1/0
1788095178.220	0/1	0/1	0/1	1/0
1788095178.264	0/1	0/1	0/1	1/0
1788095178.335	0/1	0/1	0/1	1/0
1788095178.376	0/1	0/1	0/1	1/0
1788095178.417	0/1	0/1	0/1	1/0
1788095178.459	0/1	0/1	0/1	1/0
1788095178.502	0/1	0/1	0/1	1/0
1788095178.543	0/1	0/1	0/1	1/0
1788095178.588	0/1	0/1	0/1	1/0
1788095178.631	0/1	0/1	0/1	1/0
1788095178.673	0/1	0/1	0/1	1/0
1788095178.717	0/1	0/1	0/1	1/0
1788095178.759	0/1	0/1	0/1	1/0
1788095178.807	0/1	0/1	0/1	1/0
1788095178.850	0/1	0/1	0/1	1/0
1788095178.893	0/1	0/1	0/1	1/0
1788095178.935	0/1	0/1	0/1	1/0
1788095178.978	0/1	0/1	0/1	1/0
1788095179.021	0/1	0/1	0/1	1/0
1788095179.063	0/1	0/1	0/1	1/0
1788095179.105	0/1	0/1	0/1	1/0
1788095179.153	0/1	0/1	0/1	1/0
1788095179.197	0/1	0/1	0/1	1/0
1788095179.239	0/1	0/1	0/1	1/0
1788095179.289	0/1	0/1	0/1	1/0
1788095179.347	0/1	0/1	0/1	1/0
1788095179.389	0/1	0/1	0/1	1/0
1788095179.430	0/1	0/1	0/1	1/0
1788095179.469	0/1	0/1	0/1	1/0
1788095179.509	0/1	0/1	0/1	1/0
1788095179.547	0/1	0/1	0/1	1/0
1788095179.587	0/1	0/1	0/1	1/0
1788095179.627	0/1	0/1	0/1	1/0
1788095179.666	0/1	0/1	0/1	1/0
1788095179.705	0/1	0/1	0/1	1/0
1788095179.745	0/1	0/1	0/1	1/0
1788095179.787	0/1	0/1	0/1	1/0
1788095179.827	0/1	0/1	0/1	1/0
1788095179.866	0/1	0/1	0/1	1/0
1788095179.902	0/1	0/1	0/1	1/0
1788095179.933	0/1	0/1	0/1	1/0
1788095179.961	0/1	0/1	0/1	1/0
1788095179.986	0/1	0/1	0/1	1/0
1788095180.009	0/1	0/1	0/1	1/0
1788095180.030	0/1	0/1	0/1	1/0
1788095180.049	0/1	0/1	0/1	1/0
1788095180.067	0/1	0/1	0/1	1/0
1788095180.084	0/1	0/1	0/1	1/0
1788095180.101	0/1	0/1	0/1	1/0
1788095180.117	0/1	0/1	0/1	1/0
1788095180.134	0/1	0/1	0/1	1/0
1788095180.151	0/1	0/1	0/1	1/0
1788095180.168	0/1	0/1	0/1	1/0
1788095180.185	0/1	0/1	0/1	1/0
1788095180.202	0/1	0/1	0/1	1/0
1788095180.218	0/1	0/1	0/1	1/0
1788095180.252	0/1	0/1	0/1	1/0
1788095180.274	0/1	0/1	0/1	1/0
1788095180.306	0/1	0/1	0/1	1/0
1788095180.323	0/1	0/1	0/1	1/0
1788095180.343	0/1	0/1	0/1	1/0
1788095180.360	0/1	0/1	0/1	1/0
1788095180.402	0/1	0/1	0/1	1/0
1788095180.443	0/1	0/1	0/1	1/0
1788095180.477	0/1	0/1	0/1	1/0
1788095180.520	0/1	0/1	0/1	1/0
1788095180.561	0/1	0/1	0/1	1/0
1788095180.605	0/1	0/1	0/1	1/0
1788095180.648	0/1	0/1	0/1	1/0
1788095180.691	0/1	0/1	0/1	1/0
1788095180.736	0/1	0/1	0/1	1/0
1788095180.776	0/1	0/1	0/1	1/0
1788095180.815	0/1	0/1	0/1	1/0
1788095180.860	0/1	0/1	0/1	1/0
1788095180.902	0/1	0/1	0/1	1/0
1788095180.944	0/1	0/1	0/1	1/0
1788095180.986	0/1	0/1	0/1	1/0
1788095181.028	0/1	0/1	0/1	1/0
1788095181.069	0/1	0/1	0/1	1/0
1788095181.116	0/1	0/1	0/1	1/0
1788095181.158	0/1	0/1	0/1	1/0
1788095181.199	0/1	0/1	0/1	1/0
1788095181.238	0/1	0/1	0/1	1/0
1788095181.279	0/1	0/1	0/1	1/0
1788095181.355	0/1	0/1	0/1	1/0
1788095181.397	0/1	0/1	0/1	1/0
1788095181.439	0/1	0/1	0/1	1/0
1788095181.483	0/1	0/1	0/1	1/0
1788095181.526	0/1	0/1	0/1	1/0
1788095181.568	0/1	0/1	0/1	1/0
1788095181.617	0/1	0/1	0/1	1/0
1788095181.656	0/1	0/1	0/1	1/0
1788095181.695	0/1	0/1	0/1	1/0
1788095181.735	0/1	0/1	0/1	1/0
1788095181.773	0/1	0/1	0/1	1/0
1788095181.811	0/1	0/1	0/1	1/0
1788095181.850	0/1	0/1	0/1	1/0
1788095181.889	0/1	0/1	0/1	1/0
1788095181.927	0/1	0/1	0/1	1/0
1788095181.966	0/1	0/1	0/1	1/0
1788095182.010	0/1	0/1	0/1	1/0
1788095182.053	0/1	0/1	0/1	1/0
1788095182.096	0/1	0/1	0/1	1/0
1788095182.139	0/1	0/1	0/1	1/0
1788095182.181	0/1	0/1	0/1	1/0
1788095182.225	0/1	0/1	0/1	1/0
1788095182.269	0/1	0/1	0/1	1/0
1788095182.337	0/1	0/1	0/1	1/0
1788095182.382	0/1	0/1	0/1	1/0
1788095182.424	0/1	0/1	0/1	1/0
1788095182.466	0/1	0/1	0/1	1/0
1788095182.510	0/1	0/1	0/1	1/0
1788095182.552	0/1	0/1	0/1	1/0
1788095182.594	0/1	0/1	0/1	1/0
1788095182.637	0/1	0/1	0/1	1/0
1788095182.678	0/1	0/1	0/1	1/0
1788095182.721	0/1	0/1	0/1	1/0
1788095182.762	0/1	0/1	0/1	1/0
1788095182.805	0/1	0/1	0/1	1/0
1788095182.847	0/1	0/1	0/1	1/0
1788095182.892	0/1	0/1	0/1	1/0
1788095182.940	0/1	0/1	0/1	1/0
1788095182.983	0/1	0/1	0/1	1/0
1788095183.026	0/1	0/1	0/1	1/0
1788095183.068	0/1	0/1	0/1	1/0
1788095183.113	0/1	0/1	0/1	1/0
1788095183.161	0/1	0/1	0/1	1/0
1788095183.204	0/1	0/1	0/1	1/0
1788095183.250	0/1	0/1	0/1	1/0
1788095183.302	0/1	0/1	0/1	1/0
1788095183.362	0/1	0/1	0/1	1/0
1788095183.405	0/1	0/1	0/1	1/0
1788095183.447	0/1	0/1	0/1	1/0
1788095183.489	0/1	0/1	0/1	1/0
1788095183.529	0/1	0/1	0/1	1/0
1788095183.574	0/1	0/1	0/1	1/0
1788095183.620	0/1	0/1	0/1	1/0
1788095183.663	0/1	0/1	0/1	1/0
1788095183.705	0/1	0/1	0/1	1/0
1788095183.747	0/1	0/1	0/1	1/0
1788095183.792	0/1	0/1	0/1	1/0
1788095183.838	0/1	0/1	0/1	1/0
1788095183.880	0/1	0/1	0/1	1/0
1788095183.923	0/1	0/1	0/1	1/0
1788095183.967	0/1	0/1	0/1	1/0
1788095184.008	0/1	0/1	0/1	1/0
1788095184.049	0/1	0/1	0/1	1/0
1788095184.091	0/1	0/1	0/1	1/0
1788095184.133	0/1	0/1	0/1	1/0
1788095184.176	0/1	0/1	0/1	1/0
1788095184.217	0/1	0/1	0/1	1/0
1788095184.262	0/1	0/1	0/1	1/0
1788095184.304	0/1	0/1	0/1	1/0
1788095184.375	0/1	0/1	0/1	1/0
1788095184.416	0/1	0/1	0/1	1/0
1788095184.462	0/1	0/1	0/1	1/0
1788095184.505	0/1	0/1	0/1	1/0
1788095184.554	0/1	0/1	0/1	1/0
1788095184.596	0/1	0/1	0/1	1/0
1788095184.637	0/1	0/1	0/1	1/0
1788095184.677	0/1	0/1	0/1	1/0
1788095184.717	0/1	0/1	0/1	1/0
1788095184.757	0/1	0/1	0/1	1/0
1788095184.796	0/1	0/1	0/1	1/0
1788095184.836	0/1	0/1	0/1	1/0
1788095184.872	0/1	0/1	0/1	1/0
1788095184.903	0/1	0/1	0/1	1/0
1788095184.932	0/1	0/1	0/1	1/0
1788095184.958	0/1	0/1	0/1	1/0
1788095184.983	0/1	0/1	0/1	1/0
1788095185.005	0/1	0/1	0/1	1/0
1788095185.025	0/1	0/1	0/1	1/0
1788095185.044	0/1	0/1	0/1	1/0
1788095185.061	0/1	0/1	0/1	1/0
1788095185.078	0/1	0/1	0/1	1/0
1788095185.095	0/1	0/1	0/1	1/0
1788095185.111	0/1	0/1	0/1	1/0
1788095185.127	0/1	0/1	0/1	1/0
1788095185.144	0/1	0/1	0/1	1/0
1788095185.161	0/1	0/1	0/1	1/0
1788095185.177	0/1	0/1	0/1	1/0
1788095185.193	0/1	0/1	0/1	1/0
1788095185.209	0/1	0/1	0/1	1/0
1788095185.226	0/1	0/1	0/1	1/0
1788095185.241	0/1	0/1	0/1	1/0
1788095185.260	0/1	0/1	0/1	1/0
1788095185.295	0/1	0/1	0/1	0/1
1788095185.317	0/1	0/1	0/1	0/1
1788095185.340	0/1	0/1	0/1	0/1
1788095185.365	0/1	0/1	0/1	0/1
1788095185.392	0/1	0/1	0/1	0/1
1788095185.421	0/1	0/1	0/1	0/1
1788095185.453	0/1	0/1	0/1	0/1
1788095185.488	0/1	0/1	0/1	0/1
1788095185.523	0/1	0/1	0/1	0/1
1788095185.559	0/1	0/1	0/1	0/1
1788095185.602	0/1	0/1	0/1	0/1
1788095185.645	0/1	0/1	0/1	0/1
1788095185.687	0/1	0/1	0/1	0/1
1788095185.729	0/1	0/1	0/1	0/1
1788095185.772	0/1	0/1	0/1	0/1
1788095185.813	0/1	0/1	0/1	0/1
1788095185.856	0/1	0/1	0/1	0/1
1788095185.898	0/1	0/1	0/1	0/1
1788095185.941	0/1	0/1	0/1	0/1
1788095185.984	0/1	0/1	0/1	0/1
1788095186.025	0/1	0/1	0/1	0/1
1788095186.066	0/1	0/1	0/1	0/1
1788095186.112	0/1	0/1	0/1	0/1
1788095186.156	0/1	0/1	0/1	0/1
1788095186.200	0/1	0/1	0/1	0/1
1788095186.243	0/1	0/1	0/1	0/1
1788095186.286	0/1	0/1	0/1	0/1
1788095186.347	0/1	0/1	0/1	0/1
1788095186.390	0/1	0/1	0/1	0/1
1788095186.431	0/1	0/1	0/1	0/1
1788095186.473	0/1	0/1	0/1	0/1
1788095186.515	0/1	0/1	0/1	0/1
1788095186.555	0/1	0/1	0/1	0/1
1788095186.597	0/1	0/1	0/1	0/1
1788095186.640	0/1	0/1	0/1	0/1
1788095186.683	0/1	0/1	0/1	0/1
1788095186.728	0/1	0/1	0/1	0/1
1788095186.770	0/1	0/1	0/1	0/1
1788095186.813	0/1	0/1	0/1	0/1
1788095186.856	0/1	0/1	0/1	0/1
1788095186.898	0/1	0/1	0/1	0/1
1788095186.939	0/1	0/1	0/1	0/1
1788095186.981	0/1	0/1	0/1	0/1
1788095187.024	0/1	0/1	0/1	0/1
1788095187.065	0/1	0/1	0/1	0/1
1788095187.107	0/1	0/1	0/1	0/1
1788095187.150	0/1	0/1	0/1	0/1
1788095187.193	0/1	0/1	0/1	0/1
1788095187.234	0/1	0/1	0/1	0/1
1788095187.278	0/1	0/1	0/1	0/1
1788095187.340	0/1	0/1	0/1	0/1
1788095187.386	0/1	0/1	0/1	0/1
1788095187.428	0/1	0/1	0/1	0/1
1788095187.471	0/1	0/1	0/1	0/1
1788095187.516	0/1	0/1	0/1	0/1
1788095187.557	0/1	0/1	0/1	0/1
1788095187.599	0/1	0/1	0/1	0/1
1788095187.640	0/1	0/1	0/1	0/1
1788095187.685	0/1	0/1	0/1	0/1
1788095187.727	0/1	0/1	0/1	0/1
1788095187.768	0/1	0/1	0/1	0/1
1788095187.810	0/1	0/1	0/1	0/1
1788095187.854	0/1	0/1	0/1	0/1
1788095187.897	0/1	0/1	0/1	0/1
1788095187.942	0/1	0/1	0/1	0/1
1788095187.991	0/1	0/1	0/1	0/1
1788095188.035	0/1	0/1	0/1	0/1
1788095188.079	0/1	0/1	0/1	0/1
1788095188.128	0/1	0/1	0/1	0/1
1788095188.168	0/1	0/1	0/1	0/1
1788095188.208	0/1	0/1	0/1	0/1
1788095188.258	0/1	0/1	0/1	0/1
1788095188.301	0/1	0/1	0/1	0/1
1788095188.362	0/1	0/1	0/1	0/1
1788095188.405	0/1	0/1	0/1	0/1
1788095188.447	0/1	0/1	0/1	0/1
1788095188.489	0/1	0/1	0/1	0/1
1788095188.530	0/1	0/1	0/1	0/1
1788095188.572	0/1	0/1	0/1	0/1
1788095188.616	0/1	0/1	0/1	0/1
1788095188.655	0/1	0/1	0/1	0/1
1788095188.699	0/1	0/1	0/1	0/1
1788095188.741	0/1	0/1	0/1	0/1
1788095188.782	0/1	0/1	0/1	0/1
1788095188.826	0/1	0/1	0/1	0/1
1788095188.866	0/1	0/1	0/1	0/1
1788095188.908	0/1	0/1	0/1	0/1
1788095188.951	0/1	0/1	0/1	0/1
1788095188.993	0/1	0/1	0/1	0/1
1788095189.035	0/1	0/1	0/1	0/1
1788095189.075	0/1	0/1	0/1	0/1
1788095189.119	0/1	0/1	0/1	0/1
1788095189.162	0/1	0/1	0/1	0/1
1788095189.204	0/1	0/1	0/1	0/1
1788095189.246	0/1	0/1	0/1	0/1
1788095189.294	0/1	0/1	0/1	0/1
1788095189.371	0/1	0/1	0/1	0/1
1788095189.414	0/1	0/1	0/1	0/1
1788095189.452	0/1	0/1	0/1	0/1
1788095189.498	0/1	0/1	0/1	0/1
1788095189.540	0/1	0/1	0/1	0/1
1788095189.586	0/1	0/1	0/1	0/1
1788095189.629	0/1	0/1	0/1	0/1
1788095189.670	0/1	0/1	0/1	0/1
1788095189.719	0/1	0/1	0/1	0/1
1788095189.761	0/1	0/1	0/1	0/1
1788095189.802	0/1	0/1	0/1	0/1
1788095189.844	0/1	0/1	0/1	0/1
1788095189.886	0/1	0/1	0/1	0/1
1788095189.928	0/1	0/1	0/1	0/1
1788095189.971	0/1	0/1	0/1	0/1
1788095190.022	0/1	0/1	0/1	0/1
1788095190.068	0/1	0/1	0/1	0/1
1788095190.123	0/1	0/1	0/1	0/1
1788095190.168	0/1	0/1	0/1	0/1
1788095190.210	0/1	0/1	0/1	0/1
1788095190.251	0/1	0/1	0/1	0/1
1788095190.294	0/1	0/1	0/1	0/1
1788095190.355	0/1	0/1	0/1	0/1
1788095190.396	0/1	0/1	0/1	0/1
1788095190.436	0/1	0/1	0/1	0/1
1788095190.486	0/1	0/1	0/1	0/1
1788095190.529	0/1	0/1	0/1	0/1
1788095190.570	0/1	0/1	0/1	0/1
1788095190.620	0/1	0/1	0/1	0/1
1788095190.660	0/1	0/1	0/1	0/1
1788095190.701	0/1	0/1	0/1	0/1
1788095190.742	0/1	0/1	0/1	0/1
1788095190.790	0/1	0/1	0/1	0/1
1788095190.840	0/1	0/1	0/1	0/1
1788095190.884	0/1	0/1	0/1	0/1
1788095190.925	0/1	0/1	0/1	0/1
1788095190.966	0/1	0/1	0/1	0/1
1788095191.010	0/1	0/1	0/1	0/1
1788095191.058	0/1	0/1	0/1	0/1
1788095191.106	0/1	0/1	0/1	0/1
1788095191.152	0/1	0/1	0/1	0/1
1788095191.198	0/1	0/1	0/1	0/1
1788095191.241	0/1	0/1	0/1	0/1
1788095191.291	0/1	0/1	0/1	0/1
1788095191.350	0/1	0/1	0/1	0/1
1788095191.391	0/1	0/1	0/1	0/1
1788095191.431	0/1	0/1	0/1	0/1
1788095191.474	0/1	0/1	0/1	0/1
1788095191.513	0/1	0/1	0/1	0/1
1788095191.552	0/1	0/1	0/1	0/1
1788095191.591	0/1	0/1	0/1	0/1
1788095191.631	0/1	0/1	0/1	0/1
1788095191.671	0/1	0/1	0/1	0/1
1788095191.707	0/1	0/1	0/1	0/1
1788095191.740	0/1	0/1	0/1	0/1
1788095191.770	0/1	0/1	0/1	0/1
1788095191.797	0/1	0/1	0/1	0/1
1788095191.821	0/1	0/1	0/1	0/1
1788095191.843	0/1	0/1	0/1	0/1
1788095191.863	0/1	0/1	0/1	0/1
1788095191.882	0/1	0/1	0/1	0/1
1788095191.900	0/1	0/1	0/1	0/1
1788095191.917	0/1	0/1	0/1	0/1
1788095191.933	0/1	0/1	0/1	0/1
1788095191.950	0/1	0/1	0/1	0/1
1788095191.965	0/1	0/1	0/1	0/1
1788095191.981	0/1	0/1	0/1	0/1
1788095191.997	0/1	0/1	0/1	0/1
1788095192.013	0/1	0/1	0/1	0/1
1788095192.029	0/1	0/1	0/1	0/1
1788095192.044	0/1	0/1	0/1	0/1
1788095192.061	0/1	0/1	0/1	0/1
1788095192.077	0/1	0/1	0/1	0/1
1788095192.094	0/1	0/1	0/1	0/1
1788095192.110	0/1	0/1	0/1	0/1
1788095192.127	0/1	0/1	0/1	0/1
1788095192.143	0/1	0/1	0/1	0/1
1788095192.164	0/1	0/1	0/1	0/1
1788095192.186	0/1	0/1	0/1	0/1
1788095192.210	0/1	0/1	0/1	0/1
1788095192.235	0/1	0/1	0/1	0/1
1788095192.262	0/1	0/1	0/1	0/1
1788095192.316	0/1	0/1	0/1	0/1
1788095192.347	0/1	0/1	0/1	0/1
1788095192.375	0/1	0/1	0/1	0/1
1788095192.400	0/1	0/1	0/1	0/1
1788095192.424	0/1	0/1	0/1	0/1
1788095192.446	0/1	0/1	0/1	0/1
1788095192.467	0/1	0/1	0/1	0/1
1788095192.496	0/1	0/1	0/1	0/1
1788095192.524	0/1	0/1	0/1	0/1
1788095192.554	0/1	0/1	0/1	0/1
1788095192.587	0/1	0/1	0/1	0/1
1788095192.625	0/1	0/1	0/1	0/1
1788095192.669	0/1	0/1	0/1	0/1
1788095192.709	0/1	0/1	0/1	0/1
1788095192.752	0/1	0/1	0/1	0/1
1788095192.793	0/1	0/1	0/1	0/1
1788095192.837	0/1	0/1	0/1	0/1
1788095192.877	0/1	0/1	0/1	0/1
1788095192.919	0/1	0/1	0/1	0/1
1788095192.961	0/1	0/1	0/1	0/1
1788095193.003	0/1	0/1	0/1	0/1
1788095193.045	0/1	0/1	0/1	0/1
1788095193.087	0/1	0/1	0/1	0/1
1788095193.130	0/1	0/1	0/1	0/1
1788095193.174	0/1	0/1	0/1	0/1
1788095193.216	0/1	0/1	0/1	0/1
1788095193.256	0/1	0/1	0/1	0/1
1788095193.306	0/1	0/1	0/1	0/1
1788095193.362	0/1	0/1	0/1	0/1
1788095193.403	0/1	0/1	0/1	0/1
1788095193.445	0/1	0/1	0/1	0/1
1788095193.487	0/1	0/1	0/1	0/1
1788095193.528	0/1	0/1	0/1	0/1
1788095193.569	0/1	0/1	0/1	0/1
1788095193.612	0/1	0/1	0/1	0/1
1788095193.654	0/1	0/1	0/1	0/1
1788095193.698	0/1	0/1	0/1	0/1
1788095193.741	0/1	0/1	0/1	0/1
1788095193.782	0/1	0/1	0/1	0/1
1788095193.825	0/1	0/1	0/1	0/1
1788095193.868	0/1	0/1	0/1	0/1
1788095193.910	0/1	0/1	0/1	0/1
1788095193.954	0/1	0/1	0/1	0/1
1788095193.998	0/1	0/1	0/1	0/1
1788095194.040	0/1	0/1	0/1	0/1
1788095194.082	0/1	0/1	0/1	0/1
1788095194.126	0/1	0/1	0/1	0/1
1788095194.171	0/1	0/1	0/1	0/1
1788095194.217	0/1	0/1	0/1	0/1
1788095194.260	0/1	0/1	0/1	0/1
1788095194.305	0/1	0/1	0/1	0/1
1788095194.378	0/1	0/1	0/1	0/1
1788095194.421	0/1	0/1	0/1	0/1
1788095194.466	0/1	0/1	0/1	0/1
1788095194.512	0/1	0/1	0/1	0/1
1788095194.555	0/1	0/1	0/1	0/1
1788095194.611	0/1	0/1	0/1	0/1
1788095194.661	0/1	0/1	0/1	0/1
1788095194.705	0/1	0/1	0/1	0/1
1788095194.757	0/1	0/1	0/1	0/1
1788095194.799	0/1	0/1	0/1	0/1
1788095194.840	0/1	0/1	0/1	0/1
1788095194.885	0/1	0/1	0/1	0/1
1788095194.927	0/1	0/1	0/1	0/1
1788095194.969	0/1	0/1	0/1	0/1
1788095195.013	0/1	0/1	0/1	0/1
1788095195.056	0/1	0/1	0/1	0/1
1788095195.098	0/1	0/1	0/1	0/1
1788095195.142	0/1	0/1	0/1	0/1
1788095195.185	0/1	0/1	0/1	0/1
1788095195.228	0/1	0/1	0/1	0/1
1788095195.270	0/1	0/1	0/1	0/1
1788095195.348	0/1	0/1	0/1	0/1
1788095195.390	0/1	0/1	0/1	0/1
1788095195.431	0/1	0/1	0/1	0/1
1788095195.469	0/1	0/1	0/1	0/1
1788095195.508	0/1	0/1	0/1	0/1
1788095195.546	0/1	0/1	0/1	0/1
1788095195.586	0/1	0/1	0/1	0/1
1788095195.624	0/1	0/1	0/1	0/1
1788095195.663	0/1	0/1	0/1	0/1
1788095195.705	0/1	0/1	0/1	0/1
1788095195.752	0/1	0/1	0/1	0/1
1788095195.793	0/1	0/1	0/1	0/1
1788095195.835	0/1	0/1	0/1	0/1
1788095195.876	0/1	0/1	0/1	0/1
1788095195.917	0/1	0/1	0/1	0/1
1788095195.963	0/1	0/1	0/1	0/1
1788095196.007	0/1	0/1	0/1	0/1
1788095196.054	0/1	0/1	0/1	0/1
1788095196.097	0/1	0/1	0/1	0/1
1788095196.145	0/1	0/1	0/1	0/1
1788095196.191	0/1	0/1	0/1	0/1
1788095196.235	0/1	0/1	0/1	0/1
1788095196.286	0/1	0/1	0/1	0/1
1788095196.348	0/1	0/1	0/1	0/1
1788095196.388	0/1	0/1	0/1	0/1
1788095196.432	0/1	0/1	0/1	0/1
1788095196.475	0/1	0/1	0/1	0/1
1788095196.516	0/1	0/1	0/1	0/1
1788095196.558	0/1	0/1	0/1	0/1
1788095196.601	0/1	0/1	0/1	0/1
1788095196.654	0/1	0/1	0/1	0/1
1788095196.698	0/1	0/1	0/1	0/1
1788095196.745	0/1	0/1	0/1	0/1
1788095196.791	0/1	0/1	0/1	0/1
1788095196.832	0/1	0/1	0/1	0/1
1788095196.875	0/1	0/1	0/1	0/1
1788095196.916	0/1	0/1	0/1	0/1
1788095196.959	0/1	0/1	0/1	0/1
1788095197.003	0/1	0/1	0/1	0/1
1788095197.045	0/1	0/1	0/1	0/1
1788095197.087	0/1	0/1	0/1	0/1
1788095197.138	0/1	0/1	0/1	0/1
1788095197.182	0/1	0/1	0/1	0/1
1788095197.223	0/1	0/1	0/1	0/1
1788095197.266	0/1	0/1	0/1	0/1
1788095197.341	0/1	0/1	0/1	0/1
1788095197.387	0/1	0/1	0/1	0/1
1788095197.429	0/1	0/1	0/1	0/1
1788095197.470	0/1	0/1	0/1	0/1
1788095197.515	0/1	0/1	0/1	0/1
1788095197.556	0/1	0/1	0/1	0/1
1788095197.597	0/1	0/1	0/1	0/1
1788095197.639	0/1	0/1	0/1	0/1
1788095197.679	0/1	0/1	0/1	0/1
1788095197.721	0/1	0/1	0/1	0/1
1788095197.769	0/1	0/1	0/1	0/1
1788095197.814	0/1	0/1	0/1	0/1
1788095197.857	0/1	0/1	0/1	0/1
1788095197.898	0/1	0/1	0/1	0/1
1788095197.940	0/1	0/1	0/1	0/1
1788095197.983	0/1	0/1	0/1	0/1
1788095198.029	0/1	0/1	0/1	0/1
1788095198.076	0/1	0/1	0/1	0/1
1788095198.117	0/1	0/1	0/1	0/1
1788095198.163	0/1	0/1	0/1	0/1
1788095198.203	0/1	0/1	0/1	0/1
1788095198.245	0/1	0/1	0/1	0/1
1788095198.294	0/1	0/1	0/1	0/1
1788095198.357	0/1	0/1	0/1	0/1
1788095198.399	0/1	0/1	0/1	0/1
1788095198.441	0/1	0/1	0/1	0/1
1788095198.485	0/1	0/1	0/1	0/1
1788095198.531	0/1	0/1	0/1	0/1
1788095198.570	0/1	0/1	0/1	0/1
1788095198.608	0/1	0/1	0/1	0/1
1788095198.647	0/1	0/1	0/1	0/1
1788095198.691	0/1	0/1	0/1	0/1
1788095198.731	0/1	0/1	0/1	0/1
1788095198.768	0/1	0/1	0/1	0/1
1788095198.800	0/1	0/1	0/1	0/1
1788095198.830	0/1	0/1	0/1	0/1
1788095198.857	0/1	0/1	0/1	0/1
1788095198.881	0/1	0/1	0/1	0/1
1788095198.903	0/1	0/1	0/1	0/1
1788095198.923	0/1	0/1	0/1	0/1
1788095198.944	0/1	0/1	0/1	0/1
1788095198.963	0/1	0/1	0/1	0/1
1788095198.980	0/1	0/1	0/1	0/1
1788095199.001	0/1	0/1	0/1	0/1
1788095199.018	0/1	0/1	0/1	0/1
1788095199.034	0/1	0/1	0/1	0/1
1788095199.050	0/1	0/1	0/1	0/1
1788095199.066	0/1	0/1	0/1	0/1
1788095199.082	0/1	0/1	0/1	0/1
1788095199.101	0/1	0/1	0/1	0/1
1788095199.118	0/1	0/1	0/1	0/1
1788095199.134	0/1	0/1	0/1	0/1
1788095199.150	0/1	0/1	0/1	0/1
1788095199.166	0/1	0/1	0/1	0/1
1788095199.182	0/1	0/1	0/1	0/1
1788095199.198	0/1	0/1	0/1	0/1
1788095199.214	0/1	0/1	0/1	0/1
1788095199.230	0/1	0/1	0/1	0/1
1788095199.246	0/1	0/1	0/1	0/1
1788095199.262	0/1	0/1	0/1	0/1
1788095199.280	0/1	0/1	0/1	0/1
1788095199.305	0/1	0/1	0/1	0/1
1788095199.337	0/1	0/1	0/1	0/1
1788095199.376	0/1	0/1	0/1	0/1
1788095199.414	0/1	0/1	0/1	0/1
1788095199.454	0/1	0/1	0/1	0/1
1788095199.498	0/1	0/1	0/1	0/1
1788095199.539	0/1	0/1	0/1	0/1
1788095199.581	0/1	0/1	0/1	0/1
1788095199.622	0/1	0/1	0/1	0/1
1788095199.663	0/1	0/1	0/1	0/1
1788095199.704	0/1	0/1	0/1	0/1
1788095199.743	0/1	0/1	0/1	0/1
1788095199.782	0/1	0/1	0/1	0/1
1788095199.822	0/1	0/1	0/1	0/1
1788095199.878	0/1	0/1	0/1	0/1
1788095199.917	0/1	0/1	0/1	0/1
1788095199.956	0/1	0/1	0/1	0/1
1788095199.995	0/1	0/1	0/1	0/1
1788095200.034	0/1	0/1	0/1	0/1
1788095200.073	0/1	0/1	0/1	0/1
1788095200.113	0/1	0/1	0/1	0/1
1788095200.152	0/1	0/1	0/1	0/1
1788095200.186	0/1	0/1	0/1	0/1
1788095200.216	0/1	0/1	0/1	0/1
1788095200.243	0/1	0/1	0/1	0/1
1788095200.269	0/1	0/1	0/1	0/1
1788095200.339	0/1	0/1	0/1	0/1
1788095200.394	0/1	0/1	0/1	0/1
1788095200.440	0/1	0/1	0/1	0/1
1788095200.485	0/1	0/1	0/1	0/1
1788095200.526	0/1	0/1	0/1	0/1
1788095200.569	0/1	0/1	0/1	0/1
1788095200.612	0/1	0/1	0/1	0/1
1788095200.659	0/1	0/1	0/1	0/1
1788095200.701	0/1	0/1	0/1	0/1
1788095200.743	0/1	0/1	0/1	0/1
1788095200.785	0/1	0/1	0/1	0/1
1788095200.829	0/1	0/1	0/1	0/1
1788095200.871	0/1	0/1	0/1	0/1
1788095200.913	0/1	0/1	0/1	0/1
1788095200.958	0/1	0/1	0/1	0/1
1788095201.002	0/1	0/1	0/1	0/1
1788095201.044	0/1	0/1	0/1	0/1
1788095201.086	0/1	0/1	0/1	0/1
1788095201.129	0/1	0/1	0/1	0/1
1788095201.173	0/1	0/1	0/1	0/1
1788095201.215	0/1	0/1	0/1	0/1
1788095201.259	0/1	0/1	0/1	0/1
1788095201.301	0/1	0/1	0/1	0/1
1788095201.367	0/1	0/1	0/1	0/1
1788095201.408	0/1	0/1	0/1	0/1
1788095201.447	0/1	0/1	0/1	0/1
1788095201.487	0/1	0/1	0/1	0/1
1788095201.525	0/1	0/1	0/1	0/1
1788095201.563	0/1	0/1	0/1	0/1
1788095201.612	0/1	0/1	0/1	0/1
1788095201.661	0/1	0/1	0/1	0/1
1788095201.702	0/1	0/1	0/1	0/1
1788095201.744	0/1	0/1	0/1	0/1
1788095201.786	0/1	0/1	0/1	0/1
1788095201.828	0/1	0/1	0/1	0/1
1788095201.870	0/1	0/1	0/1	0/1
1788095201.911	0/1	0/1	0/1	0/1
1788095201.953	0/1	0/1	0/1	0/1
1788095201.996	0/1	0/1	0/1	0/1
1788095202.040	0/1	0/1	0/1	0/1
1788095202.082	0/1	0/1	0/1	0/1
1788095202.121	0/1	0/1	0/1	0/1
1788095202.159	0/1	0/1	0/1	0/1
1788095202.209	0/1	0/1	0/1	0/1
1788095202.254	0/1	0/1	0/1	0/1
1788095202.298	0/1	0/1	0/1	0/1
1788095202.359	0/1	0/1	0/1	0/1
1788095202.401	0/1	0/1	0/1	0/1
1788095202.443	0/1	0/1	0/1	0/1
1788095202.484	0/1	0/1	0/1	0/1
1788095202.526	0/1	0/1	0/1	0/1
1788095202.568	0/1	0/1	0/1	0/1
1788095202.610	0/1	0/1	0/1	0/1
1788095202.653	0/1	0/1	0/1	0/1
1788095202.699	0/1	0/1	0/1	0/1
1788095202.739	0/1	0/1	0/1	0/1
1788095202.778	0/1	0/1	0/1	0/1
1788095202.819	0/1	0/1	0/1	0/1
1788095202.858	0/1	0/1	0/1	0/1
1788095202.898	0/1	0/1	0/1	0/1
1788095202.942	0/1	0/1	0/1	0/1
1788095202.984	0/1	0/1	0/1	0/1
1788095203.024	0/1	0/1	0/1	0/1
1788095203.065	0/1	0/1	0/1	0/1
1788095203.108	0/1	0/1	0/1	0/1
1788095203.154	0/1	0/1	0/1	0/1
1788095203.199	0/1	0/1	0/1	0/1
1788095203.238	0/1	0/1	0/1	0/1
1788095203.278	0/1	0/1	0/1	0/1
1788095203.349	0/1	0/1	0/1	0/1
1788095203.394	0/1	0/1	0/1	0/1
1788095203.438	0/1	0/1	0/1	0/1
1788095203.480	0/1	0/1	0/1	0/1
1788095203.524	0/1	0/1	0/1	0/1
1788095203.565	0/1	0/1	0/1	0/1
1788095203.606	0/1	0/1	0/1	0/1
1788095203.650	0/1	0/1	0/1	0/1
1788095203.698	0/1	0/1	0/1	0/1
1788095203.750	0/1	0/1	0/1	0/1
1788095203.797	0/1	0/1	0/1	0/1
1788095203.845	0/1	0/1	0/1	0/1
1788095203.903	0/1	0/1	0/1	0/1
1788095203.946	0/1	0/1	0/1	0/1
1788095203.990	0/1	0/1	0/1	0/1
1788095204.041	0/1	0/1	0/1	0/1
1788095204.083	0/1	0/1	0/1	0/1
1788095204.131	0/1	0/1	0/1	0/1
1788095204.174	0/1	0/1	0/1	0/1
1788095204.216	0/1	0/1	0/1	0/1
1788095204.256	0/1	0/1	0/1	0/1
1788095204.302	0/1	0/1	0/1	0/1
1788095204.370	0/1	0/1	0/1	0/1
1788095204.412	0/1	0/1	0/1	0/1
1788095204.454	0/1	0/1	0/1	0/1
1788095204.497	0/1	0/1	0/1	0/1
1788095204.538	0/1	0/1	0/1	0/1
1788095204.581	0/1	0/1	0/1	0/1
1788095204.626	0/1	0/1	0/1	0/1
1788095204.669	0/1	0/1	0/1	0/1
1788095204.710	0/1	0/1	0/1	0/1
1788095204.753	0/1	0/1	0/1	0/1
1788095204.794	0/1	0/1	0/1	0/1
1788095204.837	0/1	0/1	0/1	0/1
1788095204.876	0/1	0/1	0/1	0/1
1788095204.915	0/1	0/1	0/1	0/1
1788095204.954	0/1	0/1	0/1	0/1
1788095204.992	0/1	0/1	0/1	0/1
1788095205.026	0/1	0/1	0/1	0/1
1788095205.057	0/1	0/1	0/1	0/1
1788095205.084	0/1	0/1	0/1	0/1
1788095205.117	0/1	0/1	0/1	0/1
1788095205.167	0/1	0/1	0/1	0/1
1788095205.208	0/1	0/1	0/1	0/1
1788095205.250	0/1	0/1	0/1	0/1
1788095205.292	0/1	0/1	0/1	0/1
1788095205.352	0/1	0/1	0/1	0/1
1788095205.397	0/1	0/1	0/1	0/1
1788095205.440	0/1	0/1	0/1	0/1
1788095205.481	0/1	0/1	0/1	0/1
1788095205.524	0/1	0/1	0/1	0/1
1788095205.566	0/1	0/1	0/1	0/1
1788095205.616	0/1	0/1	0/1	0/1
1788095205.659	0/1	0/1	0/1	0/1
1788095205.700	0/1	0/1	0/1	0/1
1788095205.742	0/1	0/1	0/1	0/1
1788095205.787	0/1	0/1	0/1	0/1
1788095205.829	0/1	0/1	0/1	0/1
1788095205.870	0/1	0/1	0/1	0/1
1788095205.911	0/1	0/1	0/1	0/1
1788095205.955	0/1	0/1	0/1	0/1
1788095205.996	0/1	0/1	0/1	0/1
1788095206.038	0/1	0/1	0/1	0/1
1788095206.087	0/1	0/1	0/1	0/1
1788095206.128	0/1	0/1	0/1	0/1
1788095206.170	0/1	0/1	0/1	0/1
1788095206.212	0/1	0/1	0/1	0/1
1788095206.255	0/1	0/1	0/1	0/1
1788095206.308	0/1	0/1	0/1	0/1
1788095206.373	0/1	0/1	0/1	0/1
1788095206.415	0/1	0/1	0/1	0/1
1788095206.461	0/1	0/1	0/1	0/1
1788095206.502	0/1	0/1	0/1	0/1
1788095206.542	0/1	0/1	0/1	0/1
1788095206.583	0/1	0/1	0/1	0/1
1788095206.624	0/1	0/1	0/1	0/1
1788095206.665	0/1	0/1	0/1	0/1
1788095206.705	0/1	0/1	0/1	0/1
1788095206.745	0/1	0/1	0/1	0/1
1788095206.784	0/1	0/1	0/1	0/1
1788095206.825	0/1	0/1	0/1	0/1
1788095206.865	0/1	0/1	0/1	0/1
1788095206.905	0/1	0/1	0/1	0/1
1788095206.943	0/1	0/1	0/1	0/1
1788095206.976	0/1	0/1	0/1	0/1
1788095207.006	0/1	0/1	0/1	0/1
1788095207.032	0/1	0/1	0/1	0/1
1788095207.055	0/1	0/1	0/1	0/1
1788095207.076	0/1	0/1	0/1	0/1
1788095207.103	0/1	0/1	0/1	0/1
1788095207.151	0/1	0/1	0/1	0/1
1788095207.192	0/1	0/1	0/1	0/1
1788095207.240	0/1	0/1	0/1	0/1
1788095207.285	0/1	0/1	0/1	0/1
1788095207.343	0/1	0/1	0/1	0/1
1788095207.385	0/1	0/1	0/1	0/1
1788095207.426	0/1	0/1	0/1	0/1
1788095207.469	0/1	0/1	0/1	0/1
1788095207.513	0/1	0/1	0/1	0/1
1788095207.554	0/1	0/1	0/1	0/1
1788095207.596	0/1	0/1	0/1	0/1
1788095207.641	0/1	0/1	0/1	0/1
1788095207.690	0/1	0/1	0/1	0/1
1788095207.733	0/1	0/1	0/1	0/1
1788095207.775	0/1	0/1	0/1	0/1
1788095207.818	0/1	0/1	0/1	0/1
1788095207.859	0/1	0/1	0/1	0/1
1788095207.901	0/1	0/1	0/1	0/1
1788095207.942	0/1	0/1	0/1	0/1
1788095207.985	0/1	0/1	0/1	0/1
1788095208.029	0/1	0/1	0/1	0/1
1788095208.068	0/1	0/1	0/1	0/1
1788095208.107	0/1	0/1	0/1	0/1
1788095208.147	0/1	0/1	0/1	0/1
1788095208.186	0/1	0/1	0/1	0/1
1788095208.231	0/1	0/1	0/1	0/1
1788095208.273	0/1	0/1	0/1	0/1
1788095208.334	0/1	0/1	0/1	0/1
1788095208.374	0/1	0/1	0/1	0/1
1788095208.416	0/1	0/1	0/1	0/1
1788095208.460	0/1	0/1	0/1	0/1
1788095208.503	0/1	0/1	0/1	0/1
1788095208.545	0/1	0/1	0/1	0/1
1788095208.587	0/1	0/1	0/1	0/1
1788095208.631	0/1	0/1	0/1	0/1
1788095208.681	0/1	0/1	0/1	0/1
1788095208.724	0/1	0/1	0/1	0/1
1788095208.765	0/1	0/1	0/1	0/1
1788095208.804	0/1	0/1	0/1	0/1
1788095208.844	0/1	0/1	0/1	0/1
1788095208.890	0/1	0/1	0/1	0/1
1788095208.936	0/1	0/1	0/1	0/1
1788095208.979	0/1	0/1	0/1	0/1
1788095209.017	0/1	0/1	0/1	0/1
1788095209.056	0/1	0/1	0/1	0/1
1788095209.095	0/1	0/1	0/1	0/1
1788095209.135	0/1	0/1	0/1	0/1
1788095209.176	0/1	0/1	0/1	0/1
1788095209.223	0/1	0/1	0/1	0/1
1788095209.273	0/1	0/1	0/1	0/1
1788095209.358	0/1	0/1	0/1	0/1
1788095209.402	0/1	0/1	0/1	0/1
1788095209.445	0/1	0/1	0/1	0/1
1788095209.488	0/1	0/1	0/1	0/1
1788095209.531	0/1	0/1	0/1	0/1
1788095209.572	0/1	0/1	0/1	0/1
1788095209.616	0/1	0/1	0/1	0/1
1788095209.666	0/1	0/1	0/1	0/1
1788095209.716	0/1	0/1	0/1	0/1
1788095209.760	0/1	0/1	0/1	0/1
1788095209.799	0/1	0/1	0/1	0/1
1788095209.844	0/1	0/1	0/1	0/1
1788095209.891	0/1	0/1	0/1	0/1
1788095209.933	0/1	0/1	0/1	0/1
1788095209.981	0/1	0/1	0/1	0/1
1788095210.033	0/1	0/1	0/1	0/1
1788095210.082	0/1	0/1	0/1	0/1
1788095210.129	0/1	0/1	0/1	0/1
1788095210.173	0/1	0/1	0/1	0/1
1788095210.216	0/1	0/1	0/1	0/1
1788095210.260	0/1	0/1	0/1	0/1
1788095210.303	0/1	0/1	0/1	0/1
1788095210.368	0/1	0/1	0/1	0/1
1788095210.411	0/1	0/1	0/1	0/1
1788095210.453	0/1	0/1	0/1	0/1
1788095210.502	0/1	0/1	0/1	0/1
1788095210.546	0/1	0/1	0/1	0/1
1788095210.590	0/1	0/1	0/1	0/1
1788095210.636	0/1	0/1	0/1	0/1
1788095210.677	0/1	0/1	0/1	0/1
1788095210.718	0/1	0/1	0/1	0/1
1788095210.760	0/1	0/1	0/1	0/1
1788095210.801	0/1	0/1	0/1	0/1
1788095210.847	0/1	0/1	0/1	0/1
1788095210.887	0/1	0/1	0/1	0/1
1788095210.929	0/1	0/1	0/1	0/1
1788095210.974	0/1	0/1	0/1	0/1
1788095211.016	0/1	0/1	0/1	0/1
1788095211.063	0/1	0/1	0/1	0/1
1788095211.112	0/1	0/1	0/1	0/1
1788095211.166	0/1	0/1	0/1	0/1
1788095211.211	0/1	0/1	0/1	0/1
1788095211.254	0/1	0/1	0/1	0/1
1788095211.301	0/1	0/1	0/1	0/1
1788095211.380	0/1	0/1	0/1	0/1
1788095211.431	0/1	0/1	0/1	0/1
1788095211.474	0/1	0/1	0/1	0/1
1788095211.517	0/1	0/1	0/1	0/1
1788095211.558	0/1	0/1	0/1	0/1
1788095211.615	0/1	0/1	0/1	0/1
1788095211.665	0/1	0/1	0/1	0/1
1788095211.703	0/1	0/1	0/1	0/1
1788095211.741	0/1	0/1	0/1	0/1
1788095211.779	0/1	0/1	0/1	0/1
1788095211.824	0/1	0/1	0/1	0/1
1788095211.866	0/1	0/1	0/1	0/1
1788095211.907	0/1	0/1	0/1	0/1
1788095211.949	0/1	0/1	0/1	0/1
1788095211.996	0/1	0/1	0/1	0/1
1788095212.040	0/1	0/1	0/1	0/1
1788095212.082	0/1	0/1	0/1	0/1
1788095212.128	0/1	0/1	0/1	0/1
1788095212.170	0/1	0/1	0/1	0/1
1788095212.214	0/1	0/1	0/1	0/1
1788095212.256	0/1	0/1	0/1	0/1
1788095212.303	0/1	0/1	0/1	0/1
1788095212.370	0/1	0/1	0/1	0/1
1788095212.411	0/1	0/1	0/1	0/1
1788095212.452	0/1	0/1	0/1	0/1
1788095212.498	0/1	0/1	0/1	0/1
1788095212.537	0/1	0/1	0/1	0/1
1788095212.575	0/1	0/1	0/1	0/1
1788095212.614	0/1	0/1	0/1	0/1
1788095212.670	0/1	0/1	0/1	0/1
1788095212.715	0/1	0/1	0/1	0/1
1788095212.766	0/1	0/1	0/1	0/1
1788095212.810	0/1	0/1	0/1	0/1
1788095212.853	0/1	0/1	0/1	0/1
1788095212.895	0/1	0/1	0/1	0/1
1788095212.936	0/1	0/1	0/1	0/1
1788095212.978	0/1	0/1	0/1	0/1
1788095213.019	0/1	0/1	0/1	0/1
1788095213.060	0/1	0/1	0/1	0/1
1788095213.107	0/1	0/1	0/1	0/1
1788095213.150	0/1	0/1	0/1	0/1
1788095213.194	0/1	0/1	0/1	0/1
1788095213.239	0/1	0/1	0/1	0/1
1788095213.282	0/1	0/1	0/1	0/1
1788095213.343	0/1	0/1	0/1	0/1
1788095213.383	0/1	0/1	0/1	0/1
1788095213.428	0/1	0/1	0/1	0/1
1788095213.469	0/1	0/1	0/1	0/1
1788095213.511	0/1	0/1	0/1	0/1
1788095213.554	0/1	0/1	0/1	0/1
1788095213.595	0/1	0/1	0/1	0/1
1788095213.638	0/1	0/1	0/1	0/1
1788095213.682	0/1	0/1	0/1	0/1
1788095213.730	0/1	0/1	0/1	0/1
1788095213.784	0/1	0/1	0/1	0/1
1788095213.841	0/1	0/1	0/1	0/1
1788095213.887	0/1	0/1	0/1	0/1
1788095213.929	0/1	0/1	0/1	0/1
1788095213.972	0/1	0/1	0/1	0/1
1788095214.020	0/1	0/1	0/1	0/1
1788095214.062	0/1	0/1	0/1	0/1
1788095214.105	0/1	0/1	0/1	0/1
1788095214.149	0/1	0/1	0/1	0/1
1788095214.191	0/1	0/1	0/1	0/1
1788095214.234	0/1	0/1	0/1	0/1
1788095214.292	0/1	0/1	0/1	0/1
1788095214.370	0/1	0/1	0/1	0/1
1788095214.417	0/1	0/1	0/1	0/1
1788095214.461	0/1	0/1	0/1	0/1
1788095214.506	0/1	0/1	0/1	0/1
1788095214.548	0/1	0/1	0/1	0/1
1788095214.590	0/1	0/1	0/1	0/1
1788095214.633	0/1	0/1	0/1	0/1
1788095214.677	0/1	0/1	0/1	0/1
1788095214.720	0/1	0/1	0/1	0/1
1788095214.762	0/1	0/1	0/1	0/1
1788095214.804	0/1	0/1	0/1	0/1
1788095214.846	0/1	0/1	0/1	0/1
1788095214.889	0/1	0/1	0/1	0/1
1788095214.931	0/1	0/1	0/1	0/1
1788095214.974	0/1	0/1	0/1	0/1
1788095215.016	0/1	0/1	0/1	0/1
1788095215.057	0/1	0/1	0/1	0/1
1788095215.100	0/1	0/1	0/1	0/1
1788095215.141	0/1	0/1	0/1	0/1
1788095215.184	0/1	0/1	0/1	0/1
1788095215.228	0/1	0/1	0/1	0/1
1788095215.273	0/1	0/1	0/1	0/1
1788095215.338	0/1	0/1	0/1	0/1
1788095215.382	0/1	0/1	0/1	0/1
1788095215.423	0/1	0/1	0/1	0/1
1788095215.468	0/1	0/1	0/1	0/1
1788095215.510	0/1	0/1	0/1	0/1
1788095215.552	0/1	0/1	0/1	0/1
1788095215.593	0/1	0/1	0/1	0/1
1788095215.635	0/1	0/1	0/1	0/1
1788095215.676	0/1	0/1	0/1	0/1
1788095215.720	0/1	0/1	0/1	0/1
1788095215.762	0/1	0/1	0/1	0/1
1788095215.805	0/1	0/1	0/1	0/1
1788095215.848	0/1	0/1	0/1	0/1
1788095215.889	0/1	0/1	0/1	0/1
1788095215.931	0/1	0/1	0/1	0/1
1788095215.973	0/1	0/1	0/1	0/1
1788095216.013	0/1	0/1	0/1	0/1
1788095216.055	0/1	0/1	0/1	0/1
1788095216.097	0/1	0/1	0/1	0/1
1788095216.140	0/1	0/1	0/1	0/1
1788095216.182	0/1	0/1	0/1	0/1
1788095216.224	0/1	0/1	0/1	0/1
1788095216.270	0/1	0/1	0/1	0/1
1788095216.339	0/1	0/1	0/1	0/1
1788095216.379	0/1	0/1	0/1	0/1
1788095216.418	0/1	0/1	0/1	0/1
1788095216.456	0/1	0/1	0/1	0/1
1788095216.496	0/1	0/1	0/1	0/1
1788095216.535	0/1	0/1	0/1	0/1
1788095216.574	0/1	0/1	0/1	0/1
1788095216.612	0/1	0/1	0/1	0/1
1788095216.657	0/1	0/1	0/1	0/1
1788095216.695	0/1	0/1	0/1	0/1
1788095216.738	0/1	0/1	0/1	0/1
1788095216.784	0/1	0/1	0/1	0/1
1788095216.825	0/1	0/1	0/1	0/1
1788095216.867	0/1	0/1	0/1	0/1
1788095216.909	0/1	0/1	0/1	0/1
1788095216.951	0/1	0/1	0/1	0/1
1788095216.992	0/1	0/1	0/1	0/1
1788095217.036	0/1	0/1	0/1	0/1
1788095217.075	0/1	0/1	0/1	0/1
1788095217.123	0/1	0/1	0/1	0/1
1788095217.178	0/1	0/1	0/1	0/1
1788095217.223	0/1	0/1	0/1	0/1
1788095217.265	0/1	0/1	0/1	0/1
1788095217.352	0/1	0/1	0/1	0/1
1788095217.391	0/1	0/1	0/1	0/1
1788095217.430	0/1	0/1	0/1	0/1
1788095217.469	0/1	0/1	0/1	0/1
1788095217.512	0/1	0/1	0/1	0/1
1788095217.551	0/1	0/1	0/1	0/1
1788095217.590	0/1	0/1	0/1	0/1
1788095217.628	0/1	0/1	0/1	0/1
1788095217.675	0/1	0/1	0/1	0/1
1788095217.721	0/1	0/1	0/1	0/1
1788095217.763	0/1	0/1	0/1	0/1
1788095217.805	0/1	0/1	0/1	0/1
1788095217.848	0/1	0/1	0/1	0/1
1788095217.889	0/1	0/1	0/1	0/1
1788095217.930	0/1	0/1	0/1	0/1
1788095217.980	0/1	0/1	0/1	0/1
1788095218.035	0/1	0/1	0/1	0/1
1788095218.082	0/1	0/1	0/1	0/1
1788095218.121	0/1	0/1	0/1	0/1
1788095218.161	0/1	0/1	0/1	0/1
1788095218.206	0/1	0/1	0/1	0/1
1788095218.248	0/1	0/1	0/1	0/1
1788095218.290	0/1	0/1	0/1	0/1
1788095218.350	0/1	0/1	0/1	0/1
1788095218.392	0/1	0/1	0/1	0/1
1788095218.432	0/1	0/1	0/1	0/1
1788095218.471	0/1	0/1	0/1	0/1
1788095218.509	0/1	0/1	0/1	0/1
1788095218.548	0/1	0/1	0/1	0/1
1788095218.587	0/1	0/1	0/1	0/1
1788095218.626	0/1	0/1	0/1	0/1
1788095218.670	0/1	0/1	0/1	0/1
1788095218.711	0/1	0/1	0/1	0/1
1788095218.752	0/1	0/1	0/1	0/1
1788095218.792	0/1	0/1	0/1	0/1
1788095218.838	0/1	0/1	0/1	0/1
1788095218.880	0/1	0/1	0/1	0/1
1788095218.922	0/1	0/1	0/1	0/1
1788095218.966	0/1	0/1	0/1	0/1
1788095219.007	0/1	0/1	0/1	0/1
1788095219.048	0/1	0/1	0/1	0/1
1788095219.090	0/1	0/1	0/1	0/1
1788095219.132	0/1	0/1	0/1	0/1
1788095219.177	0/1	0/1	0/1	0/1
1788095219.219	0/1	0/1	0/1	0/1
1788095219.261	0/1	0/1	0/1	0/1
1788095219.303	0/1	0/1	0/1	0/1
1788095219.376	0/1	0/1	0/1	0/1
1788095219.418	0/1	0/1	0/1	0/1
1788095219.462	0/1	0/1	0/1	0/1
1788095219.506	0/1	0/1	0/1	0/1
1788095219.548	0/1	0/1	0/1	0/1
1788095219.593	0/1	0/1	0/1	0/1
1788095219.636	0/1	0/1	0/1	0/1
1788095219.679	0/1	0/1	0/1	0/1
1788095219.723	0/1	0/1	0/1	0/1
1788095219.766	0/1	0/1	0/1	0/1
1788095219.808	0/1	0/1	0/1	0/1
1788095219.851	0/1	0/1	0/1	0/1
1788095219.897	0/1	0/1	0/1	0/1
1788095219.938	0/1	0/1	0/1	0/1
1788095219.980	0/1	0/1	0/1	0/1
1788095220.021	0/1	0/1	0/1	0/1
1788095220.067	0/1	0/1	0/1	0/1
1788095220.110	0/1	0/1	0/1	0/1
1788095220.176	0/1	0/1	0/1	0/1
1788095220.220	0/1	0/1	0/1	0/1
1788095220.262	0/1	0/1	0/1	0/1
1788095220.336	0/1	0/1	0/1	0/1
1788095220.386	0/1	0/1	0/1	0/1
1788095220.431	0/1	0/1	0/1	0/1
1788095220.472	0/1	0/1	0/1	0/1
1788095220.515	0/1	0/1	0/1	0/1
1788095220.556	0/1	0/1	0/1	0/1
1788095220.599	0/1	0/1	0/1	0/1
1788095220.642	0/1	0/1	0/1	0/1
1788095220.684	0/1	0/1	0/1	0/1
1788095220.727	0/1	0/1	0/1	0/1
1788095220.772	0/1	0/1	0/1	0/1
1788095220.817	0/1	0/1	0/1	0/1
1788095220.860	0/1	0/1	0/1	0/1
1788095220.902	0/1	0/1	0/1	0/1
1788095220.944	0/1	0/1	0/1	0/1
1788095220.986	0/1	0/1	0/1	0/1
1788095221.029	0/1	0/1	0/1	0/1
1788095221.071	0/1	0/1	0/1	0/1
1788095221.114	0/1	0/1	0/1	0/1
1788095221.154	0/1	0/1	0/1	0/1
1788095221.196	0/1	0/1	0/1	0/1
1788095221.237	0/1	0/1	0/1	0/1
1788095221.281	0/1	0/1	0/1	0/1
1788095221.342	0/1	0/1	0/1	0/1
1788095221.384	0/1	0/1	0/1	0/1
1788095221.426	0/1	0/1	0/1	0/1
1788095221.469	0/1	0/1	0/1	0/1
1788095221.511	0/1	0/1	0/1	0/1
1788095221.554	0/1	0/1	0/1	0/1
1788095221.597	0/1	0/1	0/1	0/1
1788095221.638	0/1	0/1	0/1	0/1
1788095221.681	0/1	0/1	0/1	0/1
1788095221.722	0/1	0/1	0/1	0/1
1788095221.771	0/1	0/1	0/1	0/1
1788095221.810	0/1	0/1	0/1	0/1
1788095221.849	0/1	0/1	0/1	0/1
1788095221.889	0/1	0/1	0/1	0/1
1788095221.927	0/1	0/1	0/1	0/1
1788095221.967	0/1	0/1	0/1	0/1
1788095222.003	0/1	0/1	0/1	0/1
1788095222.035	0/1	0/1	0/1	0/1
1788095222.065	0/1	0/1	0/1	0/1
1788095222.091	0/1	0/1	0/1	0/1
1788095222.115	0/1	0/1	0/1	0/1
1788095222.137	0/1	0/1	0/1	0/1
1788095222.158	0/1	0/1	0/1	0/1
1788095222.177	0/1	0/1	0/1	0/1
1788095222.195	0/1	0/1	0/1	0/1
1788095222.211	0/1	0/1	0/1	0/1
1788095222.227	0/1	0/1	0/1	0/1
1788095222.243	0/1	0/1	0/1	0/1
