epoch	p920	p921	p922
1788094997.154	0/0	0/0	1/0
1788094997.196	0/0	0/0	1/0
1788094997.238	0/0	0/0	1/0
1788094997.279	0/0	0/0	1/0
1788094997.346	0/0	0/0	1/0
1788094997.387	0/0	0/0	1/0
1788094997.426	0/0	0/0	1/0
1788094997.467	0/0	0/0	1/0
1788094997.509	0/0	0/0	1/0
1788094997.550	0/0	0/0	1/0
1788094997.597	0/0	0/0	1/0
1788094997.643	0/0	0/0	1/0
1788094997.684	0/0	0/0	1/0
1788094997.726	0/0	0/0	1/0
1788094997.765	0/0	0/0	1/0
1788094997.808	0/0	0/0	1/0
1788094997.849	0/0	0/0	1/0
1788094997.890	0/0	0/0	1/0
1788094997.930	0/0	0/0	1/0
1788094997.971	0/0	0/0	1/0
1788094998.015	0/0	0/0	1/0
1788094998.058	0/0	0/0	1/0
1788094998.099	0/0	0/0	1/0
1788094998.139	0/0	0/0	1/0
1788094998.179	0/0	0/0	1/0
1788094998.218	0/0	0/0	1/0
1788094998.265	0/0	0/0	1/0
1788094998.334	0/0	0/0	1/0
1788094998.379	0/0	0/0	1/0
1788094998.426	0/0	0/0	1/0
1788094998.478	0/0	0/0	1/0
1788094998.522	0/0	0/0	1/0
1788094998.564	0/0	0/0	1/0
1788094998.605	0/0	0/0	1/0
1788094998.647	0/0	0/0	1/0
1788094998.691	0/0	0/0	1/0
1788094998.734	0/0	0/0	1/0
1788094998.778	0/0	0/0	1/0
1788094998.822	0/0	0/0	1/0
1788094998.867	0/0	0/0	1/0
1788094998.909	0/0	0/0	1/0
1788094998.953	0/0	0/0	1/0
1788094998.998	0/0	0/0	1/0
1788094999.041	0/0	0/0	1/0
1788094999.082	0/0	0/0	1/0
1788094999.125	0/0	0/0	1/0
1788094999.167	0/0	0/0	1/0
1788094999.208	0/0	0/0	1/0
1788094999.249	0/0	0/0	1/0
1788094999.291	0/0	0/0	1/0
1788094999.354	0/0	0/0	1/0
1788094999.398	0/0	0/0	1/0
1788094999.440	0/0	0/0	1/0
1788094999.486	0/0	0/0	1/0
1788094999.530	0/0	0/0	1/0
1788094999.575	0/0	0/0	1/0
1788094999.616	0/0	0/0	1/0
1788094999.658	0/0	0/0	1/0
1788094999.700	0/0	0/0	1/0
1788094999.741	0/0	0/0	1/0
1788094999.784	0/0	0/0	1/0
1788094999.831	0/0	0/0	1/0
1788094999.876	0/0	0/0	1/0
1788094999.917	0/0	0/0	1/0
1788094999.957	0/0	0/0	1/0
1788094999.999	0/0	0/0	1/0
1788095000.040	0/0	0/0	1/0
1788095000.081	0/0	0/0	1/0
1788095000.122	0/0	0/0	1/0
1788095000.164	0/0	0/0	1/0
1788095000.206	0/0	0/0	1/0
1788095000.248	0/0	0/0	1/0
1788095000.291	0/0	0/0	1/0
1788095000.352	0/0	0/0	1/0
1788095000.395	0/0	0/0	1/0
1788095000.437	0/0	0/0	1/0
1788095000.483	0/0	0/0	1/0
1788095000.525	0/0	0/0	1/0
1788095000.567	0/0	0/0	1/0
1788095000.607	0/0	0/0	1/0
1788095000.649	0/0	0/0	1/0
1788095000.691	0/0	0/0	1/0
1788095000.731	0/0	0/0	1/0
1788095000.772	0/0	0/0	1/0
1788095000.813	0/0	0/0	1/0
1788095000.855	0/0	0/0	1/0
1788095000.898	0/0	0/0	1/0
1788095000.941	0/0	0/0	1/0
1788095000.984	0/0	0/0	1/0
1788095001.026	0/0	0/0	1/0
1788095001.068	0/0	0/0	1/0
1788095001.110	0/0	0/0	1/0
1788095001.152	0/0	0/0	1/0
1788095001.192	0/0	0/0	1/0
1788095001.235	0/0	0/0	1/0
1788095001.276	0/0	0/0	1/0
1788095001.338	0/0	0/0	1/0
1788095001.380	0/0	0/0	1/0
1788095001.420	0/0	0/0	1/0
1788095001.463	0/0	0/0	1/0
1788095001.504	0/0	0/0	1/0
1788095001.545	0/0	0/0	1/0
1788095001.588	0/0	0/0	1/0
1788095001.629	0/0	0/0	1/0
1788095001.672	0/0	0/0	1/0
1788095001.713	0/0	0/0	1/0
1788095001.754	0/0	0/0	1/0
1788095001.792	0/0	0/0	1/0
1788095001.837	0/0	0/0	1/0
1788095001.878	0/0	0/0	1/0
1788095001.920	0/0	0/0	1/0
1788095001.962	0/0	0/0	1/0
1788095002.013	0/0	0/0	1/0
1788095002.055	0/0	0/0	1/0
1788095002.097	0/0	0/0	1/0
1788095002.141	0/0	0/0	1/0
1788095002.183	0/0	0/0	1/0
1788095002.223	0/0	0/0	1/0
1788095002.267	0/0	0/0	1/0
1788095002.333	0/0	0/0	1/0
1788095002.379	0/0	0/0	1/0
1788095002.428	0/0	0/0	1/0
1788095002.468	0/0	0/0	1/0
1788095002.512	0/0	0/0	1/0
1788095002.550	0/0	0/0	1/0
1788095002.588	0/0	0/0	1/0
1788095002.626	0/0	0/0	1/0
1788095002.665	0/0	0/0	1/0
1788095002.703	0/0	0/0	1/0
1788095002.746	0/0	0/0	1/0
1788095002.799	0/0	0/0	1/0
1788095002.840	0/0	0/0	1/0
1788095002.879	0/0	0/0	1/0
1788095002.919	0/0	0/0	1/0
1788095002.958	0/0	0/0	1/0
1788095003.002	0/0	0/0	1/0
1788095003.044	0/0	0/0	1/0
1788095003.087	0/0	0/0	1/0
1788095003.132	0/0	0/0	1/0
1788095003.175	0/0	0/0	0/0
1788095003.216	0/0	0/0	0/0
1788095003.257	0/0	0/0	0/0
1788095003.298	0/0	0/0	0/0
1788095003.360	0/0	0/0	0/0
1788095003.401	0/0	0/0	0/0
1788095003.445	0/0	0/0	0/0
1788095003.489	0/0	0/0	0/0
1788095003.585	0/0	0/0	0/0
1788095003.628	0/0	0/0	0/0
1788095003.669	0/0	0/0	0/0
1788095003.718	0/0	0/0	0/0
1788095003.761	0/0	0/0	0/0
1788095003.804	0/0	0/0	0/0
1788095003.846	0/0	0/0	0/0
1788095003.891	0/0	0/0	0/0
1788095003.938	0/0	0/0	0/0
1788095003.985	0/0	0/0	0/0
1788095004.030	0/0	0/0	0/0
1788095004.071	0/0	0/0	0/0
1788095004.114	0/0	0/0	0/0
1788095004.156	0/0	0/0	0/0
1788095004.197	0/0	0/0	0/0
1788095004.242	0/0	0/0	0/0
1788095004.288	0/0	0/0	0/0
1788095004.350	0/0	0/0	0/0
1788095004.392	0/0	0/0	0/0
1788095004.438	0/0	0/0	0/0
1788095004.489	0/0	0/0	0/0
1788095004.530	0/0	0/0	0/0
1788095004.572	0/0	0/0	0/0
1788095004.613	0/0	0/0	0/0
1788095004.654	0/0	0/0	0/0
1788095004.696	0/0	0/0	0/0
1788095004.737	0/0	0/0	0/0
1788095004.778	0/0	0/0	0/0
1788095004.819	0/0	0/0	0/0
1788095004.861	0/0	0/0	0/0
1788095004.903	0/0	0/0	0/0
1788095004.945	0/0	0/0	0/0
1788095004.993	0/0	0/0	0/0
1788095005.035	0/0	0/0	0/0
1788095005.078	0/0	0/0	0/0
1788095005.120	0/0	0/0	0/0
1788095005.161	0/0	0/0	0/0
1788095005.202	0/0	0/0	0/0
1788095005.247	0/0	0/0	0/0
1788095005.288	0/0	0/0	0/0
1788095005.350	0/0	0/0	0/0
1788095005.391	0/0	0/0	0/0
1788095005.432	0/0	0/0	0/0
1788095005.472	0/0	0/0	0/0
1788095005.514	0/0	0/0	0/0
1788095005.553	0/0	0/0	0/0
1788095005.594	0/0	0/0	0/0
1788095005.633	0/0	0/0	0/0
1788095005.671	0/0	0/0	0/0
1788095005.709	0/0	0/0	0/0
1788095005.742	0/0	0/0	0/0
1788095005.770	0/0	0/0	0/0
1788095005.795	0/0	0/0	0/0
1788095005.817	0/0	0/0	0/0
1788095005.838	0/0	0/0	0/0
1788095005.857	0/0	0/0	0/0
1788095005.873	0/0	0/0	0/0
1788095005.889	0/0	0/0	0/0
1788095005.905	0/0	0/0	0/0
1788095005.921	0/0	0/0	0/0
1788095005.936	0/0	0/0	0/0
1788095005.952	0/0	0/0	0/0
1788095005.968	0/0	0/0	0/0
1788095005.986	0/0	0/0	0/0
1788095006.010	0/0	0/0	0/0
1788095006.038	0/0	0/0	0/0
1788095006.064	0/0	0/0	0/0
1788095006.092	0/0	0/0	0/0
1788095006.123	0/0	0/0	0/0
1788095006.155	0/0	0/0	0/0
1788095006.189	0/0	0/0	0/0
1788095006.225	0/0	0/0	0/0
1788095006.262	0/0	0/0	0/0
1788095006.340	0/0	0/0	0/0
1788095006.380	0/0	0/0	0/0
1788095006.421	0/0	0/0	0/0
1788095006.467	0/0	0/0	0/0
1788095006.513	0/0	0/0	0/0
1788095006.561	0/0	0/0	0/0
1788095006.605	0/0	0/0	0/0
1788095006.646	0/0	0/0	0/0
1788095006.690	0/0	0/0	0/0
1788095006.731	0/0	0/0	0/0
1788095006.772	0/0	0/0	0/0
1788095006.812	0/0	0/0	0/0
1788095006.854	0/0	0/0	0/0
1788095006.895	0/0	0/0	0/0
1788095006.937	0/0	0/0	0/0
1788095006.980	0/0	0/0	0/0
1788095007.037	0/0	0/0	0/0
1788095007.085	0/0	0/0	0/0
1788095007.127	0/0	0/0	0/0
1788095007.168	0/0	0/0	0/0
1788095007.209	0/0	0/0	0/0
1788095007.251	0/0	0/0	0/0
1788095007.294	0/0	0/0	0/0
1788095007.359	0/0	0/0	0/0
1788095007.402	0/0	0/0	0/0
1788095007.443	0/0	0/0	0/0
1788095007.484	0/0	0/0	0/0
1788095007.526	0/0	0/0	0/0
1788095007.568	0/0	0/0	0/0
1788095007.609	0/0	0/0	0/0
1788095007.650	0/0	0/0	0/0
1788095007.692	0/0	0/0	0/0
1788095007.734	0/0	0/0	0/0
1788095007.775	0/0	0/0	0/0
1788095007.824	0/0	0/0	0/0
1788095007.867	0/0	0/0	0/0
1788095007.909	0/0	0/0	0/0
1788095007.954	0/0	0/0	0/0
1788095007.994	0/0	0/0	0/0
1788095008.033	0/0	0/0	0/0
1788095008.071	0/0	0/0	0/0
1788095008.109	0/0	0/0	0/0
1788095008.148	0/0	0/0	0/0
1788095008.186	0/0	0/0	0/0
1788095008.224	0/0	0/0	0/0
1788095008.262	0/0	0/0	0/0
1788095008.302	0/0	0/0	0/0
1788095008.375	0/0	0/0	0/0
1788095008.417	0/0	0/0	0/0
1788095008.462	0/0	0/0	0/0
1788095008.503	0/0	0/0	0/0
1788095008.544	0/0	0/0	0/0
1788095008.588	0/0	0/0	0/0
1788095008.629	0/0	0/0	0/0
1788095008.669	0/0	0/0	0/0
1788095008.712	0/0	0/0	0/0
1788095008.756	0/0	0/0	0/0
1788095008.798	0/0	0/0	0/0
1788095008.842	0/0	0/0	0/0
1788095008.882	0/0	0/0	0/0
1788095008.924	0/0	0/0	0/0
1788095008.965	0/0	0/0	0/0
1788095009.009	0/0	0/0	0/0
1788095009.053	0/0	0/0	0/0
1788095009.096	0/0	0/0	0/0
1788095009.139	0/0	0/0	0/0
1788095009.180	0/0	0/0	0/0
1788095009.221	0/0	0/0	0/0
1788095009.265	0/0	0/0	0/0
1788095009.346	0/0	0/0	0/0
1788095009.389	0/0	0/0	0/0
1788095009.429	0/0	0/0	0/0
1788095009.469	0/0	0/0	0/0
1788095009.512	0/0	0/0	0/0
1788095009.553	0/0	0/0	0/0
1788095009.595	0/0	0/0	0/0
1788095009.635	0/0	0/0	0/0
1788095009.673	0/0	0/0	0/0
1788095009.714	0/0	0/0	0/0
1788095009.754	0/0	0/0	0/0
1788095009.793	0/0	0/0	0/0
1788095009.832	0/0	0/0	0/0
1788095009.873	0/0	0/0	0/0
1788095009.915	0/0	0/0	0/0
1788095009.956	0/0	0/0	0/0
1788095009.999	0/0	0/0	0/0
1788095010.045	0/0	0/0	0/0
1788095010.089	0/0	0/0	0/0
1788095010.131	0/0	0/0	0/0
1788095010.172	0/0	0/0	0/0
1788095010.214	0/0	0/0	0/0
1788095010.257	0/0	0/0	0/0
1788095010.298	0/0	0/0	0/0
1788095010.361	0/0	0/0	0/0
1788095010.405	0/0	0/0	0/0
1788095010.447	0/0	0/0	0/0
1788095010.489	0/0	0/0	0/0
1788095010.530	0/0	0/0	0/0
1788095010.572	0/0	0/0	0/0
1788095010.614	0/0	0/0	0/0
1788095010.653	0/0	0/0	0/0
1788095010.694	0/0	0/0	0/0
1788095010.733	0/0	0/0	0/0
1788095010.767	0/0	0/0	0/0
1788095010.796	0/0	0/0	0/0
1788095010.824	0/0	0/0	0/0
1788095010.848	0/0	0/0	0/0
1788095010.870	0/0	0/0	0/0
1788095010.890	0/0	0/0	0/0
1788095010.909	0/0	0/0	0/0
1788095010.925	0/0	0/0	0/0
1788095010.941	0/0	0/0	0/0
1788095010.957	0/0	0/0	0/0
1788095010.973	0/0	0/0	0/0
1788095010.989	0/0	0/0	0/0
1788095011.004	0/0	0/0	0/0
1788095011.020	0/0	0/0	0/0
1788095011.036	0/0	0/0	0/0
1788095011.052	0/0	0/0	0/0
1788095011.067	0/0	0/0	0/0
1788095011.083	0/0	0/0	0/0
1788095011.099	0/0	0/0	0/0
1788095011.123	0/0	0/0	0/0
1788095011.146	0/0	0/0	0/0
1788095011.169	0/0	0/0	0/0
1788095011.193	0/0	0/0	0/0
1788095011.218	0/0	0/0	0/0
1788095011.247	0/0	0/0	0/0
1788095011.278	0/0	0/0	0/0
1788095011.313	0/0	0/0	0/0
1788095011.344	0/0	0/0	0/0
1788095011.376	0/0	0/0	0/0
1788095011.409	0/0	0/0	0/0
1788095011.447	0/0	0/0	0/0
1788095011.484	0/0	0/0	0/0
1788095011.517	0/0	0/0	0/0
1788095011.562	0/0	0/0	0/0
1788095011.605	0/0	0/0	0/0
1788095011.654	0/0	0/0	0/0
1788095011.706	0/0	0/0	0/0
1788095011.748	0/0	0/0	0/0
1788095011.807	0/0	0/0	0/0
1788095011.853	0/0	0/0	0/0
1788095011.895	0/0	0/0	0/0
1788095011.940	0/0	0/0	0/0
1788095011.985	0/0	0/0	0/0
1788095012.031	0/0	0/0	0/0
1788095012.070	0/0	0/0	0/0
1788095012.115	0/0	0/0	0/0
1788095012.156	0/0	0/0	0/0
1788095012.200	0/0	0/0	0/0
1788095012.243	0/0	0/0	0/0
1788095012.290	0/0	0/0	0/0
1788095012.358	0/0	0/0	0/0
1788095012.403	0/0	0/0	0/0
1788095012.444	0/0	0/0	0/0
1788095012.485	0/0	0/0	0/0
1788095012.527	0/0	0/0	0/0
1788095012.569	0/0	0/0	0/0
1788095012.610	0/0	0/0	0/0
1788095012.651	0/0	0/0	0/0
1788095012.697	0/0	0/0	0/0
1788095012.739	0/0	0/0	0/0
1788095012.781	0/0	0/0	0/0
1788095012.823	0/0	0/0	0/0
1788095012.871	0/0	0/0	0/0
1788095012.915	0/0	0/0	0/0
1788095012.964	0/0	0/0	0/0
1788095013.008	0/0	0/0	0/0
1788095013.053	0/0	0/0	0/0
1788095013.096	0/0	0/0	0/0
1788095013.137	0/0	0/0	0/0
1788095013.177	0/0	0/0	0/0
1788095013.217	0/0	0/0	0/0
1788095013.259	0/0	0/0	0/0
1788095013.302	0/0	0/0	0/0
1788095013.359	0/0	0/0	0/0
1788095013.413	0/0	0/0	0/0
1788095013.456	0/0	0/0	0/0
1788095013.499	0/0	0/0	0/0
1788095013.542	0/0	0/0	0/0
1788095013.583	0/0	0/0	0/0
1788095013.624	0/0	0/0	0/0
1788095013.665	0/0	0/0	0/0
1788095013.715	0/0	0/0	0/0
1788095013.758	0/0	0/0	0/0
1788095013.797	0/0	0/0	0/0
1788095013.836	0/0	0/0	0/0
1788095013.880	0/0	0/0	0/0
1788095013.925	0/0	0/0	0/0
1788095013.966	0/0	0/0	0/0
1788095014.011	0/0	0/0	0/0
1788095014.055	0/0	0/0	0/0
1788095014.099	0/0	0/0	0/0
1788095014.146	0/0	0/0	0/0
1788095014.187	0/0	0/0	0/0
1788095014.228	0/0	0/0	0/0
1788095014.280	0/0	0/0	0/0
1788095014.344	0/0	0/0	0/0
1788095014.385	0/0	0/0	0/0
1788095014.428	0/0	0/0	0/0
1788095014.471	0/0	0/0	0/0
1788095014.512	0/0	0/0	0/0
1788095014.553	0/0	0/0	0/0
1788095014.593	0/0	0/0	0/0
1788095014.633	0/0	0/0	0/0
1788095014.673	0/0	0/0	0/0
1788095014.716	0/0	0/0	0/0
1788095014.758	0/0	0/0	0/0
1788095014.798	0/0	0/0	0/0
1788095014.842	0/0	0/0	0/0
1788095014.881	0/0	0/0	0/0
1788095014.923	0/0	0/0	0/0
1788095014.965	0/0	0/0	0/0
1788095015.009	0/0	0/0	0/0
1788095015.055	0/0	0/0	0/0
1788095015.099	0/0	0/0	0/0
1788095015.149	0/0	0/0	0/0
1788095015.191	0/0	0/0	0/0
1788095015.232	0/0	0/0	0/0
1788095015.279	0/0	0/0	0/0
1788095015.335	0/0	0/0	0/0
1788095015.376	0/0	0/0	0/0
1788095015.418	0/0	0/0	0/0
1788095015.459	0/0	0/0	0/0
1788095015.500	0/0	0/0	0/0
1788095015.541	0/0	0/0	0/0
1788095015.584	0/0	0/0	0/0
1788095015.626	0/0	0/0	0/0
1788095015.668	0/0	0/0	0/0
1788095015.709	0/0	0/0	0/0
1788095015.750	0/0	0/0	0/0
1788095015.796	0/0	0/0	0/0
1788095015.837	0/0	0/0	0/0
1788095015.878	0/0	0/0	0/0
1788095015.921	0/0	0/0	0/0
1788095015.964	0/0	0/0	0/0
1788095016.007	0/0	0/0	0/0
1788095016.050	0/0	0/0	0/0
1788095016.092	0/0	0/0	0/0
1788095016.134	0/0	0/0	0/0
1788095016.178	0/0	0/0	0/0
1788095016.219	0/0	0/0	0/0
1788095016.261	0/0	0/0	0/0
1788095016.307	0/0	0/0	0/0
1788095016.369	0/0	0/0	0/0
1788095016.416	0/0	0/0	0/0
1788095016.457	0/0	0/0	0/0
1788095016.496	0/0	0/0	0/0
1788095016.534	0/0	0/0	0/0
1788095016.571	0/0	0/0	0/0
1788095016.604	0/0	0/0	0/0
1788095016.634	0/0	0/0	0/0
1788095016.660	0/0	0/0	0/0
1788095016.683	0/0	0/0	0/0
1788095016.705	0/0	0/0	0/0
1788095016.724	0/0	0/0	0/0
1788095016.741	0/0	0/0	0/0
1788095016.757	0/0	0/0	0/0
1788095016.772	0/0	0/0	0/0
1788095016.788	0/0	0/0	0/0
1788095016.804	0/0	0/0	0/0
1788095016.819	0/0	0/0	0/0
1788095016.835	0/0	0/0	0/0
1788095016.851	0/0	0/0	0/0
1788095016.867	0/0	0/0	0/0
1788095016.882	0/0	0/0	0/0
1788095016.898	0/0	0/0	0/0
1788095016.914	0/0	0/0	0/0
1788095016.930	0/0	0/0	0/0
1788095016.946	0/0	0/0	0/0
1788095016.962	0/0	0/0	0/0
1788095016.978	0/0	0/0	0/0
1788095016.994	0/0	0/0	0/0
1788095017.010	0/0	0/0	0/0
1788095017.027	0/0	0/0	0/0
1788095017.043	0/0	0/0	0/0
1788095017.058	0/0	0/0	0/0
1788095017.075	0/0	0/0	0/0
1788095017.092	0/0	0/0	0/0
1788095017.108	0/0	0/0	0/0
1788095017.129	0/0	0/0	0/0
1788095017.153	0/0	0/0	0/0
1788095017.175	0/0	0/0	0/0
1788095017.198	0/0	0/0	0/0
1788095017.222	0/0	0/0	0/0
1788095017.248	0/0	0/0	0/0
1788095017.276	0/0	0/0	0/0
1788095017.306	0/0	0/0	0/0
1788095017.335	0/0	0/0	0/0
1788095017.365	0/0	0/0	0/0
1788095017.396	0/0	0/0	0/0
1788095017.429	0/0	0/0	0/0
1788095017.464	0/0	0/0	0/0
1788095017.500	0/0	0/0	0/0
1788095017.537	0/0	0/0	0/0
1788095017.576	0/0	0/0	0/0
1788095017.616	0/0	0/0	0/0
1788095017.657	0/0	0/0	0/0
1788095017.701	0/0	0/0	0/0
1788095017.755	0/0	0/0	0/0
1788095017.808	0/0	0/0	0/0
1788095017.855	0/0	0/0	0/0
1788095017.897	0/0	0/0	0/0
1788095017.938	0/0	0/0	0/0
1788095017.980	0/0	0/0	0/0
1788095018.023	0/0	0/0	0/0
1788095018.065	0/0	0/0	0/0
1788095018.107	0/0	0/0	0/0
1788095018.150	0/0	0/0	0/0
1788095018.194	0/0	0/0	0/0
1788095018.237	0/0	0/0	0/0
1788095018.279	0/0	0/0	0/0
1788095018.341	0/0	0/0	0/0
1788095018.382	0/0	0/0	0/0
1788095018.425	0/0	0/0	0/0
1788095018.467	0/0	0/0	0/0
1788095018.508	0/0	0/0	0/0
1788095018.551	0/0	0/0	0/0
1788095018.592	0/0	0/0	0/0
1788095018.633	0/0	0/0	0/0
1788095018.673	0/0	0/0	0/0
1788095018.712	0/0	0/0	0/0
1788095018.747	0/0	0/0	0/0
1788095018.777	0/0	0/0	0/0
1788095018.804	0/0	0/0	0/0
1788095018.834	0/0	0/0	0/0
1788095018.865	0/0	0/0	0/0
1788095018.891	0/0	0/0	0/0
1788095018.915	0/0	0/0	0/0
1788095018.943	0/0	0/0	0/0
1788095018.971	0/0	0/0	0/0
1788095018.995	0/0	0/0	0/0
1788095019.022	0/0	0/0	0/0
1788095019.066	0/0	0/0	0/0
1788095019.107	0/0	0/0	0/0
1788095019.153	0/0	0/0	0/0
1788095019.194	0/0	0/0	0/0
1788095019.243	0/0	0/0	0/0
1788095019.295	0/0	0/0	0/0
1788095019.353	0/0	0/0	0/0
1788095019.395	0/0	0/0	0/0
1788095019.438	0/0	0/0	0/0
1788095019.481	0/0	0/0	0/0
1788095019.523	0/0	0/0	0/0
1788095019.566	0/0	0/0	0/0
1788095019.610	0/0	0/0	0/0
1788095019.651	0/0	0/0	0/0
1788095019.694	0/0	0/0	0/0
1788095019.735	0/0	0/0	0/0
1788095019.776	0/0	0/0	0/0
1788095019.817	0/0	0/0	0/0
1788095019.857	0/0	0/0	0/0
1788095019.897	0/0	0/0	0/0
1788095019.935	0/0	0/0	0/0
1788095019.972	0/0	0/0	0/0
1788095020.007	0/0	0/0	0/0
1788095020.037	0/0	0/0	0/0
1788095020.068	0/0	0/0	0/0
1788095020.101	0/0	0/0	0/0
1788095020.138	0/0	0/0	0/0
1788095020.176	0/0	0/0	0/0
1788095020.216	0/0	0/0	0/0
1788095020.258	0/0	0/0	0/0
1788095020.300	0/0	0/0	0/0
1788095020.368	0/0	0/0	0/0
1788095020.417	0/0	0/0	0/0
1788095020.460	0/0	0/0	0/0
1788095020.501	0/0	0/0	0/0
1788095020.545	0/0	0/0	0/0
1788095020.591	0/0	0/0	0/0
1788095020.638	0/0	0/0	0/0
1788095020.680	0/0	0/0	0/0
1788095020.723	0/0	0/0	0/0
1788095020.764	0/0	0/0	0/0
1788095020.805	0/0	0/0	0/0
1788095020.848	0/0	0/0	0/0
1788095020.890	0/0	0/0	0/0
1788095020.932	0/0	0/0	0/0
1788095020.974	0/0	0/0	0/0
1788095021.014	0/0	0/0	0/0
1788095021.061	0/0	0/0	0/0
1788095021.104	0/0	0/0	0/0
1788095021.147	0/0	0/0	0/0
1788095021.189	0/0	0/0	0/0
1788095021.230	0/0	0/0	0/0
1788095021.272	0/0	0/0	0/0
1788095021.338	0/0	0/0	0/0
1788095021.381	0/0	0/0	0/0
1788095021.422	0/0	0/0	0/0
1788095021.463	0/0	0/0	0/0
1788095021.506	0/0	0/0	0/0
1788095021.552	0/0	0/0	0/0
1788095021.594	0/0	0/0	0/0
1788095021.636	0/0	0/0	0/0
1788095021.677	0/0	0/0	0/0
1788095021.720	0/0	0/0	0/0
1788095021.764	0/0	0/0	0/0
1788095021.806	0/0	0/0	0/0
1788095021.849	0/0	0/0	0/0
1788095021.891	0/0	0/0	0/0
1788095021.933	0/0	0/0	0/0
1788095021.975	0/0	0/0	0/0
1788095022.017	0/0	0/0	0/0
1788095022.059	0/0	0/0	0/0
1788095022.102	0/0	0/0	0/0
1788095022.146	0/0	0/0	0/0
1788095022.187	0/0	0/0	0/0
1788095022.228	0/0	0/0	0/0
1788095022.273	0/0	0/0	0/0
1788095022.348	0/0	0/0	0/0
1788095022.391	0/0	0/0	0/0
1788095022.437	0/0	0/0	0/0
1788095022.481	0/0	0/0	0/0
1788095022.525	0/0	0/0	0/0
1788095022.567	0/0	0/0	0/0
1788095022.608	0/0	0/0	0/0
1788095022.649	0/0	0/0	0/0
1788095022.693	0/0	0/0	0/0
1788095022.734	0/0	0/0	0/0
1788095022.779	0/0	0/0	0/0
1788095022.822	0/0	0/0	0/0
1788095022.870	0/0	0/0	0/0
1788095022.911	0/0	0/0	0/0
1788095022.950	0/0	0/0	0/0
1788095022.993	0/0	0/0	0/0
1788095023.033	0/0	0/0	0/0
1788095023.073	0/0	0/0	0/0
1788095023.114	0/0	0/0	0/0
1788095023.157	0/0	0/0	0/0
1788095023.197	0/0	0/0	0/0
1788095023.238	0/0	0/0	0/0
1788095023.280	0/0	0/0	0/0
1788095023.351	0/0	0/0	0/0
1788095023.393	0/0	0/0	0/0
1788095023.434	0/0	0/0	0/0
1788095023.475	0/0	0/0	0/0
1788095023.519	0/0	0/0	0/0
1788095023.565	0/0	0/0	0/0
1788095023.608	0/0	0/0	0/0
1788095023.653	0/0	0/0	0/0
1788095023.695	0/0	0/0	0/0
1788095023.736	0/0	0/0	0/0
1788095023.777	0/0	0/0	0/0
1788095023.817	0/0	0/0	0/0
1788095023.861	0/0	0/0	0/0
1788095023.903	0/0	0/0	0/0
1788095023.945	0/0	0/0	0/0
1788095023.987	0/0	0/0	0/0
1788095024.030	0/0	0/0	0/0
1788095024.071	0/0	0/0	0/0
1788095024.110	0/0	0/0	0/0
1788095024.149	0/0	0/0	0/0
1788095024.188	0/0	0/0	0/0
1788095024.222	0/0	0/0	0/0
1788095024.254	0/0	0/0	0/0
1788095024.290	0/0	0/0	0/0
1788095024.326	0/0	0/0	0/0
1788095024.359	0/0	0/0	0/0
1788095024.394	0/0	0/0	0/0
1788095024.431	0/0	0/0	0/0
1788095024.464	0/0	0/0	0/0
1788095024.494	0/0	0/0	0/0
1788095024.520	0/0	0/0	0/0
1788095024.544	0/0	0/0	0/0
1788095024.566	0/0	0/0	0/0
1788095024.586	0/0	0/0	0/0
1788095024.606	0/0	0/0	0/0
1788095024.623	0/0	0/0	0/0
1788095024.639	0/0	0/0	0/0
1788095024.655	0/0	0/0	0/0
1788095024.670	0/0	0/0	0/0
1788095024.687	0/0	0/0	0/0
1788095024.703	0/0	0/0	0/0
1788095024.719	0/0	0/0	0/0
1788095024.735	0/0	0/0	0/0
1788095024.750	0/0	0/0	0/0
1788095024.766	0/0	0/0	0/0
1788095024.781	0/0	0/0	0/0
1788095024.798	0/0	0/0	0/0
1788095024.813	0/0	0/0	0/0
1788095024.830	0/0	0/0	0/0
1788095024.846	0/0	0/0	0/0
1788095024.862	0/0	0/0	0/0
1788095024.878	0/0	0/0	0/0
1788095024.895	0/0	0/0	0/0
1788095024.911	0/0	0/0	0/0
1788095024.926	0/0	0/0	0/0
1788095024.943	0/0	0/0	0/0
1788095024.959	0/0	0/0	0/0
1788095024.975	0/0	0/0	0/0
1788095024.992	0/0	0/0	0/0
1788095025.008	0/0	0/0	0/0
1788095025.025	0/0	0/0	0/0
1788095025.042	0/0	0/0	0/0
1788095025.059	0/0	0/0	0/0
1788095025.076	0/0	0/0	0/0
1788095025.092	0/0	0/0	0/0
1788095025.109	0/0	0/0	0/0
1788095025.125	0/0	0/0	0/0
1788095025.142	0/0	0/0	0/0
1788095025.158	0/0	0/0	0/0
1788095025.174	0/0	0/0	0/0
1788095025.190	0/0	0/0	0/0
1788095025.205	0/0	0/0	0/0
1788095025.221	0/0	0/0	0/0
1788095025.236	0/0	0/0	0/0
1788095025.252	0/0	0/0	0/0
1788095025.272	0/0	0/0	0/0
1788095025.297	0/0	0/0	0/0
1788095025.320	0/0	0/0	0/0
1788095025.343	0/0	0/0	0/0
1788095025.367	0/0	0/0	0/0
1788095025.390	0/0	0/0	0/0
1788095025.415	0/0	0/0	0/0
1788095025.441	0/0	0/0	0/0
1788095025.469	0/0	0/0	0/0
1788095025.501	0/0	0/0	0/0
1788095025.534	0/0	0/0	0/0
1788095025.585	0/0	0/0	0/0
1788095025.627	0/0	0/0	0/0
1788095025.669	0/0	0/0	0/0
1788095025.713	0/0	0/0	0/0
1788095025.756	0/0	0/0	0/0
1788095025.797	0/0	0/0	0/0
1788095025.840	0/0	0/0	0/0
1788095025.883	0/0	0/0	0/0
1788095025.926	0/0	0/0	0/0
1788095025.977	0/0	0/0	0/0
1788095026.028	0/0	0/0	0/0
1788095026.071	0/0	0/0	0/0
1788095026.113	0/0	0/0	0/0
1788095026.156	0/0	0/0	0/0
1788095026.199	0/0	0/0	0/0
1788095026.241	0/0	0/0	0/0
1788095026.285	0/0	0/0	0/0
1788095026.345	0/0	0/0	0/0
1788095026.385	0/0	0/0	0/0
1788095026.426	0/0	0/0	0/0
1788095026.468	0/0	0/0	0/0
1788095026.514	0/0	0/0	0/0
1788095026.556	0/0	0/0	0/0
1788095026.597	0/0	0/0	0/0
1788095026.638	0/0	0/0	0/0
1788095026.678	0/0	0/0	0/0
1788095026.725	0/0	0/0	0/0
1788095026.767	0/0	0/0	0/0
1788095026.809	0/0	0/0	0/0
1788095026.852	0/0	0/0	0/0
1788095026.893	0/0	0/0	0/0
1788095026.944	0/0	0/0	0/0
1788095026.992	0/0	0/0	0/0
1788095027.034	0/0	0/0	0/0
1788095027.084	0/0	0/0	0/0
1788095027.125	0/0	0/0	0/0
1788095027.166	0/0	0/0	0/0
1788095027.206	0/0	0/0	0/0
1788095027.251	0/0	0/0	0/0
1788095027.293	0/0	0/0	0/0
1788095027.357	0/0	0/0	0/0
1788095027.405	0/0	0/0	0/0
1788095027.448	0/0	0/0	0/0
1788095027.489	0/0	0/0	0/0
1788095027.530	0/0	0/0	0/0
1788095027.572	0/0	0/0	0/0
1788095027.614	0/0	0/0	0/0
1788095027.665	0/0	0/0	0/0
1788095027.706	0/0	0/0	0/0
1788095027.747	0/0	0/0	0/0
1788095027.792	0/0	0/0	0/0
1788095027.833	0/0	0/0	0/0
1788095027.873	0/0	0/0	0/0
1788095027.915	0/0	0/0	0/0
1788095027.969	0/0	0/0	0/0
1788095028.011	0/0	0/0	0/0
1788095028.054	0/0	0/0	0/0
1788095028.095	0/0	0/0	0/0
1788095028.136	0/0	0/0	0/0
1788095028.180	0/0	0/0	0/0
1788095028.220	0/0	0/0	0/0
1788095028.261	0/0	0/0	0/0
1788095028.343	0/0	0/0	0/0
1788095028.385	0/0	0/0	0/0
1788095028.426	0/0	0/0	0/0
1788095028.467	0/0	0/0	0/0
1788095028.509	0/0	0/0	0/0
1788095028.550	0/0	0/0	0/0
1788095028.591	0/0	0/0	0/0
1788095028.631	0/0	0/0	0/0
1788095028.675	0/0	0/0	0/0
1788095028.717	0/0	0/0	0/0
1788095028.758	0/0	0/0	0/0
1788095028.800	0/0	0/0	0/0
1788095028.842	0/0	0/0	0/0
1788095028.882	0/0	0/0	0/0
1788095028.923	0/0	0/0	0/0
1788095028.971	0/0	0/0	0/0
1788095029.017	0/0	0/0	0/0
1788095029.063	0/0	0/0	0/0
1788095029.104	0/0	0/0	0/0
1788095029.146	0/0	0/0	0/0
1788095029.198	0/0	0/0	0/0
1788095029.242	0/0	0/0	0/0
1788095029.292	0/0	0/0	0/0
1788095029.355	0/0	0/0	0/0
1788095029.398	0/0	0/0	0/0
1788095029.439	0/0	0/0	0/0
1788095029.483	0/0	0/0	0/0
1788095029.522	0/0	0/0	0/0
1788095029.560	0/0	0/0	0/0
1788095029.600	0/0	0/0	0/0
1788095029.644	0/0	0/0	0/0
1788095029.685	0/0	0/0	0/0
1788095029.727	0/0	0/0	0/0
1788095029.770	0/0	0/0	0/0
1788095029.812	0/0	0/0	0/0
1788095029.854	0/0	0/0	0/0
1788095029.895	0/0	0/0	0/0
1788095029.940	0/0	0/0	0/0
1788095029.988	0/0	0/0	0/0
1788095030.042	0/0	0/0	0/0
1788095030.096	0/0	0/0	0/0
1788095030.145	0/0	0/0	0/0
1788095030.188	0/0	0/0	0/0
1788095030.232	0/0	0/0	0/0
1788095030.273	0/0	0/0	0/0
1788095030.335	0/0	0/0	0/0
1788095030.378	0/0	0/0	0/0
1788095030.425	0/0	0/0	0/0
1788095030.467	0/0	0/0	0/0
1788095030.509	0/0	0/0	0/0
1788095030.556	0/0	0/0	0/0
1788095030.601	0/0	0/0	0/0
1788095030.642	0/0	0/0	0/0
1788095030.683	0/0	0/0	0/0
1788095030.722	0/0	0/0	0/0
1788095030.766	0/0	0/0	0/0
1788095030.807	0/0	0/0	0/0
1788095030.849	0/0	0/0	0/0
1788095030.892	0/0	0/0	0/0
1788095030.934	0/0	0/0	0/0
1788095030.975	0/0	0/0	0/0
1788095031.018	0/0	0/0	0/0
1788095031.062	0/0	0/0	0/0
1788095031.104	0/0	0/0	0/0
1788095031.146	0/0	0/0	0/0
1788095031.189	0/0	0/0	0/0
1788095031.230	0/0	0/0	0/0
1788095031.274	0/0	0/0	0/0
1788095031.338	0/0	0/0	0/0
1788095031.383	0/0	0/0	0/0
1788095031.426	0/0	0/0	0/0
1788095031.467	0/0	0/0	0/0
1788095031.509	0/0	0/0	0/0
1788095031.551	0/0	0/0	0/0
1788095031.592	0/0	0/0	0/0
1788095031.633	0/0	0/0	0/0
1788095031.675	0/0	0/0	0/0
1788095031.716	0/0	0/0	0/0
1788095031.759	0/0	0/0	0/0
1788095031.800	0/0	0/0	0/0
1788095031.842	0/0	0/0	0/0
1788095031.883	0/0	0/0	0/0
1788095031.925	0/0	0/0	0/0
1788095031.967	0/0	0/0	0/0
1788095032.009	0/0	0/0	0/0
1788095032.051	0/0	0/0	0/0
1788095032.094	0/0	0/0	0/0
1788095032.137	0/0	0/0	0/0
1788095032.180	0/0	0/0	0/0
1788095032.221	0/0	0/0	0/0
1788095032.263	0/0	0/0	0/0
1788095032.346	0/0	0/0	0/0
1788095032.387	0/0	0/0	0/0
1788095032.431	0/0	0/0	0/0
1788095032.474	0/0	0/0	0/0
1788095032.515	0/0	0/0	0/0
1788095032.557	0/0	0/0	0/0
1788095032.600	0/0	0/0	0/0
1788095032.643	0/0	0/0	0/0
1788095032.684	0/0	0/0	0/0
1788095032.726	0/0	0/0	0/0
1788095032.770	0/0	0/0	0/0
1788095032.810	0/0	0/0	0/0
1788095032.851	0/0	0/0	0/0
1788095032.893	0/0	0/0	0/0
1788095032.934	0/0	0/0	0/0
1788095032.975	0/0	0/0	0/0
1788095033.020	0/0	0/0	0/0
1788095033.062	0/0	0/0	0/0
1788095033.103	0/0	0/0	0/0
1788095033.147	0/0	0/0	0/0
1788095033.188	0/0	0/0	0/0
1788095033.230	0/0	0/0	0/0
1788095033.273	0/0	0/0	0/0
1788095033.334	0/0	0/0	0/0
1788095033.376	0/0	0/0	0/0
1788095033.418	0/0	0/0	0/0
1788095033.463	0/0	0/0	0/0
1788095033.513	0/0	0/0	0/0
1788095033.559	0/0	0/0	0/0
1788095033.604	0/0	0/0	0/0
1788095033.651	0/0	0/0	0/0
1788095033.695	0/0	0/0	0/0
1788095033.736	0/0	0/0	0/0
1788095033.778	0/0	0/0	0/0
1788095033.819	0/0	0/0	0/0
1788095033.860	0/0	0/0	0/0
1788095033.902	0/0	0/0	0/0
1788095033.944	0/0	0/0	0/0
1788095033.985	0/0	0/0	0/0
1788095034.029	0/0	0/0	0/0
1788095034.071	0/0	0/0	0/0
1788095034.114	0/0	0/0	0/0
1788095034.156	0/0	0/0	0/0
1788095034.197	0/0	0/0	0/0
1788095034.237	0/0	0/0	0/0
1788095034.284	0/0	0/0	0/0
1788095034.343	0/0	0/0	0/0
1788095034.384	0/0	0/0	0/0
1788095034.425	0/0	0/0	0/0
1788095034.466	0/0	0/0	0/0
1788095034.508	0/0	0/0	0/0
1788095034.550	0/0	0/0	0/0
1788095034.589	0/0	0/0	0/0
1788095034.628	0/0	0/0	0/0
1788095034.665	0/0	0/0	0/0
1788095034.699	0/0	0/0	0/0
1788095034.733	0/0	0/0	0/0
1788095034.769	0/0	0/0	0/0
1788095034.807	0/0	0/0	0/0
1788095034.847	0/0	0/0	0/0
1788095034.886	0/0	0/0	0/0
1788095034.927	0/0	0/0	0/0
1788095034.971	0/0	0/0	0/0
1788095035.018	0/0	0/0	0/0
1788095035.062	0/0	0/0	0/0
1788095035.115	0/0	0/0	0/0
1788095035.162	0/0	0/0	0/0
1788095035.204	0/0	0/0	0/0
1788095035.251	0/0	0/0	0/0
1788095035.291	0/0	0/0	0/0
1788095035.355	0/0	0/0	0/0
1788095035.397	0/0	0/0	0/0
1788095035.438	0/0	0/0	0/0
1788095035.479	0/0	0/0	0/0
1788095035.522	0/0	0/0	0/0
1788095035.564	0/0	0/0	0/0
1788095035.605	0/0	0/0	0/0
1788095035.647	0/0	0/0	0/0
1788095035.687	0/0	0/0	0/0
1788095035.738	0/0	0/0	0/0
1788095035.781	0/0	0/0	0/0
1788095035.822	0/0	0/0	0/0
1788095035.863	0/0	0/0	0/0
1788095035.904	0/0	0/0	0/0
1788095035.946	0/0	0/0	0/0
1788095035.987	0/0	0/0	0/0
1788095036.029	0/0	0/0	0/0
1788095036.078	0/0	0/0	0/0
1788095036.119	0/0	0/0	0/0
1788095036.159	0/0	0/0	0/0
1788095036.203	0/0	0/0	0/0
1788095036.244	0/0	0/0	0/0
1788095036.285	0/0	0/0	0/0
1788095036.347	0/0	0/0	0/0
1788095036.388	0/0	0/0	0/0
1788095036.430	0/0	0/0	0/0
1788095036.472	0/0	0/0	0/0
1788095036.513	0/0	0/0	0/0
1788095036.556	0/0	0/0	0/0
1788095036.598	0/0	0/0	0/0
1788095036.640	0/0	0/0	0/0
1788095036.680	0/0	0/0	0/0
1788095036.723	0/0	0/0	0/0
1788095036.765	0/0	0/0	0/0
1788095036.806	0/0	0/0	0/0
1788095036.849	0/0	0/0	0/0
1788095036.891	0/0	0/0	0/0
1788095036.944	0/0	0/0	0/0
1788095036.987	0/0	0/0	0/0
1788095037.030	0/0	0/0	0/0
1788095037.071	0/0	0/0	0/0
1788095037.118	0/0	0/0	0/0
