epoch	10.0.0.230:ph/prog	10.0.0.231:ph/prog	10.0.0.232:ph/prog	10.0.0.233:ph/prog	10.0.0.234:ph/prog	10.0.0.235:ph/prog	10.0.0.236:ph/prog	10.0.0.237:ph/prog
1788095250.411	1/0	0/0	0/0	0/0	0/0	0/0	0/0	0/0
1788095250.453	1/0	0/0	0/0	0/0	0/0	0/0	0/0	0/0
1788095250.495	1/0	0/0	0/0	0/0	0/0	0/0	0/0	0/0
1788095250.535	1/0	0/0	0/0	0/0	0/0	0/0	0/0	0/0
1788095250.575	1/0	0/0	0/0	0/0	0/0	0/0	0/0	0/0
1788095250.618	1/0	0/0	0/0	0/0	0/0	0/0	0/0	0/0
1788095250.658	1/0	0/0	0/0	0/0	0/0	0/0	0/0	0/0
1788095250.707	1/0	0/0	0/0	0/0	0/0	0/0	0/0	0/0
1788095250.749	1/0	0/0	0/0	0/0	0/0	0/0	0/0	0/0
1788095250.794	1/0	0/0	0/0	0/0	0/0	0/0	0/0	0/0
1788095250.835	1/0	0/0	0/0	0/0	0/0	0/0	0/0	0/0
1788095250.877	1/0	0/0	0/0	0/0	0/0	0/0	0/0	0/0
1788095250.919	1/0	0/0	0/0	0/0	0/0	0/0	0/0	0/0
1788095250.961	1/0	0/0	0/0	0/0	0/0	0/0	0/0	0/0
1788095251.004	1/0	0/0	0/0	0/0	0/0	0/0	0/0	0/0
1788095251.046	1/0	0/0	0/0	0/0	0/0	0/0	0/0	0/0
1788095251.087	1/0	0/0	0/0	0/0	0/0	0/0	0/0	0/0
1788095251.127	1/0	0/0	0/0	0/0	0/0	0/0	0/0	0/0
1788095251.173	1/0	0/0	0/0	0/0	0/0	0/0	0/0	0/0
1788095251.214	1/0	0/0	0/0	0/0	0/0	0/0	0/0	0/0
1788095251.259	1/0	0/0	0/0	0/0	0/0	0/0	0/0	0/0
1788095251.301	1/0	0/0	0/0	0/0	0/0	0/0	0/0	0/0
1788095251.369	1/0	0/0	0/0	0/0	0/0	0/0	0/0	0/0
1788095251.413	1/0	0/0	0/0	0/0	0/0	0/0	0/0	0/0
1788095251.455	1/0	0/0	0/0	0/0	0/0	0/0	0/0	0/0
1788095251.499	1/0	0/0	0/0	0/0	0/0	0/0	0/0	0/0
1788095251.542	1/0	0/0	0/0	0/0	0/0	0/0	0/0	0/0
1788095251.582	1/0	0/0	0/0	0/0	0/0	0/0	0/0	0/0
1788095251.625	1/0	0/0	0/0	0/0	0/0	0/0	0/0	0/0
1788095251.667	1/0	0/0	0/0	0/0	0/0	0/0	0/0	0/0
1788095251.711	1/0	0/0	0/0	0/0	0/0	0/0	0/0	0/0
1788095251.752	1/0	0/0	0/0	0/0	0/0	0/0	0/0	0/0
1788095251.793	1/0	0/0	0/0	0/0	0/0	0/0	0/0	0/0
1788095251.834	1/0	0/0	0/0	0/0	0/0	0/0	0/0	0/0
1788095251.876	1/0	0/0	0/0	0/0	0/0	0/0	0/0	0/0
1788095251.920	1/0	0/0	0/0	0/0	0/0	0/0	0/0	0/0
1788095251.961	1/0	0/0	0/0	0/0	0/0	0/0	0/0	0/0
1788095252.004	1/0	0/0	0/0	0/0	0/0	0/0	0/0	0/0
1788095252.048	1/0	0/0	0/0	0/0	0/0	0/0	0/0	0/0
1788095252.088	1/0	0/0	0/0	0/0	0/0	0/0	0/0	0/0
1788095252.129	1/0	0/0	0/0	0/0	0/0	0/0	0/0	0/0
1788095252.173	1/0	0/0	0/0	0/0	0/0	0/0	0/0	0/0
1788095252.216	1/0	0/0	0/0	0/0	0/0	0/0	0/0	0/0
1788095252.261	1/0	0/0	0/0	0/0	0/0	0/0	0/0	0/0
1788095252.318	1/0	0/0	0/0	0/0	0/0	0/0	0/0	0/0
1788095252.384	1/0	0/0	0/0	0/0	0/0	0/0	0/0	0/0
1788095252.427	1/0	0/0	0/0	0/0	0/0	0/0	0/0	0/0
1788095252.469	1/0	0/0	0/0	0/0	0/0	0/0	0/0	0/0
1788095252.511	1/0	0/0	0/0	0/0	0/0	0/0	0/0	0/0
1788095252.555	1/0	0/0	0/0	0/0	0/0	0/0	0/0	0/0
1788095252.596	1/0	0/0	0/0	0/0	0/0	0/0	0/0	0/0
1788095252.636	1/0	0/0	0/0	0/0	0/0	0/0	0/0	0/0
1788095252.678	1/0	0/0	0/0	0/0	0/0	0/0	0/0	0/0
1788095252.719	1/0	0/0	0/0	0/0	0/0	0/0	0/0	0/0
1788095252.760	1/0	0/0	0/0	0/0	0/0	0/0	0/0	0/0
1788095252.803	1/0	0/0	0/0	0/0	0/0	0/0	0/0	0/0
1788095252.846	1/0	0/0	0/0	0/0	0/0	0/0	0/0	0/0
1788095252.886	1/0	0/0	0/0	0/0	0/0	0/0	0/0	0/0
1788095252.929	1/0	0/0	0/0	0/0	0/0	0/0	0/0	0/0
1788095252.970	1/0	0/0	0/0	0/0	0/0	0/0	0/0	0/0
1788095253.009	1/0	0/0	0/0	0/0	0/0	0/0	0/0	0/0
1788095253.048	1/0	0/0	0/0	0/0	0/0	0/0	0/0	0/0
1788095253.086	1/0	0/0	0/0	0/0	0/0	0/0	0/0	0/0
1788095253.125	1/0	0/0	0/0	0/0	0/0	0/0	0/0	0/0
1788095253.163	1/0	0/0	0/0	0/0	0/0	0/0	0/0	0/0
1788095253.202	1/0	0/0	0/0	0/0	0/0	0/0	0/0	0/0
1788095253.252	1/0	0/0	0/0	0/0	0/0	0/0	0/0	0/0
1788095253.299	1/0	0/0	0/0	0/0	0/0	0/0	0/0	0/0
1788095253.360	1/0	0/0	0/0	0/0	0/0	0/0	0/0	0/0
1788095253.403	1/0	0/0	0/0	0/0	0/0	0/0	0/0	0/0
1788095253.447	1/0	1/0	0/0	0/0	0/0	0/0	0/0	0/0
1788095253.489	1/0	1/0	0/0	0/0	0/0	0/0	0/0	0/0
1788095253.534	1/0	1/0	0/0	0/0	0/0	0/0	0/0	0/0
1788095253.576	1/0	1/0	0/0	0/0	0/0	0/0	0/0	0/0
1788095253.618	1/0	1/0	0/0	0/0	0/0	0/0	0/0	0/0
1788095253.660	1/0	1/0	0/0	0/0	0/0	0/0	0/0	0/0
1788095253.705	1/0	1/0	0/0	0/0	0/0	0/0	0/0	0/0
1788095253.749	1/0	1/0	0/0	0/0	0/0	0/0	0/0	0/0
1788095253.793	1/0	1/0	0/0	0/0	0/0	0/0	0/0	0/0
1788095253.836	1/0	1/0	0/0	0/0	0/0	0/0	0/0	0/0
1788095253.879	1/0	1/0	0/0	0/0	0/0	0/0	0/0	0/0
1788095253.921	1/0	1/0	0/0	0/0	0/0	0/0	0/0	0/0
1788095253.962	1/0	1/0	0/0	0/0	0/0	0/0	0/0	0/0
1788095254.005	1/0	1/0	0/0	0/0	0/0	0/0	0/0	0/0
1788095254.046	1/0	1/0	0/0	0/0	0/0	0/0	0/0	0/0
1788095254.087	1/0	1/0	0/0	0/0	0/0	0/0	0/0	0/0
1788095254.128	1/0	1/0	0/0	0/0	0/0	0/0	0/0	0/0
1788095254.169	1/0	1/0	0/0	0/0	0/0	0/0	0/0	0/0
1788095254.209	1/0	1/0	0/0	0/0	0/0	0/0	0/0	0/0
1788095254.252	1/0	1/0	0/0	0/0	0/0	0/0	0/0	0/0
1788095254.294	1/0	1/0	0/0	0/0	0/0	0/0	0/0	0/0
1788095254.357	1/0	1/0	0/0	0/0	0/0	0/0	0/0	0/0
1788095254.398	1/0	1/0	0/0	0/0	0/0	0/0	0/0	0/0
1788095254.439	1/0	1/0	0/0	0/0	0/0	0/0	0/0	0/0
1788095254.480	1/0	1/0	0/0	0/0	0/0	0/0	0/0	0/0
1788095254.522	1/0	1/0	0/0	0/0	0/0	0/0	0/0	0/0
1788095254.565	1/0	1/0	0/0	0/0	0/0	0/0	0/0	0/0
1788095254.607	1/0	1/0	0/0	0/0	0/0	0/0	0/0	0/0
1788095254.651	1/0	1/0	0/0	0/0	0/0	0/0	0/0	0/0
1788095254.692	1/0	1/0	0/0	0/0	0/0	0/0	0/0	0/0
1788095254.735	1/0	1/0	0/0	0/0	0/0	0/0	0/0	0/0
1788095254.782	1/0	1/0	0/0	0/0	0/0	0/0	0/0	0/0
1788095254.824	1/0	1/0	0/0	0/0	0/0	0/0	0/0	0/0
1788095254.865	1/0	1/0	0/0	0/0	0/0	0/0	0/0	0/0
1788095254.905	1/0	1/0	0/0	0/0	0/0	0/0	0/0	0/0
1788095254.946	1/0	1/0	0/0	0/0	0/0	0/0	0/0	0/0
1788095254.988	1/0	1/0	0/0	0/0	0/0	0/0	0/0	0/0
1788095255.029	1/0	1/0	0/0	0/0	0/0	0/0	0/0	0/0
1788095255.072	1/0	1/0	0/0	0/0	0/0	0/0	0/0	0/0
1788095255.113	1/0	1/0	0/0	0/0	0/0	0/0	0/0	0/0
1788095255.154	1/0	1/0	0/0	0/0	0/0	0/0	0/0	0/0
1788095255.195	1/0	1/0	0/0	0/0	0/0	0/0	0/0	0/0
1788095255.238	1/0	1/0	0/0	0/0	0/0	0/0	0/0	0/0
1788095255.280	1/0	1/0	0/0	0/0	0/0	0/0	0/0	0/0
1788095255.342	1/0	1/0	0/0	0/0	0/0	0/0	0/0	0/0
1788095255.383	1/0	1/0	0/0	0/0	0/0	0/0	0/0	0/0
1788095255.426	1/0	1/0	0/0	0/0	0/0	0/0	0/0	0/0
1788095255.468	1/0	1/0	0/0	0/0	0/0	0/0	0/0	0/0
1788095255.511	1/0	1/0	0/0	0/0	0/0	0/0	0/0	0/0
1788095255.552	1/0	1/0	0/0	0/0	0/0	0/0	0/0	0/0
1788095255.592	1/0	1/0	0/0	0/0	0/0	0/0	0/0	0/0
1788095255.638	1/0	1/0	0/0	0/0	0/0	0/0	0/0	0/0
1788095255.678	1/0	1/0	0/0	0/0	0/0	0/0	0/0	0/0
1788095255.717	1/0	1/0	0/0	0/0	0/0	0/0	0/0	0/0
1788095255.756	1/0	1/0	0/0	0/0	0/0	0/0	0/0	0/0
1788095255.796	1/0	1/0	0/0	0/0	0/0	0/0	0/0	0/0
1788095255.835	1/0	1/0	0/0	0/0	0/0	0/0	0/0	0/0
1788095255.881	1/0	1/0	0/0	0/0	0/0	0/0	0/0	0/0
1788095255.926	1/0	1/0	0/0	0/0	0/0	0/0	0/0	0/0
1788095255.968	1/0	1/0	0/0	0/0	0/0	0/0	0/0	0/0
1788095256.011	1/0	1/0	0/0	0/0	0/0	0/0	0/0	0/0
1788095256.053	1/0	1/0	0/0	0/0	0/0	0/0	0/0	0/0
1788095256.094	1/0	1/0	0/0	0/0	0/0	0/0	0/0	0/0
1788095256.136	1/0	1/0	0/0	0/0	0/0	0/0	0/0	0/0
1788095256.178	1/0	1/0	0/0	0/0	0/0	0/0	0/0	0/0
1788095256.221	1/0	1/0	0/0	0/0	0/0	0/0	0/0	0/0
1788095256.266	1/0	1/0	0/0	0/0	0/0	0/0	0/0	0/0
1788095256.338	1/0	1/0	0/0	0/0	0/0	0/0	0/0	0/0
1788095256.381	1/0	1/0	0/0	0/0	0/0	0/0	0/0	0/0
1788095256.424	1/0	1/0	1/0	0/0	0/0	0/0	0/0	0/0
1788095256.466	1/0	1/0	1/0	0/0	0/0	0/0	0/0	0/0
1788095256.510	1/0	1/0	1/0	0/0	0/0	0/0	0/0	0/0
1788095256.551	1/0	1/0	1/0	0/0	0/0	0/0	0/0	0/0
1788095256.591	1/0	1/0	1/0	0/0	0/0	0/0	0/0	0/0
1788095256.630	1/0	1/0	1/0	0/0	0/0	0/0	0/0	0/0
1788095256.669	1/0	1/0	1/0	0/0	0/0	0/0	0/0	0/0
1788095256.708	1/0	1/0	1/0	0/0	0/0	0/0	0/0	0/0
1788095256.743	1/0	1/0	1/0	0/0	0/0	0/0	0/0	0/0
1788095256.774	1/0	1/0	1/0	0/0	0/0	0/0	0/0	0/0
1788095256.802	1/0	1/0	1/0	0/0	0/0	0/0	0/0	0/0
1788095256.827	1/0	1/0	1/0	0/0	0/0	0/0	0/0	0/0
1788095256.850	1/0	1/0	1/0	0/0	0/0	0/0	0/0	0/0
1788095256.871	1/0	1/0	1/0	0/0	0/0	0/0	0/0	0/0
1788095256.889	1/0	1/0	1/0	0/0	0/0	0/0	0/0	0/0
1788095256.906	1/0	1/0	1/0	0/0	0/0	0/0	0/0	0/0
1788095256.923	1/0	1/0	1/0	0/0	0/0	0/0	0/0	0/0
1788095256.940	1/0	1/0	1/0	0/0	0/0	0/0	0/0	0/0
1788095256.956	1/0	1/0	1/0	0/0	0/0	0/0	0/0	0/0
1788095256.971	1/0	1/0	1/0	0/0	0/0	0/0	0/0	0/0
1788095256.988	1/0	1/0	1/0	0/0	0/0	0/0	0/0	0/0
1788095257.004	1/0	1/0	1/0	0/0	0/0	0/0	0/0	0/0
1788095257.019	1/0	1/0	1/0	0/0	0/0	0/0	0/0	0/0
1788095257.035	1/0	1/0	1/0	0/0	0/0	0/0	0/0	0/0
1788095257.051	1/0	1/0	1/0	0/0	0/0	0/0	0/0	0/0
1788095257.068	1/0	1/0	1/0	0/0	0/0	0/0	0/0	0/0
1788095257.084	1/0	1/0	1/0	0/0	0/0	0/0	0/0	0/0
1788095257.100	1/0	1/0	1/0	0/0	0/0	0/0	0/0	0/0
1788095257.117	1/0	1/0	1/0	0/0	0/0	0/0	0/0	0/0
1788095257.132	1/0	1/0	1/0	0/0	0/0	0/0	0/0	0/0
1788095257.148	1/0	1/0	1/0	0/0	0/0	0/0	0/0	0/0
1788095257.164	1/0	1/0	1/0	0/0	0/0	0/0	0/0	0/0
1788095257.185	1/0	1/0	1/0	0/0	0/0	0/0	0/0	0/0
1788095257.208	1/0	1/0	1/0	0/0	0/0	0/0	0/0	0/0
1788095257.230	1/0	1/0	1/0	0/0	0/0	0/0	0/0	0/0
1788095257.255	1/0	1/0	1/0	0/0	0/0	0/0	0/0	0/0
1788095257.281	1/0	1/0	1/0	0/0	0/0	0/0	0/0	0/0
1788095257.308	1/0	1/0	1/0	0/0	0/0	0/0	0/0	0/0
1788095257.335	1/0	1/0	1/0	0/0	0/0	0/0	0/0	0/0
1788095257.364	1/0	1/0	1/0	0/0	0/0	0/0	0/0	0/0
1788095257.395	1/0	1/0	1/0	0/0	0/0	0/0	0/0	0/0
1788095257.431	1/0	1/0	1/0	0/0	0/0	0/0	0/0	0/0
1788095257.459	1/0	1/0	1/0	0/0	0/0	0/0	0/0	0/0
1788095257.484	1/0	1/0	1/0	0/0	0/0	0/0	0/0	0/0
1788095257.508	1/0	1/0	1/0	0/0	0/0	0/0	0/0	0/0
1788095257.530	1/0	1/0	1/0	0/0	0/0	0/0	0/0	0/0
1788095257.550	1/0	1/0	1/0	0/0	0/0	0/0	0/0	0/0
1788095257.570	1/0	1/0	1/0	0/0	0/0	0/0	0/0	0/0
1788095257.589	1/0	1/0	1/0	0/0	0/0	0/0	0/0	0/0
1788095257.608	1/0	1/0	1/0	0/0	0/0	0/0	0/0	0/0
1788095257.625	1/0	1/0	1/0	0/0	0/0	0/0	0/0	0/0
1788095257.641	1/0	1/0	1/0	0/0	0/0	0/0	0/0	0/0
1788095257.658	1/0	1/0	1/0	0/0	0/0	0/0	0/0	0/0
1788095257.675	1/0	1/0	1/0	0/0	0/0	0/0	0/0	0/0
1788095257.691	1/0	1/0	1/0	0/0	0/0	0/0	0/0	0/0
1788095257.707	1/0	1/0	1/0	0/0	0/0	0/0	0/0	0/0
1788095257.722	1/0	1/0	1/0	0/0	0/0	0/0	0/0	0/0
1788095257.739	1/0	1/0	1/0	0/0	0/0	0/0	0/0	0/0
1788095257.755	1/0	1/0	1/0	0/0	0/0	0/0	0/0	0/0
1788095257.771	1/0	1/0	1/0	0/0	0/0	0/0	0/0	0/0
1788095257.787	1/0	1/0	1/0	0/0	0/0	0/0	0/0	0/0
1788095257.803	1/0	1/0	1/0	0/0	0/0	0/0	0/0	0/0
1788095257.819	1/0	1/0	1/0	0/0	0/0	0/0	0/0	0/0
1788095257.835	1/0	1/0	1/0	0/0	0/0	0/0	0/0	0/0
1788095257.852	1/0	1/0	1/0	0/0	0/0	0/0	0/0	0/0
1788095257.868	1/0	1/0	1/0	0/0	0/0	0/0	0/0	0/0
1788095257.884	1/0	1/0	1/0	0/0	0/0	0/0	0/0	0/0
1788095257.899	1/0	1/0	1/0	0/0	0/0	0/0	0/0	0/0
1788095257.915	1/0	1/0	1/0	0/0	0/0	0/0	0/0	0/0
1788095257.931	1/0	1/0	1/0	0/0	0/0	0/0	0/0	0/0
1788095257.947	1/0	1/0	1/0	0/0	0/0	0/0	0/0	0/0
1788095257.963	1/0	1/0	1/0	0/0	0/0	0/0	0/0	0/0
1788095257.979	1/0	1/0	1/0	0/0	0/0	0/0	0/0	0/0
1788095257.995	1/0	1/0	1/0	0/0	0/0	0/0	0/0	0/0
1788095258.011	1/0	1/0	1/0	0/0	0/0	0/0	0/0	0/0
1788095258.027	1/0	1/0	1/0	0/0	0/0	0/0	0/0	0/0
1788095258.043	1/0	1/0	1/0	0/0	0/0	0/0	0/0	0/0
1788095258.059	1/0	1/0	1/0	0/0	0/0	0/0	0/0	0/0
1788095258.075	1/0	1/0	1/0	0/0	0/0	0/0	0/0	0/0
1788095258.091	1/0	1/0	1/0	0/0	0/0	0/0	0/0	0/0
1788095258.107	1/0	1/0	1/0	0/0	0/0	0/0	0/0	0/0
1788095258.123	1/0	1/0	1/0	0/0	0/0	0/0	0/0	0/0
1788095258.139	1/0	1/0	1/0	0/0	0/0	0/0	0/0	0/0
1788095258.155	1/0	1/0	1/0	0/0	0/0	0/0	0/0	0/0
1788095258.170	1/0	1/0	1/0	0/0	0/0	0/0	0/0	0/0
1788095258.187	1/0	1/0	1/0	0/0	0/0	0/0	0/0	0/0
1788095258.203	1/0	1/0	1/0	0/0	0/0	0/0	0/0	0/0
1788095258.220	1/0	1/0	1/0	0/0	0/0	0/0	0/0	0/0
1788095258.236	1/0	1/0	1/0	0/0	0/0	0/0	0/0	0/0
1788095258.253	1/0	1/0	1/0	0/0	0/0	0/0	0/0	0/0
1788095258.272	1/0	1/0	1/0	0/0	0/0	0/0	0/0	0/0
1788095258.301	1/0	1/0	1/0	0/0	0/0	0/0	0/0	0/0
1788095258.326	1/0	1/0	1/0	0/0	0/0	0/0	0/0	0/0
1788095258.346	1/0	1/0	1/0	0/0	0/0	0/0	0/0	0/0
1788095258.364	1/0	1/0	1/0	0/0	0/0	0/0	0/0	0/0
1788095258.380	1/0	1/0	1/0	0/0	0/0	0/0	0/0	0/0
1788095258.395	1/0	1/0	1/0	0/0	0/0	0/0	0/0	0/0
1788095258.411	1/0	1/0	1/0	0/0	0/0	0/0	0/0	0/0
1788095258.427	1/0	1/0	1/0	0/0	0/0	0/0	0/0	0/0
1788095258.443	1/0	1/0	1/0	0/0	0/0	0/0	0/0	0/0
1788095258.459	1/0	1/0	1/0	0/0	0/0	0/0	0/0	0/0
1788095258.475	1/0	1/0	1/0	0/0	0/0	0/0	0/0	0/0
1788095258.491	1/0	1/0	1/0	0/0	0/0	0/0	0/0	0/0
1788095258.507	1/0	1/0	1/0	0/0	0/0	0/0	0/0	0/0
1788095258.523	1/0	1/0	1/0	0/0	0/0	0/0	0/0	0/0
1788095258.539	1/0	1/0	1/0	0/0	0/0	0/0	0/0	0/0
1788095258.555	1/0	1/0	1/0	0/0	0/0	0/0	0/0	0/0
1788095258.570	1/0	1/0	1/0	0/0	0/0	0/0	0/0	0/0
1788095258.586	1/0	1/0	1/0	0/0	0/0	0/0	0/0	0/0
1788095258.602	1/0	1/0	1/0	0/0	0/0	0/0	0/0	0/0
1788095258.618	1/0	1/0	1/0	0/0	0/0	0/0	0/0	0/0
1788095258.643	1/0	1/0	1/0	0/0	0/0	0/0	0/0	0/0
1788095258.667	1/0	1/0	1/0	0/0	0/0	0/0	0/0	0/0
1788095258.691	1/0	1/0	1/0	0/0	0/0	0/0	0/0	0/0
1788095258.716	1/0	1/0	1/0	0/0	0/0	0/0	0/0	0/0
1788095258.743	1/0	1/0	1/0	0/0	0/0	0/0	0/0	0/0
1788095258.770	1/0	1/0	1/0	0/0	0/0	0/0	0/0	0/0
1788095258.798	1/0	1/0	1/0	0/0	0/0	0/0	0/0	0/0
1788095258.828	1/0	1/0	1/0	0/0	0/0	0/0	0/0	0/0
1788095258.863	1/0	1/0	1/0	0/0	0/0	0/0	0/0	0/0
1788095258.908	1/0	1/0	1/0	0/0	0/0	0/0	0/0	0/0
1788095258.948	1/0	1/0	1/0	0/0	0/0	0/0	0/0	0/0
1788095258.990	1/0	1/0	1/0	0/0	0/0	0/0	0/0	0/0
1788095259.028	1/0	1/0	1/0	0/0	0/0	0/0	0/0	0/0
1788095259.065	1/0	1/0	1/0	0/0	0/0	0/0	0/0	0/0
1788095259.108	1/0	1/0	1/0	0/0	0/0	0/0	0/0	0/0
1788095259.149	1/0	1/0	1/0	0/0	0/0	0/0	0/0	0/0
1788095259.191	1/0	1/0	1/0	0/0	0/0	0/0	0/0	0/0
1788095259.235	1/0	1/0	1/0	0/0	0/0	0/0	0/0	0/0
1788095259.281	1/0	1/0	1/0	0/0	0/0	0/0	0/0	0/0
1788095259.340	1/0	1/0	1/0	0/0	0/0	0/0	0/0	0/0
1788095259.384	1/0	1/0	1/0	0/0	0/0	0/0	0/0	0/0
1788095259.427	1/0	1/0	1/0	1/0	0/0	0/0	0/0	0/0
1788095259.469	1/0	1/0	1/0	1/0	0/0	0/0	0/0	0/0
1788095259.512	1/0	1/0	1/0	1/0	0/0	0/0	0/0	0/0
1788095259.555	1/0	1/0	1/0	1/0	0/0	0/0	0/0	0/0
1788095259.597	1/0	1/0	1/0	1/0	0/0	0/0	0/0	0/0
1788095259.637	1/0	1/0	1/0	1/0	0/0	0/0	0/0	0/0
1788095259.682	1/0	1/0	1/0	1/0	0/0	0/0	0/0	0/0
1788095259.723	1/0	1/0	1/0	1/0	0/0	0/0	0/0	0/0
1788095259.764	1/0	1/0	1/0	1/0	0/0	0/0	0/0	0/0
1788095259.815	1/0	1/0	1/0	1/0	0/0	0/0	0/0	0/0
1788095259.864	1/0	1/0	1/0	1/0	0/0	0/0	0/0	0/0
1788095259.906	1/0	1/0	1/0	1/0	0/0	0/0	0/0	0/0
1788095259.947	1/0	1/0	1/0	1/0	0/0	0/0	0/0	0/0
1788095259.992	1/0	1/0	1/0	1/0	0/0	0/0	0/0	0/0
1788095260.034	1/0	1/0	1/0	1/0	0/0	0/0	0/0	0/0
1788095260.075	1/0	1/0	1/0	1/0	0/0	0/0	0/0	0/0
1788095260.114	1/0	1/0	1/0	1/0	0/0	0/0	0/0	0/0
1788095260.155	1/0	1/0	1/0	1/0	0/0	0/0	0/0	0/0
1788095260.194	1/0	1/0	1/0	1/0	0/0	0/0	0/0	0/0
1788095260.235	1/0	1/0	1/0	1/0	0/0	0/0	0/0	0/0
1788095260.280	1/0	1/0	1/0	1/0	0/0	0/0	0/0	0/0
1788095260.335	0/1	0/1	0/1	0/1	0/0	0/0	0/0	0/0
1788095260.377	0/1	0/1	0/1	0/1	0/0	0/0	0/0	0/0
1788095260.413	0/1	0/1	0/1	0/1	0/0	0/0	0/0	0/0
1788095260.445	0/1	0/1	0/1	0/1	0/0	0/0	0/0	0/0
1788095260.475	0/1	0/1	0/1	0/1	0/0	0/0	0/0	0/0
1788095260.501	0/1	0/1	0/1	0/1	0/0	0/0	0/0	0/0
1788095260.525	0/1	0/1	0/1	0/1	0/0	0/0	0/0	0/0
1788095260.546	0/1	0/1	0/1	0/1	0/0	0/0	0/0	0/0
1788095260.566	0/1	0/1	0/1	0/1	0/0	0/0	0/0	0/0
1788095260.584	0/1	0/1	0/1	0/1	0/0	0/0	0/0	0/0
1788095260.601	0/1	0/1	0/1	0/1	0/0	0/0	0/0	0/0
1788095260.616	0/1	0/1	0/1	0/1	0/0	0/0	0/0	0/0
1788095260.637	0/1	0/1	0/1	0/1	0/0	0/0	0/0	0/0
1788095260.661	0/1	0/1	0/1	0/1	0/0	0/0	0/0	0/0
1788095260.691	0/1	0/1	0/1	0/1	0/0	0/0	0/0	0/0
1788095260.718	0/1	0/1	0/1	0/1	0/0	0/0	0/0	0/0
1788095260.744	0/1	0/1	0/1	0/1	0/0	0/0	0/0	0/0
1788095260.766	0/1	0/1	0/1	0/1	0/0	0/0	0/0	0/0
1788095260.786	0/1	0/1	0/1	0/1	0/0	0/0	0/0	0/0
1788095260.805	0/1	0/1	0/1	0/1	0/0	0/0	0/0	0/0
1788095260.823	0/1	0/1	0/1	0/1	0/0	0/0	0/0	0/0
1788095260.840	0/1	0/1	0/1	0/1	0/0	0/0	0/0	0/0
1788095260.856	0/1	0/1	0/1	0/1	0/0	0/0	0/0	0/0
1788095260.872	0/1	0/1	0/1	0/1	0/0	0/0	0/0	0/0
1788095260.888	0/1	0/1	0/1	0/1	0/0	0/0	0/0	0/0
1788095260.904	0/1	0/1	0/1	0/1	0/0	0/0	0/0	0/0
1788095260.920	0/1	0/1	0/1	0/1	0/0	0/0	0/0	0/0
1788095260.936	0/1	0/1	0/1	0/1	0/0	0/0	0/0	0/0
1788095260.952	0/1	0/1	0/1	0/1	0/0	0/0	0/0	0/0
1788095260.968	0/1	0/1	0/1	0/1	0/0	0/0	0/0	0/0
1788095260.984	0/1	0/1	0/1	0/1	0/0	0/0	0/0	0/0
1788095261.001	0/1	0/1	0/1	0/1	0/0	0/0	0/0	0/0
1788095261.018	0/1	0/1	0/1	0/1	0/0	0/0	0/0	0/0
1788095261.035	0/1	0/1	0/1	0/1	0/0	0/0	0/0	0/0
1788095261.051	0/1	0/1	0/1	0/1	0/0	0/0	0/0	0/0
1788095261.067	0/1	0/1	0/1	0/1	0/0	0/0	0/0	0/0
1788095261.083	0/1	0/1	0/1	0/1	0/0	0/0	0/0	0/0
1788095261.099	0/1	0/1	0/1	0/1	0/0	0/0	0/0	0/0
1788095261.115	0/1	0/1	0/1	0/1	0/0	0/0	0/0	0/0
1788095261.131	0/1	0/1	0/1	0/1	0/0	0/0	0/0	0/0
1788095261.147	0/1	0/1	0/1	0/1	0/0	0/0	0/0	0/0
1788095261.163	0/1	0/1	0/1	0/1	0/0	0/0	0/0	0/0
1788095261.179	0/1	0/1	0/1	0/1	0/0	0/0	0/0	0/0
1788095261.195	0/1	0/1	0/1	0/1	0/0	0/0	0/0	0/0
1788095261.211	0/1	0/1	0/1	0/1	0/0	0/0	0/0	0/0
1788095261.228	0/1	0/1	0/1	0/1	0/0	0/0	0/0	0/0
1788095261.244	0/1	0/1	0/1	0/1	0/0	0/0	0/0	0/0
1788095261.260	0/1	0/1	0/1	0/1	0/0	0/0	0/0	0/0
1788095261.283	0/1	0/1	0/1	0/1	0/0	0/0	0/0	0/0
1788095261.329	0/1	0/1	0/1	0/1	0/0	0/0	0/0	0/0
1788095261.367	0/1	0/1	0/1	0/1	0/0	0/0	0/0	0/0
1788095261.406	0/1	0/1	0/1	0/1	0/0	0/0	0/0	0/0
1788095261.447	0/1	0/1	0/1	0/1	0/0	0/0	0/0	0/0
1788095261.488	0/1	0/1	0/1	0/1	0/0	0/0	0/0	0/0
1788095261.530	0/1	0/1	0/1	0/1	0/0	0/0	0/0	0/0
1788095261.568	0/1	0/1	0/1	0/1	0/0	0/0	0/0	0/0
1788095261.606	0/1	0/1	0/1	0/1	0/0	0/0	0/0	0/0
1788095261.645	0/1	0/1	0/1	0/1	0/0	0/0	0/0	0/0
1788095261.684	0/1	0/1	0/1	0/1	0/0	0/0	0/0	0/0
1788095261.722	0/1	0/1	0/1	0/1	0/0	0/0	0/0	0/0
1788095261.759	0/1	0/1	0/1	0/1	0/0	0/0	0/0	0/0
1788095261.791	0/1	0/1	0/1	0/1	0/0	0/0	0/0	0/0
1788095261.834	0/1	0/1	0/1	0/1	0/0	0/0	0/0	0/0
1788095261.871	0/1	0/1	0/1	0/1	0/0	0/0	0/0	0/0
1788095261.903	0/1	0/1	0/1	0/1	0/0	0/0	0/0	0/0
1788095261.945	0/1	0/1	0/1	0/1	0/0	0/0	0/0	0/0
1788095262.000	0/1	0/1	0/1	0/1	0/0	0/0	0/0	0/0
1788095262.044	0/1	0/1	0/1	0/1	0/0	0/0	0/0	0/0
1788095262.085	0/1	0/1	0/1	0/1	0/0	0/0	0/0	0/0
1788095262.128	0/1	0/1	0/1	0/1	0/0	0/0	0/0	0/0
1788095262.170	0/1	0/1	0/1	0/1	0/0	0/0	0/0	0/0
1788095262.212	0/1	0/1	0/1	0/1	0/0	0/0	0/0	0/0
1788095262.258	0/1	0/1	0/1	0/1	0/0	0/0	0/0	0/0
1788095262.303	0/1	0/1	0/1	0/1	0/0	0/0	0/0	0/0
1788095262.365	0/1	0/1	0/1	0/1	0/0	0/0	0/0	0/0
1788095262.407	0/1	0/1	0/1	0/1	1/0	0/0	0/0	0/0
1788095262.446	0/1	0/1	0/1	0/1	1/0	0/0	0/0	0/0
1788095262.490	0/1	0/1	0/1	0/1	1/0	0/0	0/0	0/0
1788095262.535	0/1	0/1	0/1	0/1	1/0	0/0	0/0	0/0
1788095262.577	0/1	0/1	0/1	0/1	1/0	0/0	0/0	0/0
1788095262.620	0/1	0/1	0/1	0/1	1/0	0/0	0/0	0/0
1788095262.665	0/1	0/1	0/1	0/1	1/0	0/0	0/0	0/0
1788095262.707	0/1	0/1	0/1	0/1	1/0	0/0	0/0	0/0
1788095262.749	0/1	0/1	0/1	0/1	1/0	0/0	0/0	0/0
1788095262.796	0/1	0/1	0/1	0/1	1/0	0/0	0/0	0/0
1788095262.839	0/1	0/1	0/1	0/1	1/0	0/0	0/0	0/0
1788095262.884	0/1	0/1	0/1	0/1	1/0	0/0	0/0	0/0
1788095262.925	0/1	0/1	0/1	0/1	1/0	0/0	0/0	0/0
1788095262.965	0/1	0/1	0/1	0/1	1/0	0/0	0/0	0/0
1788095263.006	0/1	0/1	0/1	0/1	1/0	0/0	0/0	0/0
1788095263.046	0/1	0/1	0/1	0/1	1/0	0/0	0/0	0/0
1788095263.092	0/1	0/1	0/1	0/1	1/0	0/0	0/0	0/0
1788095263.137	0/1	0/1	0/1	0/1	1/0	0/0	0/0	0/0
1788095263.178	0/1	0/1	0/1	0/1	1/0	0/0	0/0	0/0
1788095263.220	0/1	0/1	0/1	0/1	1/0	0/0	0/0	0/0
1788095263.283	0/1	0/1	0/1	0/1	1/0	0/0	0/0	0/0
1788095263.338	0/1	0/1	0/1	0/1	1/0	0/0	0/0	0/0
1788095263.381	0/1	0/1	0/1	0/1	1/0	0/0	0/0	0/0
1788095263.423	0/1	0/1	0/1	0/1	1/0	0/0	0/0	0/0
1788095263.466	0/1	0/1	0/1	0/1	1/0	0/0	0/0	0/0
1788095263.509	0/1	0/1	0/1	0/1	1/0	0/0	0/0	0/0
1788095263.551	0/1	0/1	0/1	0/1	1/0	0/0	0/0	0/0
1788095263.592	0/1	0/1	0/1	0/1	1/0	0/0	0/0	0/0
1788095263.634	0/1	0/1	0/1	0/1	1/0	0/0	0/0	0/0
1788095263.677	0/1	0/1	0/1	0/1	1/0	0/0	0/0	0/0
1788095263.722	0/1	0/1	0/1	0/1	1/0	0/0	0/0	0/0
1788095263.765	0/1	0/1	0/1	0/1	1/0	0/0	0/0	0/0
1788095263.807	0/1	0/1	0/1	0/1	1/0	0/0	0/0	0/0
1788095263.851	0/1	0/1	0/1	0/1	1/0	0/0	0/0	0/0
1788095263.892	0/1	0/1	0/1	0/1	1/0	0/0	0/0	0/0
1788095263.933	0/1	0/1	0/1	0/1	1/0	0/0	0/0	0/0
1788095263.975	0/1	0/1	0/1	0/1	1/0	0/0	0/0	0/0
1788095264.018	0/1	0/1	0/1	0/1	1/0	0/0	0/0	0/0
1788095264.066	0/1	0/1	0/1	0/1	1/0	0/0	0/0	0/0
1788095264.107	0/1	0/1	0/1	0/1	1/0	0/0	0/0	0/0
1788095264.148	0/1	0/1	0/1	0/1	1/0	0/0	0/0	0/0
1788095264.189	0/1	0/1	0/1	0/1	1/0	0/0	0/0	0/0
1788095264.233	0/1	0/1	0/1	0/1	1/0	0/0	0/0	0/0
1788095264.277	0/1	0/1	0/1	0/1	1/0	0/0	0/0	0/0
1788095264.349	0/1	0/1	0/1	0/1	1/0	0/0	0/0	0/0
1788095264.411	0/1	0/1	0/1	0/1	1/0	0/0	0/0	0/0
1788095264.454	0/1	0/1	0/1	0/1	1/0	0/0	0/0	0/0
1788095264.497	0/1	0/1	0/1	0/1	1/0	0/0	0/0	0/0
1788095264.540	0/1	0/1	0/1	0/1	1/0	0/0	0/0	0/0
1788095264.583	0/1	0/1	0/1	0/1	1/0	0/0	0/0	0/0
1788095264.624	0/1	0/1	0/1	0/1	1/0	0/0	0/0	0/0
1788095264.667	0/1	0/1	0/1	0/1	1/0	0/0	0/0	0/0
1788095264.708	0/1	0/1	0/1	0/1	1/0	0/0	0/0	0/0
1788095264.753	0/1	0/1	0/1	0/1	1/0	0/0	0/0	0/0
1788095264.794	0/1	0/1	0/1	0/1	1/0	0/0	0/0	0/0
1788095264.847	0/1	0/1	0/1	0/1	1/0	0/0	0/0	0/0
1788095264.891	0/1	0/1	0/1	0/1	1/0	0/0	0/0	0/0
1788095264.932	0/1	0/1	0/1	0/1	1/0	0/0	0/0	0/0
1788095264.973	0/1	0/1	0/1	0/1	1/0	0/0	0/0	0/0
1788095265.016	0/1	0/1	0/1	0/1	1/0	0/0	0/0	0/0
1788095265.058	0/1	0/1	0/1	0/1	1/0	0/0	0/0	0/0
1788095265.100	0/1	0/1	0/1	0/1	1/0	0/0	0/0	0/0
1788095265.142	0/1	0/1	0/1	0/1	1/0	0/0	0/0	0/0
1788095265.183	0/1	0/1	0/1	0/1	1/0	0/0	0/0	0/0
1788095265.227	0/1	0/1	0/1	0/1	1/0	0/0	0/0	0/0
1788095265.274	0/1	0/1	0/1	0/1	1/0	0/0	0/0	0/0
1788095265.335	0/1	0/1	0/1	0/1	1/0	0/0	0/0	0/0
1788095265.382	0/1	0/1	0/1	0/1	1/0	0/0	0/0	0/0
1788095265.439	0/1	0/1	0/1	0/1	1/0	1/0	0/0	0/0
1788095265.481	0/1	0/1	0/1	0/1	1/0	1/0	0/0	0/0
1788095265.523	0/1	0/1	0/1	0/1	1/0	1/0	0/0	0/0
1788095265.570	0/1	0/1	0/1	0/1	1/0	1/0	0/0	0/0
1788095265.611	0/1	0/1	0/1	0/1	1/0	1/0	0/0	0/0
1788095265.655	0/1	0/1	0/1	0/1	1/0	1/0	0/0	0/0
1788095265.698	0/1	0/1	0/1	0/1	1/0	1/0	0/0	0/0
1788095265.743	0/1	0/1	0/1	0/1	1/0	1/0	0/0	0/0
1788095265.786	0/1	0/1	0/1	0/1	1/0	1/0	0/0	0/0
1788095265.828	0/1	0/1	0/1	0/1	1/0	1/0	0/0	0/0
1788095265.870	0/1	0/1	0/1	0/1	1/0	1/0	0/0	0/0
1788095265.912	0/1	0/1	0/1	0/1	1/0	1/0	0/0	0/0
1788095265.960	0/1	0/1	0/1	0/1	1/0	1/0	0/0	0/0
1788095266.005	0/1	0/1	0/1	0/1	1/0	1/0	0/0	0/0
1788095266.047	0/1	0/1	0/1	0/1	1/0	1/0	0/0	0/0
1788095266.090	0/1	0/1	0/1	0/1	1/0	1/0	0/0	0/0
1788095266.139	0/1	0/1	0/1	0/1	1/0	1/0	0/0	0/0
1788095266.186	0/1	0/1	0/1	0/1	1/0	1/0	0/0	0/0
1788095266.228	0/1	0/1	0/1	0/1	1/0	1/0	0/0	0/0
1788095266.271	0/1	0/1	0/1	0/1	1/0	1/0	0/0	0/0
1788095266.336	0/1	0/1	0/1	0/1	1/0	1/0	0/0	0/0
1788095266.379	0/1	0/1	0/1	0/1	1/0	1/0	0/0	0/0
1788095266.419	0/1	0/1	0/1	0/1	1/0	1/0	0/0	0/0
1788095266.460	0/1	0/1	0/1	0/1	1/0	1/0	0/0	0/0
1788095266.507	0/1	0/1	0/1	0/1	1/0	1/0	0/0	0/0
1788095266.550	0/1	0/1	0/1	0/1	1/0	1/0	0/0	0/0
1788095266.591	0/1	0/1	0/1	0/1	1/0	1/0	0/0	0/0
1788095266.635	0/1	0/1	0/1	0/1	1/0	1/0	0/0	0/0
1788095266.681	0/1	0/1	0/1	0/1	1/0	1/0	0/0	0/0
1788095266.727	0/1	0/1	0/1	0/1	1/0	1/0	0/0	0/0
1788095266.782	0/1	0/1	0/1	0/1	1/0	1/0	0/0	0/0
1788095266.852	0/1	0/1	0/1	0/1	1/0	1/0	0/0	0/0
1788095266.900	0/1	0/1	0/1	0/1	1/0	1/0	0/0	0/0
1788095266.943	0/1	0/1	0/1	0/1	1/0	1/0	0/0	0/0
1788095266.984	0/1	0/1	0/1	0/1	1/0	1/0	0/0	0/0
1788095267.027	0/1	0/1	0/1	0/1	1/0	1/0	0/0	0/0
1788095267.069	0/1	0/1	0/1	0/1	1/0	1/0	0/0	0/0
1788095267.110	0/1	0/1	0/1	0/1	1/0	1/0	0/0	0/0
1788095267.153	0/1	0/1	0/1	0/1	1/0	1/0	0/0	0/0
1788095267.193	0/1	0/1	0/1	0/1	1/0	1/0	0/0	0/0
1788095267.237	0/1	0/1	0/1	0/1	1/0	1/0	0/0	0/0
1788095267.283	0/1	0/1	0/1	0/1	1/0	1/0	0/0	0/0
1788095267.341	0/1	0/1	0/1	0/1	1/0	1/0	0/0	0/0
1788095267.387	0/1	0/1	0/1	0/1	1/0	1/0	0/0	0/0
1788095267.429	0/1	0/1	0/1	0/1	1/0	1/0	0/0	0/0
1788095267.472	0/1	0/1	0/1	0/1	1/0	1/0	0/0	0/0
1788095267.519	0/1	0/1	0/1	0/1	1/0	1/0	0/0	0/0
1788095267.576	0/1	0/1	0/1	0/1	1/0	1/0	0/0	0/0
1788095267.628	0/1	0/1	0/1	0/1	1/0	1/0	0/0	0/0
1788095267.671	0/1	0/1	0/1	0/1	1/0	1/0	0/0	0/0
1788095267.713	0/1	0/1	0/1	0/1	1/0	1/0	0/0	0/0
1788095267.756	0/1	0/1	0/1	0/1	1/0	1/0	0/0	0/0
1788095267.799	0/1	0/1	0/1	0/1	1/0	1/0	0/0	0/0
1788095267.841	0/1	0/1	0/1	0/1	1/0	1/0	0/0	0/0
1788095267.884	0/1	0/1	0/1	0/1	1/0	1/0	0/0	0/0
1788095267.926	0/1	0/1	0/1	0/1	1/0	1/0	0/0	0/0
1788095267.968	0/1	0/1	0/1	0/1	1/0	1/0	0/0	0/0
1788095268.011	0/1	0/1	0/1	0/1	1/0	1/0	0/0	0/0
1788095268.053	0/1	0/1	0/1	0/1	1/0	1/0	0/0	0/0
1788095268.094	0/1	0/1	0/1	0/1	1/0	1/0	0/0	0/0
1788095268.137	0/1	0/1	0/1	0/1	1/0	1/0	0/0	0/0
1788095268.178	0/1	0/1	0/1	0/1	1/0	1/0	0/0	0/0
1788095268.220	0/1	0/1	0/1	0/1	1/0	1/0	0/0	0/0
1788095268.264	0/1	0/1	0/1	0/1	1/0	1/0	0/0	0/0
1788095268.335	0/1	0/1	0/1	0/1	1/0	1/0	0/0	0/0
1788095268.381	0/1	0/1	0/1	0/1	1/0	1/0	0/0	0/0
1788095268.426	0/1	0/1	0/1	0/1	1/0	1/0	1/0	0/0
1788095268.467	0/1	0/1	0/1	0/1	1/0	1/0	1/0	0/0
1788095268.509	0/1	0/1	0/1	0/1	1/0	1/0	1/0	0/0
1788095268.551	0/1	0/1	0/1	0/1	1/0	1/0	1/0	0/0
1788095268.592	0/1	0/1	0/1	0/1	1/0	1/0	1/0	0/0
1788095268.634	0/1	0/1	0/1	0/1	1/0	1/0	1/0	0/0
1788095268.677	0/1	0/1	0/1	0/1	1/0	1/0	1/0	0/0
1788095268.719	0/1	0/1	0/1	0/1	1/0	1/0	1/0	0/0
1788095268.762	0/1	0/1	0/1	0/1	1/0	1/0	1/0	0/0
1788095268.804	0/1	0/1	0/1	0/1	1/0	1/0	1/0	0/0
1788095268.847	0/1	0/1	0/1	0/1	1/0	1/0	1/0	0/0
1788095268.889	0/1	0/1	0/1	0/1	1/0	1/0	1/0	0/0
1788095268.930	0/1	0/1	0/1	0/1	1/0	1/0	1/0	0/0
1788095268.973	0/1	0/1	0/1	0/1	1/0	1/0	1/0	0/0
1788095269.015	0/1	0/1	0/1	0/1	1/0	1/0	1/0	0/0
1788095269.057	0/1	0/1	0/1	0/1	1/0	1/0	1/0	0/0
1788095269.099	0/1	0/1	0/1	0/1	1/0	1/0	1/0	0/0
1788095269.143	0/1	0/1	0/1	0/1	1/0	1/0	1/0	0/0
1788095269.185	0/1	0/1	0/1	0/1	1/0	1/0	1/0	0/0
1788095269.236	0/1	0/1	0/1	0/1	1/0	1/0	1/0	0/0
1788095269.279	0/1	0/1	0/1	0/1	1/0	1/0	1/0	0/0
1788095269.341	0/1	0/1	0/1	0/1	1/0	1/0	1/0	0/0
1788095269.382	0/1	0/1	0/1	0/1	1/0	1/0	1/0	0/0
1788095269.423	0/1	0/1	0/1	0/1	1/0	1/0	1/0	0/0
1788095269.464	0/1	0/1	0/1	0/1	1/0	1/0	1/0	0/0
1788095269.507	0/1	0/1	0/1	0/1	1/0	1/0	1/0	0/0
1788095269.550	0/1	0/1	0/1	0/1	1/0	1/0	1/0	0/0
1788095269.592	0/1	0/1	0/1	0/1	1/0	1/0	1/0	0/0
1788095269.635	0/1	0/1	0/1	0/1	1/0	1/0	1/0	0/0
1788095269.678	0/1	0/1	0/1	0/1	1/0	1/0	1/0	0/0
1788095269.717	0/1	0/1	0/1	0/1	1/0	1/0	1/0	0/0
1788095269.757	0/1	0/1	0/1	0/1	1/0	1/0	1/0	0/0
1788095269.796	0/1	0/1	0/1	0/1	1/0	1/0	1/0	0/0
1788095269.830	0/1	0/1	0/1	0/1	1/0	1/0	1/0	0/0
1788095269.862	0/1	0/1	0/1	0/1	1/0	1/0	1/0	0/0
1788095269.890	0/1	0/1	0/1	0/1	1/0	1/0	1/0	0/0
1788095269.916	0/1	0/1	0/1	0/1	1/0	1/0	1/0	0/0
1788095269.939	0/1	0/1	0/1	0/1	1/0	1/0	1/0	0/0
1788095269.960	0/1	0/1	0/1	0/1	1/0	1/0	1/0	0/0
1788095269.979	0/1	0/1	0/1	0/1	1/0	1/0	1/0	0/0
1788095269.998	0/1	0/1	0/1	0/1	1/0	1/0	1/0	0/0
1788095270.015	0/1	0/1	0/1	0/1	1/0	1/0	1/0	0/0
1788095270.031	0/1	0/1	0/1	0/1	1/0	1/0	1/0	0/0
1788095270.047	0/1	0/1	0/1	0/1	1/0	1/0	1/0	0/0
1788095270.063	0/1	0/1	0/1	0/1	1/0	1/0	1/0	0/0
1788095270.079	0/1	0/1	0/1	0/1	1/0	1/0	1/0	0/0
1788095270.095	0/1	0/1	0/1	0/1	1/0	1/0	1/0	0/0
1788095270.111	0/1	0/1	0/1	0/1	1/0	1/0	1/0	0/0
1788095270.127	0/1	0/1	0/1	0/1	1/0	1/0	1/0	0/0
1788095270.144	0/1	0/1	0/1	0/1	1/0	1/0	1/0	0/0
1788095270.161	0/1	0/1	0/1	0/1	1/0	1/0	1/0	0/0
1788095270.177	0/1	0/1	0/1	0/1	1/0	1/0	1/0	0/0
1788095270.193	0/1	0/1	0/1	0/1	1/0	1/0	1/0	0/0
1788095270.209	0/1	0/1	0/1	0/1	1/0	1/0	1/0	0/0
1788095270.225	0/1	0/1	0/1	0/1	1/0	1/0	1/0	0/0
1788095270.248	0/1	0/1	0/1	0/1	1/0	1/0	1/0	0/0
1788095270.273	0/1	0/1	0/1	0/1	1/0	1/0	1/0	0/0
1788095270.297	0/1	0/1	0/1	0/1	1/0	1/0	1/0	0/0
1788095270.319	0/1	0/1	0/1	0/1	1/0	1/0	1/0	0/0
1788095270.345	0/1	0/1	0/1	0/1	1/0	1/0	1/0	0/0
1788095270.371	0/1	0/1	0/1	0/1	1/0	1/0	1/0	0/0
1788095270.399	0/1	0/1	0/1	0/1	1/0	1/0	1/0	0/0
1788095270.429	0/1	0/1	0/1	0/1	1/0	1/0	1/0	0/0
1788095270.459	0/1	0/1	0/1	0/1	1/0	1/0	1/0	0/0
1788095270.490	0/1	0/1	0/1	0/1	1/0	1/0	1/0	0/0
1788095270.522	0/1	0/1	0/1	0/1	1/0	1/0	1/0	0/0
1788095270.560	0/1	0/1	0/1	0/1	1/0	1/0	1/0	0/0
1788095270.597	0/1	0/1	0/1	0/1	1/0	1/0	1/0	0/0
1788095270.633	0/1	0/1	0/1	0/1	1/0	1/0	1/0	0/0
1788095270.671	0/1	0/1	0/1	0/1	1/0	1/0	1/0	0/0
1788095270.712	0/1	0/1	0/1	0/1	1/0	1/0	1/0	0/0
1788095270.752	0/1	0/1	0/1	0/1	1/0	1/0	1/0	0/0
1788095270.804	0/1	0/1	0/1	0/1	1/0	1/0	1/0	0/0
1788095270.855	0/1	0/1	0/1	0/1	1/0	1/0	1/0	0/0
1788095270.905	0/1	0/1	0/1	0/1	1/0	1/0	1/0	0/0
1788095270.951	0/1	0/1	0/1	0/1	1/0	1/0	1/0	0/0
1788095271.004	0/1	0/1	0/1	0/1	1/0	1/0	1/0	0/0
1788095271.050	0/1	0/1	0/1	0/1	0/1	0/1	0/1	0/0
1788095271.094	0/1	0/1	0/1	0/1	0/1	0/1	0/1	0/0
1788095271.137	0/1	0/1	0/1	0/1	0/1	0/1	0/1	0/0
1788095271.178	0/1	0/1	0/1	0/1	0/1	0/1	0/1	0/0
1788095271.221	0/1	0/1	0/1	0/1	0/1	0/1	0/1	0/0
1788095271.267	0/1	0/1	0/1	0/1	0/1	0/1	0/1	0/0
1788095271.338	0/1	0/1	0/1	0/1	0/1	0/1	0/1	0/0
1788095271.379	0/1	0/1	0/1	0/1	0/1	0/1	0/1	0/0
1788095271.422	0/1	0/1	0/1	0/1	0/1	0/1	0/1	1/0
1788095271.462	0/1	0/1	0/1	0/1	0/1	0/1	0/1	1/0
1788095271.506	0/1	0/1	0/1	0/1	0/1	0/1	0/1	1/0
1788095271.549	0/1	0/1	0/1	0/1	0/1	0/1	0/1	1/0
1788095271.589	0/1	0/1	0/1	0/1	0/1	0/1	0/1	1/0
1788095271.630	0/1	0/1	0/1	0/1	0/1	0/1	0/1	1/0
1788095271.672	0/1	0/1	0/1	0/1	0/1	0/1	0/1	1/0
1788095271.713	0/1	0/1	0/1	0/1	0/1	0/1	0/1	1/0
1788095271.760	0/1	0/1	0/1	0/1	0/1	0/1	0/1	1/0
1788095271.804	0/1	0/1	0/1	0/1	0/1	0/1	0/1	1/0
1788095271.846	0/1	0/1	0/1	0/1	0/1	0/1	0/1	1/0
1788095271.889	0/1	0/1	0/1	0/1	0/1	0/1	0/1	1/0
1788095271.929	0/1	0/1	0/1	0/1	0/1	0/1	0/1	1/0
1788095271.969	0/1	0/1	0/1	0/1	0/1	0/1	0/1	1/0
1788095272.013	0/1	0/1	0/1	0/1	0/1	0/1	0/1	1/0
1788095272.055	0/1	0/1	0/1	0/1	0/1	0/1	0/1	1/0
1788095272.096	0/1	0/1	0/1	0/1	0/1	0/1	0/1	1/0
1788095272.138	0/1	0/1	0/1	0/1	0/1	0/1	0/1	1/0
1788095272.183	0/1	0/1	0/1	0/1	0/1	0/1	0/1	1/0
1788095272.227	0/1	0/1	0/1	0/1	0/1	0/1	0/1	1/0
1788095272.271	0/1	0/1	0/1	0/1	0/1	0/1	0/1	1/0
1788095272.335	0/1	0/1	0/1	0/1	0/1	0/1	0/1	1/0
1788095272.381	0/1	0/1	0/1	0/1	0/1	0/1	0/1	1/0
1788095272.424	0/1	0/1	0/1	0/1	0/1	0/1	0/1	1/0
1788095272.467	0/1	0/1	0/1	0/1	0/1	0/1	0/1	1/0
1788095272.509	0/1	0/1	0/1	0/1	0/1	0/1	0/1	1/0
1788095272.551	0/1	0/1	0/1	0/1	0/1	0/1	0/1	1/0
1788095272.594	0/1	0/1	0/1	0/1	0/1	0/1	0/1	1/0
1788095272.635	0/1	0/1	0/1	0/1	0/1	0/1	0/1	1/0
1788095272.694	0/1	0/1	0/1	0/1	0/1	0/1	0/1	1/0
1788095272.742	0/1	0/1	0/1	0/1	0/1	0/1	0/1	1/0
1788095272.800	0/1	0/1	0/1	0/1	0/1	0/1	0/1	1/0
1788095272.844	0/1	0/1	0/1	0/1	0/1	0/1	0/1	1/0
1788095272.888	0/1	0/1	0/1	0/1	0/1	0/1	0/1	1/0
1788095272.931	0/1	0/1	0/1	0/1	0/1	0/1	0/1	1/0
1788095272.984	0/1	0/1	0/1	0/1	0/1	0/1	0/1	1/0
1788095273.030	0/1	0/1	0/1	0/1	0/1	0/1	0/1	1/0
1788095273.069	0/1	0/1	0/1	0/1	0/1	0/1	0/1	1/0
1788095273.108	0/1	0/1	0/1	0/1	0/1	0/1	0/1	1/0
1788095273.147	0/1	0/1	0/1	0/1	0/1	0/1	0/1	1/0
1788095273.198	0/1	0/1	0/1	0/1	0/1	0/1	0/1	1/0
1788095273.252	0/1	0/1	0/1	0/1	0/1	0/1	0/1	1/0
1788095273.299	0/1	0/1	0/1	0/1	0/1	0/1	0/1	1/0
1788095273.361	0/1	0/1	0/1	0/1	0/1	0/1	0/1	1/0
1788095273.401	0/1	0/1	0/1	0/1	0/1	0/1	0/1	1/0
1788095273.440	0/1	0/1	0/1	0/1	0/1	0/1	0/1	1/0
1788095273.479	0/1	0/1	0/1	0/1	0/1	0/1	0/1	1/0
1788095273.518	0/1	0/1	0/1	0/1	0/1	0/1	0/1	1/0
1788095273.557	0/1	0/1	0/1	0/1	0/1	0/1	0/1	1/0
1788095273.596	0/1	0/1	0/1	0/1	0/1	0/1	0/1	1/0
1788095273.630	0/1	0/1	0/1	0/1	0/1	0/1	0/1	1/0
1788095273.661	0/1	0/1	0/1	0/1	0/1	0/1	0/1	1/0
1788095273.689	0/1	0/1	0/1	0/1	0/1	0/1	0/1	1/0
1788095273.714	0/1	0/1	0/1	0/1	0/1	0/1	0/1	1/0
1788095273.738	0/1	0/1	0/1	0/1	0/1	0/1	0/1	1/0
1788095273.759	0/1	0/1	0/1	0/1	0/1	0/1	0/1	1/0
1788095273.778	0/1	0/1	0/1	0/1	0/1	0/1	0/1	1/0
1788095273.796	0/1	0/1	0/1	0/1	0/1	0/1	0/1	1/0
1788095273.814	0/1	0/1	0/1	0/1	0/1	0/1	0/1	1/0
1788095273.840	0/1	0/1	0/1	0/1	0/1	0/1	0/1	1/0
1788095273.859	0/1	0/1	0/1	0/1	0/1	0/1	0/1	1/0
1788095273.877	0/1	0/1	0/1	0/1	0/1	0/1	0/1	1/0
1788095273.893	0/1	0/1	0/1	0/1	0/1	0/1	0/1	1/0
1788095273.920	0/1	0/1	0/1	0/1	0/1	0/1	0/1	1/0
1788095273.945	0/1	0/1	0/1	0/1	0/1	0/1	0/1	1/0
1788095273.973	0/1	0/1	0/1	0/1	0/1	0/1	0/1	1/0
1788095273.996	0/1	0/1	0/1	0/1	0/1	0/1	0/1	1/0
1788095274.022	0/1	0/1	0/1	0/1	0/1	0/1	0/1	1/0
1788095274.043	0/1	0/1	0/1	0/1	0/1	0/1	0/1	1/0
1788095274.063	0/1	0/1	0/1	0/1	0/1	0/1	0/1	1/0
1788095274.081	0/1	0/1	0/1	0/1	0/1	0/1	0/1	1/0
1788095274.098	0/1	0/1	0/1	0/1	0/1	0/1	0/1	1/0
1788095274.115	0/1	0/1	0/1	0/1	0/1	0/1	0/1	1/0
1788095274.131	0/1	0/1	0/1	0/1	0/1	0/1	0/1	1/0
1788095274.147	0/1	0/1	0/1	0/1	0/1	0/1	0/1	1/0
1788095274.162	0/1	0/1	0/1	0/1	0/1	0/1	0/1	1/0
1788095274.179	0/1	0/1	0/1	0/1	0/1	0/1	0/1	1/0
1788095274.195	0/1	0/1	0/1	0/1	0/1	0/1	0/1	1/0
1788095274.211	0/1	0/1	0/1	0/1	0/1	0/1	0/1	1/0
1788095274.228	0/1	0/1	0/1	0/1	0/1	0/1	0/1	1/0
1788095274.244	0/1	0/1	0/1	0/1	0/1	0/1	0/1	1/0
1788095274.260	0/1	0/1	0/1	0/1	0/1	0/1	0/1	1/0
1788095274.277	0/1	0/1	0/1	0/1	0/1	0/1	0/1	1/0
1788095274.347	0/1	0/1	0/1	0/1	0/1	0/1	0/1	1/0
1788095274.388	0/1	0/1	0/1	0/1	0/1	0/1	0/1	1/0
1788095274.430	0/1	0/1	0/1	0/1	0/1	0/1	0/1	1/0
1788095274.472	0/1	0/1	0/1	0/1	0/1	0/1	0/1	1/0
1788095274.515	0/1	0/1	0/1	0/1	0/1	0/1	0/1	1/0
1788095274.556	0/1	0/1	0/1	0/1	0/1	0/1	0/1	1/0
1788095274.599	0/1	0/1	0/1	0/1	0/1	0/1	0/1	1/0
1788095274.640	0/1	0/1	0/1	0/1	0/1	0/1	0/1	1/0
1788095274.683	0/1	0/1	0/1	0/1	0/1	0/1	0/1	1/0
1788095274.725	0/1	0/1	0/1	0/1	0/1	0/1	0/1	1/0
1788095274.764	0/1	0/1	0/1	0/1	0/1	0/1	0/1	1/0
1788095274.803	0/1	0/1	0/1	0/1	0/1	0/1	0/1	1/0
1788095274.842	0/1	0/1	0/1	0/1	0/1	0/1	0/1	1/0
1788095274.882	0/1	0/1	0/1	0/1	0/1	0/1	0/1	1/0
1788095274.920	0/1	0/1	0/1	0/1	0/1	0/1	0/1	1/0
1788095274.959	0/1	0/1	0/1	0/1	0/1	0/1	0/1	1/0
1788095274.997	0/1	0/1	0/1	0/1	0/1	0/1	0/1	1/0
1788095275.036	0/1	0/1	0/1	0/1	0/1	0/1	0/1	1/0
1788095275.074	0/1	0/1	0/1	0/1	0/1	0/1	0/1	1/0
1788095275.108	0/1	0/1	0/1	0/1	0/1	0/1	0/1	1/0
1788095275.139	0/1	0/1	0/1	0/1	0/1	0/1	0/1	1/0
1788095275.167	0/1	0/1	0/1	0/1	0/1	0/1	0/1	1/0
1788095275.193	0/1	0/1	0/1	0/1	0/1	0/1	0/1	1/0
1788095275.216	0/1	0/1	0/1	0/1	0/1	0/1	0/1	1/0
1788095275.237	0/1	0/1	0/1	0/1	0/1	0/1	0/1	1/0
1788095275.266	0/1	0/1	0/1	0/1	0/1	0/1	0/1	1/0
1788095275.315	0/1	0/1	0/1	0/1	0/1	0/1	0/1	1/0
1788095275.340	0/1	0/1	0/1	0/1	0/1	0/1	0/1	1/0
1788095275.373	0/1	0/1	0/1	0/1	0/1	0/1	0/1	1/0
1788095275.400	0/1	0/1	0/1	0/1	0/1	0/1	0/1	1/0
1788095275.426	0/1	0/1	0/1	0/1	0/1	0/1	0/1	1/0
1788095275.458	0/1	0/1	0/1	0/1	0/1	0/1	0/1	1/0
1788095275.498	0/1	0/1	0/1	0/1	0/1	0/1	0/1	1/0
1788095275.546	0/1	0/1	0/1	0/1	0/1	0/1	0/1	1/0
1788095275.592	0/1	0/1	0/1	0/1	0/1	0/1	0/1	1/0
1788095275.634	0/1	0/1	0/1	0/1	0/1	0/1	0/1	1/0
1788095275.677	0/1	0/1	0/1	0/1	0/1	0/1	0/1	1/0
1788095275.719	0/1	0/1	0/1	0/1	0/1	0/1	0/1	1/0
1788095275.761	0/1	0/1	0/1	0/1	0/1	0/1	0/1	1/0
1788095275.803	0/1	0/1	0/1	0/1	0/1	0/1	0/1	1/0
1788095275.846	0/1	0/1	0/1	0/1	0/1	0/1	0/1	1/0
1788095275.888	0/1	0/1	0/1	0/1	0/1	0/1	0/1	1/0
1788095275.931	0/1	0/1	0/1	0/1	0/1	0/1	0/1	1/0
1788095275.972	0/1	0/1	0/1	0/1	0/1	0/1	0/1	1/0
1788095276.020	0/1	0/1	0/1	0/1	0/1	0/1	0/1	1/0
1788095276.064	0/1	0/1	0/1	0/1	0/1	0/1	0/1	1/0
1788095276.108	0/1	0/1	0/1	0/1	0/1	0/1	0/1	1/0
1788095276.149	0/1	0/1	0/1	0/1	0/1	0/1	0/1	1/0
1788095276.191	0/1	0/1	0/1	0/1	0/1	0/1	0/1	1/0
1788095276.234	0/1	0/1	0/1	0/1	0/1	0/1	0/1	1/0
1788095276.279	0/1	0/1	0/1	0/1	0/1	0/1	0/1	1/0
1788095276.343	0/1	0/1	0/1	0/1	0/1	0/1	0/1	1/0
1788095276.386	0/1	0/1	0/1	0/1	0/1	0/1	0/1	1/0
1788095276.429	0/1	0/1	0/1	0/1	0/1	0/1	0/1	1/0
1788095276.471	0/1	0/1	0/1	0/1	0/1	0/1	0/1	1/0
1788095276.514	0/1	0/1	0/1	0/1	0/1	0/1	0/1	1/0
1788095276.557	0/1	0/1	0/1	0/1	0/1	0/1	0/1	1/0
1788095276.599	0/1	0/1	0/1	0/1	0/1	0/1	0/1	1/0
1788095276.644	0/1	0/1	0/1	0/1	0/1	0/1	0/1	1/0
1788095276.689	0/1	0/1	0/1	0/1	0/1	0/1	0/1	1/0
1788095276.730	0/1	0/1	0/1	0/1	0/1	0/1	0/1	1/0
1788095276.772	0/1	0/1	0/1	0/1	0/1	0/1	0/1	1/0
1788095276.818	0/1	0/1	0/1	0/1	0/1	0/1	0/1	1/0
1788095276.866	0/1	0/1	0/1	0/1	0/1	0/1	0/1	1/0
1788095276.908	0/1	0/1	0/1	0/1	0/1	0/1	0/1	1/0
1788095276.951	0/1	0/1	0/1	0/1	0/1	0/1	0/1	1/0
1788095277.000	0/1	0/1	0/1	0/1	0/1	0/1	0/1	1/0
1788095277.045	0/1	0/1	0/1	0/1	0/1	0/1	0/1	1/0
1788095277.089	0/1	0/1	0/1	0/1	0/1	0/1	0/1	1/0
1788095277.132	0/1	0/1	0/1	0/1	0/1	0/1	0/1	1/0
1788095277.175	0/1	0/1	0/1	0/1	0/1	0/1	0/1	1/0
1788095277.224	0/1	0/1	0/1	0/1	0/1	0/1	0/1	1/0
1788095277.274	0/1	0/1	0/1	0/1	0/1	0/1	0/1	1/0
1788095277.340	0/1	0/1	0/1	0/1	0/1	0/1	0/1	1/0
1788095277.384	0/1	0/1	0/1	0/1	0/1	0/1	0/1	1/0
1788095277.433	0/1	0/1	0/1	0/1	0/1	0/1	0/1	1/0
1788095277.475	0/1	0/1	0/1	0/1	0/1	0/1	0/1	1/0
1788095277.517	0/1	0/1	0/1	0/1	0/1	0/1	0/1	1/0
1788095277.560	0/1	0/1	0/1	0/1	0/1	0/1	0/1	1/0
1788095277.602	0/1	0/1	0/1	0/1	0/1	0/1	0/1	1/0
1788095277.644	0/1	0/1	0/1	0/1	0/1	0/1	0/1	1/0
1788095277.689	0/1	0/1	0/1	0/1	0/1	0/1	0/1	1/0
1788095277.730	0/1	0/1	0/1	0/1	0/1	0/1	0/1	1/0
1788095277.775	0/1	0/1	0/1	0/1	0/1	0/1	0/1	1/0
1788095277.819	0/1	0/1	0/1	0/1	0/1	0/1	0/1	1/0
1788095277.868	0/1	0/1	0/1	0/1	0/1	0/1	0/1	1/0
1788095277.911	0/1	0/1	0/1	0/1	0/1	0/1	0/1	1/0
1788095277.958	0/1	0/1	0/1	0/1	0/1	0/1	0/1	1/0
1788095278.001	0/1	0/1	0/1	0/1	0/1	0/1	0/1	1/0
1788095278.043	0/1	0/1	0/1	0/1	0/1	0/1	0/1	1/0
1788095278.083	0/1	0/1	0/1	0/1	0/1	0/1	0/1	1/0
1788095278.127	0/1	0/1	0/1	0/1	0/1	0/1	0/1	1/0
1788095278.170	0/1	0/1	0/1	0/1	0/1	0/1	0/1	1/0
1788095278.218	0/1	0/1	0/1	0/1	0/1	0/1	0/1	1/0
1788095278.266	0/1	0/1	0/1	0/1	0/1	0/1	0/1	1/0
1788095278.341	0/1	0/1	0/1	0/1	0/1	0/1	0/1	1/0
1788095278.383	0/1	0/1	0/1	0/1	0/1	0/1	0/1	1/0
1788095278.425	0/1	0/1	0/1	0/1	0/1	0/1	0/1	1/0
1788095278.467	0/1	0/1	0/1	0/1	0/1	0/1	0/1	1/0
1788095278.508	0/1	0/1	0/1	0/1	0/1	0/1	0/1	1/0
1788095278.552	0/1	0/1	0/1	0/1	0/1	0/1	0/1	1/0
1788095278.593	0/1	0/1	0/1	0/1	0/1	0/1	0/1	1/0
1788095278.636	0/1	0/1	0/1	0/1	0/1	0/1	0/1	1/0
1788095278.678	0/1	0/1	0/1	0/1	0/1	0/1	0/1	1/0
1788095278.718	0/1	0/1	0/1	0/1	0/1	0/1	0/1	1/0
1788095278.757	0/1	0/1	0/1	0/1	0/1	0/1	0/1	1/0
1788095278.798	0/1	0/1	0/1	0/1	0/1	0/1	0/1	1/0
1788095278.838	0/1	0/1	0/1	0/1	0/1	0/1	0/1	1/0
1788095278.878	0/1	0/1	0/1	0/1	0/1	0/1	0/1	1/0
1788095278.918	0/1	0/1	0/1	0/1	0/1	0/1	0/1	1/0
1788095278.958	0/1	0/1	0/1	0/1	0/1	0/1	0/1	1/0
1788095279.000	0/1	0/1	0/1	0/1	0/1	0/1	0/1	1/0
1788095279.048	0/1	0/1	0/1	0/1	0/1	0/1	0/1	1/0
1788095279.089	0/1	0/1	0/1	0/1	0/1	0/1	0/1	1/0
1788095279.129	0/1	0/1	0/1	0/1	0/1	0/1	0/1	1/0
1788095279.166	0/1	0/1	0/1	0/1	0/1	0/1	0/1	1/0
1788095279.199	0/1	0/1	0/1	0/1	0/1	0/1	0/1	1/0
1788095279.236	0/1	0/1	0/1	0/1	0/1	0/1	0/1	1/0
1788095279.281	0/1	0/1	0/1	0/1	0/1	0/1	0/1	1/0
1788095279.318	0/1	0/1	0/1	0/1	0/1	0/1	0/1	1/0
1788095279.363	0/1	0/1	0/1	0/1	0/1	0/1	0/1	1/0
1788095279.410	0/1	0/1	0/1	0/1	0/1	0/1	0/1	1/0
1788095279.458	0/1	0/1	0/1	0/1	0/1	0/1	0/1	1/0
1788095279.500	0/1	0/1	0/1	0/1	0/1	0/1	0/1	1/0
1788095279.549	0/1	0/1	0/1	0/1	0/1	0/1	0/1	1/0
1788095279.594	0/1	0/1	0/1	0/1	0/1	0/1	0/1	1/0
1788095279.644	0/1	0/1	0/1	0/1	0/1	0/1	0/1	1/0
1788095279.689	0/1	0/1	0/1	0/1	0/1	0/1	0/1	1/0
1788095279.735	0/1	0/1	0/1	0/1	0/1	0/1	0/1	1/0
1788095279.784	0/1	0/1	0/1	0/1	0/1	0/1	0/1	1/0
1788095279.829	0/1	0/1	0/1	0/1	0/1	0/1	0/1	1/0
1788095279.871	0/1	0/1	0/1	0/1	0/1	0/1	0/1	1/0
1788095279.912	0/1	0/1	0/1	0/1	0/1	0/1	0/1	1/0
1788095279.954	0/1	0/1	0/1	0/1	0/1	0/1	0/1	1/0
1788095279.994	0/1	0/1	0/1	0/1	0/1	0/1	0/1	1/0
1788095280.037	0/1	0/1	0/1	0/1	0/1	0/1	0/1	1/0
1788095280.079	0/1	0/1	0/1	0/1	0/1	0/1	0/1	1/0
1788095280.122	0/1	0/1	0/1	0/1	0/1	0/1	0/1	1/0
1788095280.163	0/1	0/1	0/1	0/1	0/1	0/1	0/1	1/0
1788095280.212	0/1	0/1	0/1	0/1	0/1	0/1	0/1	1/0
1788095280.259	0/1	0/1	0/1	0/1	0/1	0/1	0/1	1/0
1788095280.307	0/1	0/1	0/1	0/1	0/1	0/1	0/1	1/0
1788095280.365	0/1	0/1	0/1	0/1	0/1	0/1	0/1	1/0
1788095280.410	0/1	0/1	0/1	0/1	0/1	0/1	0/1	1/0
1788095280.451	0/1	0/1	0/1	0/1	0/1	0/1	0/1	1/0
1788095280.493	0/1	0/1	0/1	0/1	0/1	0/1	0/1	1/0
1788095280.535	0/1	0/1	0/1	0/1	0/1	0/1	0/1	1/0
1788095280.577	0/1	0/1	0/1	0/1	0/1	0/1	0/1	1/0
1788095280.618	0/1	0/1	0/1	0/1	0/1	0/1	0/1	1/0
1788095280.659	0/1	0/1	0/1	0/1	0/1	0/1	0/1	1/0
1788095280.704	0/1	0/1	0/1	0/1	0/1	0/1	0/1	1/0
1788095280.745	0/1	0/1	0/1	0/1	0/1	0/1	0/1	1/0
1788095280.787	0/1	0/1	0/1	0/1	0/1	0/1	0/1	1/0
1788095280.831	0/1	0/1	0/1	0/1	0/1	0/1	0/1	1/0
1788095280.874	0/1	0/1	0/1	0/1	0/1	0/1	0/1	1/0
1788095280.915	0/1	0/1	0/1	0/1	0/1	0/1	0/1	1/0
1788095280.957	0/1	0/1	0/1	0/1	0/1	0/1	0/1	1/0
1788095280.998	0/1	0/1	0/1	0/1	0/1	0/1	0/1	1/0
1788095281.039	0/1	0/1	0/1	0/1	0/1	0/1	0/1	1/0
1788095281.082	0/1	0/1	0/1	0/1	0/1	0/1	0/1	1/0
1788095281.124	0/1	0/1	0/1	0/1	0/1	0/1	0/1	1/0
1788095281.167	0/1	0/1	0/1	0/1	0/1	0/1	0/1	1/0
1788095281.209	0/1	0/1	0/1	0/1	0/1	0/1	0/1	1/0
1788095281.252	0/1	0/1	0/1	0/1	0/1	0/1	0/1	1/0
1788095281.295	0/1	0/1	0/1	0/1	0/1	0/1	0/1	1/0
1788095281.353	0/1	0/1	0/1	0/1	0/1	0/1	0/1	1/0
1788095281.392	0/1	0/1	0/1	0/1	0/1	0/1	0/1	1/0
1788095281.433	0/1	0/1	0/1	0/1	0/1	0/1	0/1	1/0
1788095281.474	0/1	0/1	0/1	0/1	0/1	0/1	0/1	1/0
1788095281.514	0/1	0/1	0/1	0/1	0/1	0/1	0/1	1/0
1788095281.554	0/1	0/1	0/1	0/1	0/1	0/1	0/1	1/0
1788095281.590	0/1	0/1	0/1	0/1	0/1	0/1	0/1	1/0
1788095281.627	0/1	0/1	0/1	0/1	0/1	0/1	0/1	1/0
1788095281.664	0/1	0/1	0/1	0/1	0/1	0/1	0/1	1/0
1788095281.702	0/1	0/1	0/1	0/1	0/1	0/1	0/1	0/1
1788095281.734	0/1	0/1	0/1	0/1	0/1	0/1	0/1	0/1
1788095281.771	0/1	0/1	0/1	0/1	0/1	0/1	0/1	0/1
1788095281.810	0/1	0/1	0/1	0/1	0/1	0/1	0/1	0/1
1788095281.858	0/1	0/1	0/1	0/1	0/1	0/1	0/1	0/1
1788095281.899	0/1	0/1	0/1	0/1	0/1	0/1	0/1	0/1
1788095281.937	0/1	0/1	0/1	0/1	0/1	0/1	0/1	0/1
1788095281.977	0/1	0/1	0/1	0/1	0/1	0/1	0/1	0/1
1788095282.016	0/1	0/1	0/1	0/1	0/1	0/1	0/1	0/1
1788095282.055	0/1	0/1	0/1	0/1	0/1	0/1	0/1	0/1
1788095282.093	0/1	0/1	0/1	0/1	0/1	0/1	0/1	0/1
1788095282.132	0/1	0/1	0/1	0/1	0/1	0/1	0/1	0/1
1788095282.170	0/1	0/1	0/1	0/1	0/1	0/1	0/1	0/1
1788095282.208	0/1	0/1	0/1	0/1	0/1	0/1	0/1	0/1
1788095282.253	0/1	0/1	0/1	0/1	0/1	0/1	0/1	0/1
1788095282.295	0/1	0/1	0/1	0/1	0/1	0/1	0/1	0/1
1788095282.365	0/1	0/1	0/1	0/1	0/1	0/1	0/1	0/1
1788095282.405	0/1	0/1	0/1	0/1	0/1	0/1	0/1	0/1
1788095282.445	0/1	0/1	0/1	0/1	0/1	0/1	0/1	0/1
1788095282.492	0/1	0/1	0/1	0/1	0/1	0/1	0/1	0/1
1788095282.531	0/1	0/1	0/1	0/1	0/1	0/1	0/1	0/1
1788095282.570	0/1	0/1	0/1	0/1	0/1	0/1	0/1	0/1
1788095282.605	0/1	0/1	0/1	0/1	0/1	0/1	0/1	0/1
1788095282.655	0/1	0/1	0/1	0/1	0/1	0/1	0/1	0/1
1788095282.698	0/1	0/1	0/1	0/1	0/1	0/1	0/1	0/1
1788095282.739	0/1	0/1	0/1	0/1	0/1	0/1	0/1	0/1
1788095282.782	0/1	0/1	0/1	0/1	0/1	0/1	0/1	0/1
1788095282.825	0/1	0/1	0/1	0/1	0/1	0/1	0/1	0/1
1788095282.870	0/1	0/1	0/1	0/1	0/1	0/1	0/1	0/1
1788095282.913	0/1	0/1	0/1	0/1	0/1	0/1	0/1	0/1
1788095282.953	0/1	0/1	0/1	0/1	0/1	0/1	0/1	0/1
1788095282.999	0/1	0/1	0/1	0/1	0/1	0/1	0/1	0/1
1788095283.042	0/1	0/1	0/1	0/1	0/1	0/1	0/1	0/1
1788095283.088	0/1	0/1	0/1	0/1	0/1	0/1	0/1	0/1
1788095283.132	0/1	0/1	0/1	0/1	0/1	0/1	0/1	0/1
1788095283.175	0/1	0/1	0/1	0/1	0/1	0/1	0/1	0/1
1788095283.218	0/1	0/1	0/1	0/1	0/1	0/1	0/1	0/1
1788095283.264	0/1	0/1	0/1	0/1	0/1	0/1	0/1	0/1
1788095283.335	0/1	0/1	0/1	0/1	0/1	0/1	0/1	0/1
1788095283.379	0/1	0/1	0/1	0/1	0/1	0/1	0/1	0/1
1788095283.421	0/1	0/1	0/1	0/1	0/1	0/1	0/1	0/1
1788095283.463	0/1	0/1	0/1	0/1	0/1	0/1	0/1	0/1
1788095283.505	0/1	0/1	0/1	0/1	0/1	0/1	0/1	0/1
1788095283.547	0/1	0/1	0/1	0/1	0/1	0/1	0/1	0/1
1788095283.589	0/1	0/1	0/1	0/1	0/1	0/1	0/1	0/1
1788095283.630	0/1	0/1	0/1	0/1	0/1	0/1	0/1	0/1
1788095283.673	0/1	0/1	0/1	0/1	0/1	0/1	0/1	0/1
1788095283.716	0/1	0/1	0/1	0/1	0/1	0/1	0/1	0/1
1788095283.757	0/1	0/1	0/1	0/1	0/1	0/1	0/1	0/1
1788095283.800	0/1	0/1	0/1	0/1	0/1	0/1	0/1	0/1
1788095283.844	0/1	0/1	0/1	0/1	0/1	0/1	0/1	0/1
1788095283.887	0/1	0/1	0/1	0/1	0/1	0/1	0/1	0/1
1788095283.929	0/1	0/1	0/1	0/1	0/1	0/1	0/1	0/1
1788095283.975	0/1	0/1	0/1	0/1	0/1	0/1	0/1	0/1
1788095284.014	0/1	0/1	0/1	0/1	0/1	0/1	0/1	0/1
1788095284.055	0/1	0/1	0/1	0/1	0/1	0/1	0/1	0/1
1788095284.103	0/1	0/1	0/1	0/1	0/1	0/1	0/1	0/1
1788095284.144	0/1	0/1	0/1	0/1	0/1	0/1	0/1	0/1
1788095284.187	0/1	0/1	0/1	0/1	0/1	0/1	0/1	0/1
1788095284.229	0/1	0/1	0/1	0/1	0/1	0/1	0/1	0/1
1788095284.272	0/1	0/1	0/1	0/1	0/1	0/1	0/1	0/1
1788095284.356	0/1	0/1	0/1	0/1	0/1	0/1	0/1	0/1
1788095284.410	0/1	0/1	0/1	0/1	0/1	0/1	0/1	0/1
1788095284.453	0/1	0/1	0/1	0/1	0/1	0/1	0/1	0/1
1788095284.496	0/1	0/1	0/1	0/1	0/1	0/1	0/1	0/1
1788095284.536	0/1	0/1	0/1	0/1	0/1	0/1	0/1	0/1
1788095284.575	0/1	0/1	0/1	0/1	0/1	0/1	0/1	0/1
1788095284.614	0/1	0/1	0/1	0/1	0/1	0/1	0/1	0/1
1788095284.657	0/1	0/1	0/1	0/1	0/1	0/1	0/1	0/1
1788095284.703	0/1	0/1	0/1	0/1	0/1	0/1	0/1	0/1
1788095284.742	0/1	0/1	0/1	0/1	0/1	0/1	0/1	0/1
1788095284.793	0/1	0/1	0/1	0/1	0/1	0/1	0/1	0/1
1788095284.835	0/1	0/1	0/1	0/1	0/1	0/1	0/1	0/1
1788095284.888	0/1	0/1	0/1	0/1	0/1	0/1	0/1	0/1
1788095284.934	0/1	0/1	0/1	0/1	0/1	0/1	0/1	0/1
1788095284.979	0/1	0/1	0/1	0/1	0/1	0/1	0/1	0/1
1788095285.031	0/1	0/1	0/1	0/1	0/1	0/1	0/1	0/1
1788095285.078	0/1	0/1	0/1	0/1	0/1	0/1	0/1	0/1
1788095285.119	0/1	0/1	0/1	0/1	0/1	0/1	0/1	0/1
1788095285.161	0/1	0/1	0/1	0/1	0/1	0/1	0/1	0/1
1788095285.201	0/1	0/1	0/1	0/1	0/1	0/1	0/1	0/1
1788095285.241	0/1	0/1	0/1	0/1	0/1	0/1	0/1	0/1
1788095285.288	0/1	0/1	0/1	0/1	0/1	0/1	0/1	0/1
1788095285.350	0/1	0/1	0/1	0/1	0/1	0/1	0/1	0/1
1788095285.396	0/1	0/1	0/1	0/1	0/1	0/1	0/1	0/1
1788095285.439	0/1	0/1	0/1	0/1	0/1	0/1	0/1	0/1
1788095285.481	0/1	0/1	0/1	0/1	0/1	0/1	0/1	0/1
1788095285.523	0/1	0/1	0/1	0/1	0/1	0/1	0/1	0/1
1788095285.571	0/1	0/1	0/1	0/1	0/1	0/1	0/1	0/1
1788095285.615	0/1	0/1	0/1	0/1	0/1	0/1	0/1	0/1
1788095285.656	0/1	0/1	0/1	0/1	0/1	0/1	0/1	0/1
1788095285.705	0/1	0/1	0/1	0/1	0/1	0/1	0/1	0/1
1788095285.748	0/1	0/1	0/1	0/1	0/1	0/1	0/1	0/1
1788095285.788	0/1	0/1	0/1	0/1	0/1	0/1	0/1	0/1
1788095285.831	0/1	0/1	0/1	0/1	0/1	0/1	0/1	0/1
1788095285.874	0/1	0/1	0/1	0/1	0/1	0/1	0/1	0/1
1788095285.915	0/1	0/1	0/1	0/1	0/1	0/1	0/1	0/1
1788095285.957	0/1	0/1	0/1	0/1	0/1	0/1	0/1	0/1
1788095286.000	0/1	0/1	0/1	0/1	0/1	0/1	0/1	0/1
1788095286.049	0/1	0/1	0/1	0/1	0/1	0/1	0/1	0/1
1788095286.097	0/1	0/1	0/1	0/1	0/1	0/1	0/1	0/1
1788095286.138	0/1	0/1	0/1	0/1	0/1	0/1	0/1	0/1
1788095286.181	0/1	0/1	0/1	0/1	0/1	0/1	0/1	0/1
1788095286.226	0/1	0/1	0/1	0/1	0/1	0/1	0/1	0/1
1788095286.270	0/1	0/1	0/1	0/1	0/1	0/1	0/1	0/1
1788095286.339	0/1	0/1	0/1	0/1	0/1	0/1	0/1	0/1
1788095286.385	0/1	0/1	0/1	0/1	0/1	0/1	0/1	0/1
1788095286.429	0/1	0/1	0/1	0/1	0/1	0/1	0/1	0/1
1788095286.474	0/1	0/1	0/1	0/1	0/1	0/1	0/1	0/1
1788095286.518	0/1	0/1	0/1	0/1	0/1	0/1	0/1	0/1
1788095286.565	0/1	0/1	0/1	0/1	0/1	0/1	0/1	0/1
1788095286.609	0/1	0/1	0/1	0/1	0/1	0/1	0/1	0/1
1788095286.651	0/1	0/1	0/1	0/1	0/1	0/1	0/1	0/1
1788095286.694	0/1	0/1	0/1	0/1	0/1	0/1	0/1	0/1
1788095286.735	0/1	0/1	0/1	0/1	0/1	0/1	0/1	0/1
1788095286.779	0/1	0/1	0/1	0/1	0/1	0/1	0/1	0/1
1788095286.831	0/1	0/1	0/1	0/1	0/1	0/1	0/1	0/1
1788095286.876	0/1	0/1	0/1	0/1	0/1	0/1	0/1	0/1
1788095286.917	0/1	0/1	0/1	0/1	0/1	0/1	0/1	0/1
1788095286.960	0/1	0/1	0/1	0/1	0/1	0/1	0/1	0/1
1788095287.002	0/1	0/1	0/1	0/1	0/1	0/1	0/1	0/1
1788095287.044	0/1	0/1	0/1	0/1	0/1	0/1	0/1	0/1
1788095287.087	0/1	0/1	0/1	0/1	0/1	0/1	0/1	0/1
1788095287.129	0/1	0/1	0/1	0/1	0/1	0/1	0/1	0/1
1788095287.170	0/1	0/1	0/1	0/1	0/1	0/1	0/1	0/1
1788095287.211	0/1	0/1	0/1	0/1	0/1	0/1	0/1	0/1
1788095287.255	0/1	0/1	0/1	0/1	0/1	0/1	0/1	0/1
1788095287.299	0/1	0/1	0/1	0/1	0/1	0/1	0/1	0/1
1788095287.360	0/1	0/1	0/1	0/1	0/1	0/1	0/1	0/1
1788095287.408	0/1	0/1	0/1	0/1	0/1	0/1	0/1	0/1
1788095287.449	0/1	0/1	0/1	0/1	0/1	0/1	0/1	0/1
1788095287.492	0/1	0/1	0/1	0/1	0/1	0/1	0/1	0/1
1788095287.535	0/1	0/1	0/1	0/1	0/1	0/1	0/1	0/1
1788095287.578	0/1	0/1	0/1	0/1	0/1	0/1	0/1	0/1
1788095287.619	0/1	0/1	0/1	0/1	0/1	0/1	0/1	0/1
1788095287.660	0/1	0/1	0/1	0/1	0/1	0/1	0/1	0/1
1788095287.705	0/1	0/1	0/1	0/1	0/1	0/1	0/1	0/1
1788095287.746	0/1	0/1	0/1	0/1	0/1	0/1	0/1	0/1
1788095287.790	0/1	0/1	0/1	0/1	0/1	0/1	0/1	0/1
1788095287.835	0/1	0/1	0/1	0/1	0/1	0/1	0/1	0/1
1788095287.880	0/1	0/1	0/1	0/1	0/1	0/1	0/1	0/1
1788095287.923	0/1	0/1	0/1	0/1	0/1	0/1	0/1	0/1
1788095287.965	0/1	0/1	0/1	0/1	0/1	0/1	0/1	0/1
1788095288.008	0/1	0/1	0/1	0/1	0/1	0/1	0/1	0/1
1788095288.050	0/1	0/1	0/1	0/1	0/1	0/1	0/1	0/1
1788095288.092	0/1	0/1	0/1	0/1	0/1	0/1	0/1	0/1
1788095288.133	0/1	0/1	0/1	0/1	0/1	0/1	0/1	0/1
1788095288.175	0/1	0/1	0/1	0/1	0/1	0/1	0/1	0/1
1788095288.217	0/1	0/1	0/1	0/1	0/1	0/1	0/1	0/1
1788095288.260	0/1	0/1	0/1	0/1	0/1	0/1	0/1	0/1
1788095288.303	0/1	0/1	0/1	0/1	0/1	0/1	0/1	0/1
1788095288.364	0/1	0/1	0/1	0/1	0/1	0/1	0/1	0/1
1788095288.413	0/1	0/1	0/1	0/1	0/1	0/1	0/1	0/1
1788095288.457	0/1	0/1	0/1	0/1	0/1	0/1	0/1	0/1
1788095288.499	0/1	0/1	0/1	0/1	0/1	0/1	0/1	0/1
1788095288.541	0/1	0/1	0/1	0/1	0/1	0/1	0/1	0/1
1788095288.583	0/1	0/1	0/1	0/1	0/1	0/1	0/1	0/1
1788095288.623	0/1	0/1	0/1	0/1	0/1	0/1	0/1	0/1
1788095288.666	0/1	0/1	0/1	0/1	0/1	0/1	0/1	0/1
1788095288.710	0/1	0/1	0/1	0/1	0/1	0/1	0/1	0/1
1788095288.752	0/1	0/1	0/1	0/1	0/1	0/1	0/1	0/1
1788095288.798	0/1	0/1	0/1	0/1	0/1	0/1	0/1	0/1
1788095288.841	0/1	0/1	0/1	0/1	0/1	0/1	0/1	0/1
1788095288.882	0/1	0/1	0/1	0/1	0/1	0/1	0/1	0/1
1788095288.925	0/1	0/1	0/1	0/1	0/1	0/1	0/1	0/1
1788095288.966	0/1	0/1	0/1	0/1	0/1	0/1	0/1	0/1
1788095289.012	0/1	0/1	0/1	0/1	0/1	0/1	0/1	0/1
1788095289.059	0/1	0/1	0/1	0/1	0/1	0/1	0/1	0/1
1788095289.102	0/1	0/1	0/1	0/1	0/1	0/1	0/1	0/1
1788095289.144	0/1	0/1	0/1	0/1	0/1	0/1	0/1	0/1
1788095289.186	0/1	0/1	0/1	0/1	0/1	0/1	0/1	0/1
1788095289.229	0/1	0/1	0/1	0/1	0/1	0/1	0/1	0/1
1788095289.272	0/1	0/1	0/1	0/1	0/1	0/1	0/1	0/1
1788095289.342	0/1	0/1	0/1	0/1	0/1	0/1	0/1	0/1
1788095289.398	0/1	0/1	0/1	0/1	0/1	0/1	0/1	0/1
1788095289.450	0/1	0/1	0/1	0/1	0/1	0/1	0/1	0/1
1788095289.493	0/1	0/1	0/1	0/1	0/1	0/1	0/1	0/1
1788095289.536	0/1	0/1	0/1	0/1	0/1	0/1	0/1	0/1
1788095289.579	0/1	0/1	0/1	0/1	0/1	0/1	0/1	0/1
1788095289.621	0/1	0/1	0/1	0/1	0/1	0/1	0/1	0/1
1788095289.667	0/1	0/1	0/1	0/1	0/1	0/1	0/1	0/1
1788095289.715	0/1	0/1	0/1	0/1	0/1	0/1	0/1	0/1
1788095289.756	0/1	0/1	0/1	0/1	0/1	0/1	0/1	0/1
1788095289.800	0/1	0/1	0/1	0/1	0/1	0/1	0/1	0/1
1788095289.850	0/1	0/1	0/1	0/1	0/1	0/1	0/1	0/1
1788095289.894	0/1	0/1	0/1	0/1	0/1	0/1	0/1	0/1
1788095289.936	0/1	0/1	0/1	0/1	0/1	0/1	0/1	0/1
1788095289.978	0/1	0/1	0/1	0/1	0/1	0/1	0/1	0/1
1788095290.022	0/1	0/1	0/1	0/1	0/1	0/1	0/1	0/1
1788095290.065	0/1	0/1	0/1	0/1	0/1	0/1	0/1	0/1
1788095290.107	0/1	0/1	0/1	0/1	0/1	0/1	0/1	0/1
1788095290.149	0/1	0/1	0/1	0/1	0/1	0/1	0/1	0/1
1788095290.192	0/1	0/1	0/1	0/1	0/1	0/1	0/1	0/1
1788095290.235	0/1	0/1	0/1	0/1	0/1	0/1	0/1	0/1
1788095290.278	0/1	0/1	0/1	0/1	0/1	0/1	0/1	0/1
1788095290.341	0/1	0/1	0/1	0/1	0/1	0/1	0/1	0/1
1788095290.388	0/1	0/1	0/1	0/1	0/1	0/1	0/1	0/1
1788095290.436	0/1	0/1	0/1	0/1	0/1	0/1	0/1	0/1
1788095290.479	0/1	0/1	0/1	0/1	0/1	0/1	0/1	0/1
1788095290.523	0/1	0/1	0/1	0/1	0/1	0/1	0/1	0/1
1788095290.565	0/1	0/1	0/1	0/1	0/1	0/1	0/1	0/1
1788095290.606	0/1	0/1	0/1	0/1	0/1	0/1	0/1	0/1
1788095290.648	0/1	0/1	0/1	0/1	0/1	0/1	0/1	0/1
1788095290.691	0/1	0/1	0/1	0/1	0/1	0/1	0/1	0/1
1788095290.733	0/1	0/1	0/1	0/1	0/1	0/1	0/1	0/1
1788095290.775	0/1	0/1	0/1	0/1	0/1	0/1	0/1	0/1
1788095290.818	0/1	0/1	0/1	0/1	0/1	0/1	0/1	0/1
1788095290.860	0/1	0/1	0/1	0/1	0/1	0/1	0/1	0/1
1788095290.902	0/1	0/1	0/1	0/1	0/1	0/1	0/1	0/1
1788095290.951	0/1	0/1	0/1	0/1	0/1	0/1	0/1	0/1
1788095290.993	0/1	0/1	0/1	0/1	0/1	0/1	0/1	0/1
1788095291.037	0/1	0/1	0/1	0/1	0/1	0/1	0/1	0/1
1788095291.080	0/1	0/1	0/1	0/1	0/1	0/1	0/1	0/1
1788095291.122	0/1	0/1	0/1	0/1	0/1	0/1	0/1	0/1
1788095291.163	0/1	0/1	0/1	0/1	0/1	0/1	0/1	0/1
1788095291.205	0/1	0/1	0/1	0/1	0/1	0/1	0/1	0/1
1788095291.253	0/1	0/1	0/1	0/1	0/1	0/1	0/1	0/1
1788095291.298	0/1	0/1	0/1	0/1	0/1	0/1	0/1	0/1
1788095291.358	0/1	0/1	0/1	0/1	0/1	0/1	0/1	0/1
1788095291.401	0/1	0/1	0/1	0/1	0/1	0/1	0/1	0/1
1788095291.443	0/1	0/1	0/1	0/1	0/1	0/1	0/1	0/1
1788095291.484	0/1	0/1	0/1	0/1	0/1	0/1	0/1	0/1
1788095291.527	0/1	0/1	0/1	0/1	0/1	0/1	0/1	0/1
1788095291.569	0/1	0/1	0/1	0/1	0/1	0/1	0/1	0/1
1788095291.611	0/1	0/1	0/1	0/1	0/1	0/1	0/1	0/1
1788095291.652	0/1	0/1	0/1	0/1	0/1	0/1	0/1	0/1
1788095291.702	0/1	0/1	0/1	0/1	0/1	0/1	0/1	0/1
1788095291.745	0/1	0/1	0/1	0/1	0/1	0/1	0/1	0/1
1788095291.795	0/1	0/1	0/1	0/1	0/1	0/1	0/1	0/1
1788095291.836	0/1	0/1	0/1	0/1	0/1	0/1	0/1	0/1
1788095291.877	0/1	0/1	0/1	0/1	0/1	0/1	0/1	0/1
1788095291.927	0/1	0/1	0/1	0/1	0/1	0/1	0/1	0/1
1788095291.970	0/1	0/1	0/1	0/1	0/1	0/1	0/1	0/1
1788095292.013	0/1	0/1	0/1	0/1	0/1	0/1	0/1	0/1
1788095292.056	0/1	0/1	0/1	0/1	0/1	0/1	0/1	0/1
1788095292.108	0/1	0/1	0/1	0/1	0/1	0/1	0/1	0/1
1788095292.159	0/1	0/1	0/1	0/1	0/1	0/1	0/1	0/1
1788095292.208	0/1	0/1	0/1	0/1	0/1	0/1	0/1	0/1
1788095292.264	0/1	0/1	0/1	0/1	0/1	0/1	0/1	0/1
1788095292.349	0/1	0/1	0/1	0/1	0/1	0/1	0/1	0/1
1788095292.393	0/1	0/1	0/1	0/1	0/1	0/1	0/1	0/1
1788095292.435	0/1	0/1	0/1	0/1	0/1	0/1	0/1	0/1
1788095292.483	0/1	0/1	0/1	0/1	0/1	0/1	0/1	0/1
1788095292.527	0/1	0/1	0/1	0/1	0/1	0/1	0/1	0/1
1788095292.568	0/1	0/1	0/1	0/1	0/1	0/1	0/1	0/1
1788095292.614	0/1	0/1	0/1	0/1	0/1	0/1	0/1	0/1
1788095292.658	0/1	0/1	0/1	0/1	0/1	0/1	0/1	0/1
1788095292.699	0/1	0/1	0/1	0/1	0/1	0/1	0/1	0/1
1788095292.738	0/1	0/1	0/1	0/1	0/1	0/1	0/1	0/1
1788095292.779	0/1	0/1	0/1	0/1	0/1	0/1	0/1	0/1
1788095292.820	0/1	0/1	0/1	0/1	0/1	0/1	0/1	0/1
1788095292.860	0/1	0/1	0/1	0/1	0/1	0/1	0/1	0/1
1788095292.899	0/1	0/1	0/1	0/1	0/1	0/1	0/1	0/1
1788095292.938	0/1	0/1	0/1	0/1	0/1	0/1	0/1	0/1
1788095292.974	0/1	0/1	0/1	0/1	0/1	0/1	0/1	0/1
1788095293.008	0/1	0/1	0/1	0/1	0/1	0/1	0/1	0/1
1788095293.039	0/1	0/1	0/1	0/1	0/1	0/1	0/1	0/1
1788095293.066	0/1	0/1	0/1	0/1	0/1	0/1	0/1	0/1
1788095293.091	0/1	0/1	0/1	0/1	0/1	0/1	0/1	0/1
1788095293.113	0/1	0/1	0/1	0/1	0/1	0/1	0/1	0/1
1788095293.133	0/1	0/1	0/1	0/1	0/1	0/1	0/1	0/1
1788095293.152	0/1	0/1	0/1	0/1	0/1	0/1	0/1	0/1
1788095293.169	0/1	0/1	0/1	0/1	0/1	0/1	0/1	0/1
1788095293.185	0/1	0/1	0/1	0/1	0/1	0/1	0/1	0/1
1788095293.201	0/1	0/1	0/1	0/1	0/1	0/1	0/1	0/1
1788095293.217	0/1	0/1	0/1	0/1	0/1	0/1	0/1	0/1
1788095293.233	0/1	0/1	0/1	0/1	0/1	0/1	0/1	0/1
1788095293.256	0/1	0/1	0/1	0/1	0/1	0/1	0/1	0/1
1788095293.279	0/1	0/1	0/1	0/1	0/1	0/1	0/1	0/1
1788095293.305	0/1	0/1	0/1	0/1	0/1	0/1	0/1	0/1
1788095293.328	0/1	0/1	0/1	0/1	0/1	0/1	0/1	0/1
1788095293.352	0/1	0/1	0/1	0/1	0/1	0/1	0/1	0/1
1788095293.379	0/1	0/1	0/1	0/1	0/1	0/1	0/1	0/1
1788095293.410	0/1	0/1	0/1	0/1	0/1	0/1	0/1	0/1
1788095293.442	0/1	0/1	0/1	0/1	0/1	0/1	0/1	0/1
1788095293.475	0/1	0/1	0/1	0/1	0/1	0/1	0/1	0/1
1788095293.511	0/1	0/1	0/1	0/1	0/1	0/1	0/1	0/1
1788095293.549	0/1	0/1	0/1	0/1	0/1	0/1	0/1	0/1
1788095293.588	0/1	0/1	0/1	0/1	0/1	0/1	0/1	0/1
1788095293.631	0/1	0/1	0/1	0/1	0/1	0/1	0/1	0/1
1788095293.682	0/1	0/1	0/1	0/1	0/1	0/1	0/1	0/1
1788095293.726	0/1	0/1	0/1	0/1	0/1	0/1	0/1	0/1
1788095293.768	0/1	0/1	0/1	0/1	0/1	0/1	0/1	0/1
1788095293.818	0/1	0/1	0/1	0/1	0/1	0/1	0/1	0/1
1788095293.866	0/1	0/1	0/1	0/1	0/1	0/1	0/1	0/1
1788095293.908	0/1	0/1	0/1	0/1	0/1	0/1	0/1	0/1
1788095293.949	0/1	0/1	0/1	0/1	0/1	0/1	0/1	0/1
1788095293.991	0/1	0/1	0/1	0/1	0/1	0/1	0/1	0/1
1788095294.040	0/1	0/1	0/1	0/1	0/1	0/1	0/1	0/1
1788095294.087	0/1	0/1	0/1	0/1	0/1	0/1	0/1	0/1
1788095294.127	0/1	0/1	0/1	0/1	0/1	0/1	0/1	0/1
1788095294.168	0/1	0/1	0/1	0/1	0/1	0/1	0/1	0/1
1788095294.208	0/1	0/1	0/1	0/1	0/1	0/1	0/1	0/1
1788095294.250	0/1	0/1	0/1	0/1	0/1	0/1	0/1	0/1
1788095294.299	0/1	0/1	0/1	0/1	0/1	0/1	0/1	0/1
1788095294.370	0/1	0/1	0/1	0/1	0/1	0/1	0/1	0/1
1788095294.414	0/1	0/1	0/1	0/1	0/1	0/1	0/1	0/1
1788095294.461	0/1	0/1	0/1	0/1	0/1	0/1	0/1	0/1
1788095294.505	0/1	0/1	0/1	0/1	0/1	0/1	0/1	0/1
1788095294.546	0/1	0/1	0/1	0/1	0/1	0/1	0/1	0/1
1788095294.588	0/1	0/1	0/1	0/1	0/1	0/1	0/1	0/1
1788095294.630	0/1	0/1	0/1	0/1	0/1	0/1	0/1	0/1
1788095294.673	0/1	0/1	0/1	0/1	0/1	0/1	0/1	0/1
1788095294.716	0/1	0/1	0/1	0/1	0/1	0/1	0/1	0/1
1788095294.760	0/1	0/1	0/1	0/1	0/1	0/1	0/1	0/1
1788095294.803	0/1	0/1	0/1	0/1	0/1	0/1	0/1	0/1
1788095294.846	0/1	0/1	0/1	0/1	0/1	0/1	0/1	0/1
1788095294.888	0/1	0/1	0/1	0/1	0/1	0/1	0/1	0/1
1788095294.930	0/1	0/1	0/1	0/1	0/1	0/1	0/1	0/1
1788095294.971	0/1	0/1	0/1	0/1	0/1	0/1	0/1	0/1
1788095295.014	0/1	0/1	0/1	0/1	0/1	0/1	0/1	0/1
1788095295.056	0/1	0/1	0/1	0/1	0/1	0/1	0/1	0/1
1788095295.099	0/1	0/1	0/1	0/1	0/1	0/1	0/1	0/1
1788095295.142	0/1	0/1	0/1	0/1	0/1	0/1	0/1	0/1
1788095295.184	0/1	0/1	0/1	0/1	0/1	0/1	0/1	0/1
1788095295.227	0/1	0/1	0/1	0/1	0/1	0/1	0/1	0/1
1788095295.283	0/1	0/1	0/1	0/1	0/1	0/1	0/1	0/1
1788095295.340	0/1	0/1	0/1	0/1	0/1	0/1	0/1	0/1
1788095295.380	0/1	0/1	0/1	0/1	0/1	0/1	0/1	0/1
1788095295.420	0/1	0/1	0/1	0/1	0/1	0/1	0/1	0/1
1788095295.459	0/1	0/1	0/1	0/1	0/1	0/1	0/1	0/1
1788095295.496	0/1	0/1	0/1	0/1	0/1	0/1	0/1	0/1
1788095295.528	0/1	0/1	0/1	0/1	0/1	0/1	0/1	0/1
1788095295.557	0/1	0/1	0/1	0/1	0/1	0/1	0/1	0/1
1788095295.583	0/1	0/1	0/1	0/1	0/1	0/1	0/1	0/1
1788095295.606	0/1	0/1	0/1	0/1	0/1	0/1	0/1	0/1
1788095295.629	0/1	0/1	0/1	0/1	0/1	0/1	0/1	0/1
1788095295.650	0/1	0/1	0/1	0/1	0/1	0/1	0/1	0/1
1788095295.670	0/1	0/1	0/1	0/1	0/1	0/1	0/1	0/1
1788095295.688	0/1	0/1	0/1	0/1	0/1	0/1	0/1	0/1
1788095295.705	0/1	0/1	0/1	0/1	0/1	0/1	0/1	0/1
1788095295.722	0/1	0/1	0/1	0/1	0/1	0/1	0/1	0/1
1788095295.738	0/1	0/1	0/1	0/1	0/1	0/1	0/1	0/1
1788095295.755	0/1	0/1	0/1	0/1	0/1	0/1	0/1	0/1
1788095295.772	0/1	0/1	0/1	0/1	0/1	0/1	0/1	0/1
1788095295.789	0/1	0/1	0/1	0/1	0/1	0/1	0/1	0/1
1788095295.806	0/1	0/1	0/1	0/1	0/1	0/1	0/1	0/1
1788095295.823	0/1	0/1	0/1	0/1	0/1	0/1	0/1	0/1
1788095295.839	0/1	0/1	0/1	0/1	0/1	0/1	0/1	0/1
1788095295.855	0/1	0/1	0/1	0/1	0/1	0/1	0/1	0/1
1788095295.871	0/1	0/1	0/1	0/1	0/1	0/1	0/1	0/1
1788095295.887	0/1	0/1	0/1	0/1	0/1	0/1	0/1	0/1
1788095295.906	0/1	0/1	0/1	0/1	0/1	0/1	0/1	0/1
1788095295.923	0/1	0/1	0/1	0/1	0/1	0/1	0/1	0/1
1788095295.939	0/1	0/1	0/1	0/1	0/1	0/1	0/1	0/1
1788095295.955	0/1	0/1	0/1	0/1	0/1	0/1	0/1	0/1
1788095295.971	0/1	0/1	0/1	0/1	0/1	0/1	0/1	0/1
1788095295.992	0/1	0/1	0/1	0/1	0/1	0/1	0/1	0/1
1788095296.017	0/1	0/1	0/1	0/1	0/1	0/1	0/1	0/1
1788095296.040	0/1	0/1	0/1	0/1	0/1	0/1	0/1	0/1
1788095296.068	0/1	0/1	0/1	0/1	0/1	0/1	0/1	0/1
1788095296.093	0/1	0/1	0/1	0/1	0/1	0/1	0/1	0/1
1788095296.114	0/1	0/1	0/1	0/1	0/1	0/1	0/1	0/1
1788095296.160	0/1	0/1	0/1	0/1	0/1	0/1	0/1	0/1
1788095296.202	0/1	0/1	0/1	0/1	0/1	0/1	0/1	0/1
1788095296.245	0/1	0/1	0/1	0/1	0/1	0/1	0/1	0/1
1788095296.290	0/1	0/1	0/1	0/1	0/1	0/1	0/1	0/1
1788095296.350	0/1	0/1	0/1	0/1	0/1	0/1	0/1	0/1
1788095296.394	0/1	0/1	0/1	0/1	0/1	0/1	0/1	0/1
1788095296.437	0/1	0/1	0/1	0/1	0/1	0/1	0/1	0/1
1788095296.479	0/1	0/1	0/1	0/1	0/1	0/1	0/1	0/1
1788095296.522	0/1	0/1	0/1	0/1	0/1	0/1	0/1	0/1
1788095296.564	0/1	0/1	0/1	0/1	0/1	0/1	0/1	0/1
1788095296.605	0/1	0/1	0/1	0/1	0/1	0/1	0/1	0/1
1788095296.646	0/1	0/1	0/1	0/1	0/1	0/1	0/1	0/1
1788095296.690	0/1	0/1	0/1	0/1	0/1	0/1	0/1	0/1
1788095296.734	0/1	0/1	0/1	0/1	0/1	0/1	0/1	0/1
1788095296.779	0/1	0/1	0/1	0/1	0/1	0/1	0/1	0/1
1788095296.825	0/1	0/1	0/1	0/1	0/1	0/1	0/1	0/1
1788095296.868	0/1	0/1	0/1	0/1	0/1	0/1	0/1	0/1
1788095296.912	0/1	0/1	0/1	0/1	0/1	0/1	0/1	0/1
1788095296.954	0/1	0/1	0/1	0/1	0/1	0/1	0/1	0/1
1788095296.996	0/1	0/1	0/1	0/1	0/1	0/1	0/1	0/1
1788095297.039	0/1	0/1	0/1	0/1	0/1	0/1	0/1	0/1
1788095297.081	0/1	0/1	0/1	0/1	0/1	0/1	0/1	0/1
1788095297.124	0/1	0/1	0/1	0/1	0/1	0/1	0/1	0/1
1788095297.165	0/1	0/1	0/1	0/1	0/1	0/1	0/1	0/1
1788095297.206	0/1	0/1	0/1	0/1	0/1	0/1	0/1	0/1
1788095297.260	0/1	0/1	0/1	0/1	0/1	0/1	0/1	0/1
1788095297.304	0/1	0/1	0/1	0/1	0/1	0/1	0/1	0/1
1788095297.364	0/1	0/1	0/1	0/1	0/1	0/1	0/1	0/1
1788095297.408	0/1	0/1	0/1	0/1	0/1	0/1	0/1	0/1
1788095297.451	0/1	0/1	0/1	0/1	0/1	0/1	0/1	0/1
1788095297.493	0/1	0/1	0/1	0/1	0/1	0/1	0/1	0/1
1788095297.535	0/1	0/1	0/1	0/1	0/1	0/1	0/1	0/1
1788095297.578	0/1	0/1	0/1	0/1	0/1	0/1	0/1	0/1
1788095297.620	0/1	0/1	0/1	0/1	0/1	0/1	0/1	0/1
1788095297.662	0/1	0/1	0/1	0/1	0/1	0/1	0/1	0/1
1788095297.705	0/1	0/1	0/1	0/1	0/1	0/1	0/1	0/1
1788095297.747	0/1	0/1	0/1	0/1	0/1	0/1	0/1	0/1
1788095297.793	0/1	0/1	0/1	0/1	0/1	0/1	0/1	0/1
1788095297.838	0/1	0/1	0/1	0/1	0/1	0/1	0/1	0/1
1788095297.881	0/1	0/1	0/1	0/1	0/1	0/1	0/1	0/1
1788095297.922	0/1	0/1	0/1	0/1	0/1	0/1	0/1	0/1
1788095297.963	0/1	0/1	0/1	0/1	0/1	0/1	0/1	0/1
1788095298.005	0/1	0/1	0/1	0/1	0/1	0/1	0/1	0/1
1788095298.048	0/1	0/1	0/1	0/1	0/1	0/1	0/1	0/1
1788095298.090	0/1	0/1	0/1	0/1	0/1	0/1	0/1	0/1
1788095298.132	0/1	0/1	0/1	0/1	0/1	0/1	0/1	0/1
1788095298.175	0/1	0/1	0/1	0/1	0/1	0/1	0/1	0/1
1788095298.222	0/1	0/1	0/1	0/1	0/1	0/1	0/1	0/1
1788095298.268	0/1	0/1	0/1	0/1	0/1	0/1	0/1	0/1
1788095298.341	0/1	0/1	0/1	0/1	0/1	0/1	0/1	0/1
1788095298.389	0/1	0/1	0/1	0/1	0/1	0/1	0/1	0/1
1788095298.432	0/1	0/1	0/1	0/1	0/1	0/1	0/1	0/1
1788095298.474	0/1	0/1	0/1	0/1	0/1	0/1	0/1	0/1
1788095298.517	0/1	0/1	0/1	0/1	0/1	0/1	0/1	0/1
1788095298.558	0/1	0/1	0/1	0/1	0/1	0/1	0/1	0/1
1788095298.600	0/1	0/1	0/1	0/1	0/1	0/1	0/1	0/1
1788095298.642	0/1	0/1	0/1	0/1	0/1	0/1	0/1	0/1
1788095298.683	0/1	0/1	0/1	0/1	0/1	0/1	0/1	0/1
1788095298.726	0/1	0/1	0/1	0/1	0/1	0/1	0/1	0/1
1788095298.775	0/1	0/1	0/1	0/1	0/1	0/1	0/1	0/1
1788095298.826	0/1	0/1	0/1	0/1	0/1	0/1	0/1	0/1
1788095298.870	0/1	0/1	0/1	0/1	0/1	0/1	0/1	0/1
1788095298.919	0/1	0/1	0/1	0/1	0/1	0/1	0/1	0/1
1788095298.961	0/1	0/1	0/1	0/1	0/1	0/1	0/1	0/1
1788095299.002	0/1	0/1	0/1	0/1	0/1	0/1	0/1	0/1
1788095299.045	0/1	0/1	0/1	0/1	0/1	0/1	0/1	0/1
1788095299.088	0/1	0/1	0/1	0/1	0/1	0/1	0/1	0/1
1788095299.129	0/1	0/1	0/1	0/1	0/1	0/1	0/1	0/1
1788095299.171	0/1	0/1	0/1	0/1	0/1	0/1	0/1	0/1
1788095299.214	0/1	0/1	0/1	0/1	0/1	0/1	0/1	0/1
1788095299.256	0/1	0/1	0/1	0/1	0/1	0/1	0/1	0/1
1788095299.303	0/1	0/1	0/1	0/1	0/1	0/1	0/1	0/1
1788095299.377	0/1	0/1	0/1	0/1	0/1	0/1	0/1	0/1
1788095299.432	0/1	0/1	0/1	0/1	0/1	0/1	0/1	0/1
1788095299.479	0/1	0/1	0/1	0/1	0/1	0/1	0/1	0/1
1788095299.524	0/1	0/1	0/1	0/1	0/1	0/1	0/1	0/1
1788095299.566	0/1	0/1	0/1	0/1	0/1	0/1	0/1	0/1
1788095299.611	0/1	0/1	0/1	0/1	0/1	0/1	0/1	0/1
1788095299.654	0/1	0/1	0/1	0/1	0/1	0/1	0/1	0/1
1788095299.698	0/1	0/1	0/1	0/1	0/1	0/1	0/1	0/1
1788095299.738	0/1	0/1	0/1	0/1	0/1	0/1	0/1	0/1
1788095299.777	0/1	0/1	0/1	0/1	0/1	0/1	0/1	0/1
1788095299.817	0/1	0/1	0/1	0/1	0/1	0/1	0/1	0/1
1788095299.858	0/1	0/1	0/1	0/1	0/1	0/1	0/1	0/1
1788095299.898	0/1	0/1	0/1	0/1	0/1	0/1	0/1	0/1
1788095299.937	0/1	0/1	0/1	0/1	0/1	0/1	0/1	0/1
1788095299.977	0/1	0/1	0/1	0/1	0/1	0/1	0/1	0/1
1788095300.016	0/1	0/1	0/1	0/1	0/1	0/1	0/1	0/1
1788095300.056	0/1	0/1	0/1	0/1	0/1	0/1	0/1	0/1
1788095300.093	0/1	0/1	0/1	0/1	0/1	0/1	0/1	0/1
1788095300.134	0/1	0/1	0/1	0/1	0/1	0/1	0/1	0/1
1788095300.178	0/1	0/1	0/1	0/1	0/1	0/1	0/1	0/1
1788095300.220	0/1	0/1	0/1	0/1	0/1	0/1	0/1	0/1
1788095300.266	0/1	0/1	0/1	0/1	0/1	0/1	0/1	0/1
1788095300.355	0/1	0/1	0/1	0/1	0/1	0/1	0/1	0/1
1788095300.403	0/1	0/1	0/1	0/1	0/1	0/1	0/1	0/1
1788095300.444	0/1	0/1	0/1	0/1	0/1	0/1	0/1	0/1
1788095300.487	0/1	0/1	0/1	0/1	0/1	0/1	0/1	0/1
1788095300.530	0/1	0/1	0/1	0/1	0/1	0/1	0/1	0/1
1788095300.571	0/1	0/1	0/1	0/1	0/1	0/1	0/1	0/1
1788095300.614	0/1	0/1	0/1	0/1	0/1	0/1	0/1	0/1
1788095300.658	0/1	0/1	0/1	0/1	0/1	0/1	0/1	0/1
1788095300.706	0/1	0/1	0/1	0/1	0/1	0/1	0/1	0/1
1788095300.751	0/1	0/1	0/1	0/1	0/1	0/1	0/1	0/1
1788095300.795	0/1	0/1	0/1	0/1	0/1	0/1	0/1	0/1
1788095300.836	0/1	0/1	0/1	0/1	0/1	0/1	0/1	0/1
1788095300.879	0/1	0/1	0/1	0/1	0/1	0/1	0/1	0/1
1788095300.921	0/1	0/1	0/1	0/1	0/1	0/1	0/1	0/1
1788095300.963	0/1	0/1	0/1	0/1	0/1	0/1	0/1	0/1
1788095301.005	0/1	0/1	0/1	0/1	0/1	0/1	0/1	0/1
1788095301.047	0/1	0/1	0/1	0/1	0/1	0/1	0/1	0/1
1788095301.089	0/1	0/1	0/1	0/1	0/1	0/1	0/1	0/1
1788095301.133	0/1	0/1	0/1	0/1	0/1	0/1	0/1	0/1
1788095301.179	0/1	0/1	0/1	0/1	0/1	0/1	0/1	0/1
1788095301.222	0/1	0/1	0/1	0/1	0/1	0/1	0/1	0/1
1788095301.267	0/1	0/1	0/1	0/1	0/1	0/1	0/1	0/1
1788095301.343	0/1	0/1	0/1	0/1	0/1	0/1	0/1	0/1
1788095301.383	0/1	0/1	0/1	0/1	0/1	0/1	0/1	0/1
