wall	status	session	pid	forwarded_to_hosts	forwarded_between_switches
1790443753.5	stopped	1c60aaa7560143b3	3911398	0	0
1790443754.5	stopped	1c60aaa7560143b3	3911398	0	0
1790443755.5	stopped	1c60aaa7560143b3	3911398	0	0
1790443756.5	stopped	1c60aaa7560143b3	3911398	0	0
1790443757.5	stopped	1c60aaa7560143b3	3911398	0	0
1790443758.5	stopped	1c60aaa7560143b3	3911398	0	0
1790443759.5	stopped	1c60aaa7560143b3	3911398	0	0
1790443760.5	stopped	1c60aaa7560143b3	3911398	0	0
1790443761.5	running	1fce2f6500dfb6a6	15726	0	0
1790443762.5	running	1fce2f6500dfb6a6	15726	0	0
1790443763.5	running	1fce2f6500dfb6a6	15726	0	0
1790443764.5	running	1fce2f6500dfb6a6	15726	0	0
1790443765.5	running	1fce2f6500dfb6a6	15726	0	0
1790443766.5	running	1fce2f6500dfb6a6	15726	0	0
1790443767.5	running	1fce2f6500dfb6a6	15726	0	0
1790443768.5	running	1fce2f6500dfb6a6	15726	0	0
1790443769.5	running	1fce2f6500dfb6a6	15726	0	0
1790443770.5	running	1fce2f6500dfb6a6	15726	0	0
1790443771.5	running	1fce2f6500dfb6a6	15726	0	0
1790443772.5	running	1fce2f6500dfb6a6	15726	0	0
1790443773.5	running	1fce2f6500dfb6a6	15726	0	0
1790443774.5	running	1fce2f6500dfb6a6	15726	0	0
1790443775.5	running	1fce2f6500dfb6a6	15726	0	0
1790443776.5	running	1fce2f6500dfb6a6	15726	0	0
1790443777.5	running	1fce2f6500dfb6a6	15726	0	0
1790443778.5	running	1fce2f6500dfb6a6	15726	0	0
1790443779.5	running	1fce2f6500dfb6a6	15726	0	0
1790443780.5	running	1fce2f6500dfb6a6	15726	0	0
1790443781.5	running	1fce2f6500dfb6a6	15726	0	0
1790443782.5	running	1fce2f6500dfb6a6	15726	0	0
1790443783.5	running	1fce2f6500dfb6a6	15726	0	0
1790443784.5	running	1fce2f6500dfb6a6	15726	0	0
1790443785.5	running	1fce2f6500dfb6a6	15726	0	0
1790443786.5	running	1fce2f6500dfb6a6	15726	0	0
1790443787.5	running	1fce2f6500dfb6a6	15726	0	0
1790443788.5	running	1fce2f6500dfb6a6	15726	0	0
1790443789.5	running	1fce2f6500dfb6a6	15726	0	0
1790443790.5	running	1fce2f6500dfb6a6	15726	0	0
1790443791.5	running	1fce2f6500dfb6a6	15726	0	0
1790443792.5	running	1fce2f6500dfb6a6	15726	0	0
1790443793.5	running	1fce2f6500dfb6a6	15726	0	0
1790443794.5	running	1fce2f6500dfb6a6	15726	0	0
1790443795.5	running	1fce2f6500dfb6a6	15726	0	0
1790443796.5	running	1fce2f6500dfb6a6	15726	0	0
1790443797.5	running	1fce2f6500dfb6a6	15726	0	0
1790443798.5	running	1fce2f6500dfb6a6	15726	0	0
1790443799.5	running	1fce2f6500dfb6a6	15726	0	0
1790443800.5	running	1fce2f6500dfb6a6	15726	0	0
1790443801.5	running	1fce2f6500dfb6a6	15726	0	0
1790443802.5	running	1fce2f6500dfb6a6	15726	0	0
1790443803.5	running	1fce2f6500dfb6a6	15726	0	0
1790443804.5	running	1fce2f6500dfb6a6	15726	0	0
1790443805.5	running	1fce2f6500dfb6a6	15726	0	0
1790443806.5	running	1fce2f6500dfb6a6	15726	0	0
1790443807.5	running	1fce2f6500dfb6a6	15726	0	0
1790443808.5	running	1fce2f6500dfb6a6	15726	0	0
1790443809.5	running	1fce2f6500dfb6a6	15726	0	0
1790443810.5	running	1fce2f6500dfb6a6	15726	0	0
1790443811.5	running	1fce2f6500dfb6a6	15726	0	0
1790443812.5	running	1fce2f6500dfb6a6	15726	0	0
1790443813.5	running	1fce2f6500dfb6a6	15726	0	0
1790443814.5	running	1fce2f6500dfb6a6	15726	0	0
1790443815.5	running	1fce2f6500dfb6a6	15726	0	0
1790443816.5	running	1fce2f6500dfb6a6	15726	0	0
1790443817.5	running	1fce2f6500dfb6a6	15726	0	0
1790443818.5	running	1fce2f6500dfb6a6	15726	0	0
1790443819.5	running	1fce2f6500dfb6a6	15726	0	0
1790443820.5	running	1fce2f6500dfb6a6	15726	0	0
1790443821.5	running	1fce2f6500dfb6a6	15726	0	0
1790443822.5	running	1fce2f6500dfb6a6	15726	0	0
1790443823.5	running	1fce2f6500dfb6a6	15726	0	0
1790443824.5	running	1fce2f6500dfb6a6	15726	0	0
1790443825.5	running	1fce2f6500dfb6a6	15726	0	0
1790443826.5	running	1fce2f6500dfb6a6	15726	0	0
1790443827.5	running	1fce2f6500dfb6a6	15726	0	0
1790443828.5	running	1fce2f6500dfb6a6	15726	0	0
1790443829.5	running	1fce2f6500dfb6a6	15726	0	0
1790443830.5	running	1fce2f6500dfb6a6	15726	0	0
1790443831.5	running	1fce2f6500dfb6a6	15726	0	0
1790443832.5	running	1fce2f6500dfb6a6	15726	0	0
1790443833.5	running	1fce2f6500dfb6a6	15726	0	0
1790443834.5	running	1fce2f6500dfb6a6	15726	0	0
1790443835.5	running	1fce2f6500dfb6a6	15726	0	0
1790443836.5	running	1fce2f6500dfb6a6	15726	0	0
1790443837.5	running	1fce2f6500dfb6a6	15726	0	0
1790443838.5	running	1fce2f6500dfb6a6	15726	0	0
1790443839.5	running	1fce2f6500dfb6a6	15726	0	0
1790443840.5	running	1fce2f6500dfb6a6	15726	0	0
1790443841.5	running	1fce2f6500dfb6a6	15726	0	0
1790443842.5	running	1fce2f6500dfb6a6	15726	0	0
1790443843.5	running	1fce2f6500dfb6a6	15726	0	0
1790443844.5	running	1fce2f6500dfb6a6	15726	0	0
1790443845.5	running	1fce2f6500dfb6a6	15726	0	0
1790443846.5	running	1fce2f6500dfb6a6	15726	0	0
1790443847.5	running	1fce2f6500dfb6a6	15726	0	0
1790443848.5	running	1fce2f6500dfb6a6	15726	0	0
1790443849.5	running	1fce2f6500dfb6a6	15726	0	0
1790443850.5	running	1fce2f6500dfb6a6	15726	0	0
1790443851.5	running	1fce2f6500dfb6a6	15726	0	0
1790443852.5	running	1fce2f6500dfb6a6	15726	0	0
1790443853.6	stopped	1fce2f6500dfb6a6	15726	0	0
1790443854.6	stopped	1fce2f6500dfb6a6	15726	0	0
1790443855.6	stopped	1fce2f6500dfb6a6	15726	0	0
1790443856.6	stopped	1fce2f6500dfb6a6	15726	0	0
1790443857.6	stopped	1fce2f6500dfb6a6	15726	0	0
1790443858.6	stopped	1fce2f6500dfb6a6	15726	0	0
1790443859.6	stopped	1fce2f6500dfb6a6	15726	0	0
1790443860.6	stopped	1fce2f6500dfb6a6	15726	0	0
1790443861.6	stopped	1fce2f6500dfb6a6	15726	0	0
1790443862.6	stopped	1fce2f6500dfb6a6	15726	0	0
1790443863.6	running	6d7bbcb473a281cf	19198	0	0
1790443864.6	running	6d7bbcb473a281cf	19198	0	0
1790443865.6	running	6d7bbcb473a281cf	19198	0	0
1790443866.6	running	6d7bbcb473a281cf	19198	0	0
1790443867.6	running	6d7bbcb473a281cf	19198	0	0
1790443868.6	running	6d7bbcb473a281cf	19198	0	0
1790443869.6	running	6d7bbcb473a281cf	19198	0	0
1790443870.6	running	6d7bbcb473a281cf	19198	0	0
1790443871.6	running	6d7bbcb473a281cf	19198	0	0
1790443872.6	running	6d7bbcb473a281cf	19198	0	0
1790443873.6	running	6d7bbcb473a281cf	19198	0	0
1790443874.6	running	6d7bbcb473a281cf	19198	0	0
1790443875.6	running	6d7bbcb473a281cf	19198	0	0
1790443876.6	running	6d7bbcb473a281cf	19198	0	0
1790443877.6	running	6d7bbcb473a281cf	19198	0	0
1790443878.6	running	6d7bbcb473a281cf	19198	0	0
1790443879.6	running	6d7bbcb473a281cf	19198	0	0
1790443880.6	running	6d7bbcb473a281cf	19198	0	0
1790443881.6	running	6d7bbcb473a281cf	19198	0	0
1790443882.6	running	6d7bbcb473a281cf	19198	0	0
1790443883.6	running	6d7bbcb473a281cf	19198	0	0
1790443884.6	running	6d7bbcb473a281cf	19198	0	0
1790443885.6	running	6d7bbcb473a281cf	19198	0	0
1790443886.6	running	6d7bbcb473a281cf	19198	0	0
1790443887.6	running	6d7bbcb473a281cf	19198	0	0
1790443888.6	running	6d7bbcb473a281cf	19198	0	0
1790443889.6	running	6d7bbcb473a281cf	19198	0	0
1790443890.6	running	6d7bbcb473a281cf	19198	0	0
1790443891.6	running	6d7bbcb473a281cf	19198	0	0
1790443892.6	running	6d7bbcb473a281cf	19198	0	0
1790443893.6	running	6d7bbcb473a281cf	19198	0	0
1790443894.6	running	6d7bbcb473a281cf	19198	0	0
1790443895.6	running	6d7bbcb473a281cf	19198	0	0
1790443896.6	running	6d7bbcb473a281cf	19198	0	0
1790443897.6	running	6d7bbcb473a281cf	19198	0	0
1790443898.6	running	6d7bbcb473a281cf	19198	0	0
1790443899.6	running	6d7bbcb473a281cf	19198	0	0
1790443900.6	running	6d7bbcb473a281cf	19198	0	0
1790443901.6	running	6d7bbcb473a281cf	19198	0	0
1790443902.6	running	6d7bbcb473a281cf	19198	0	0
1790443903.6	running	6d7bbcb473a281cf	19198	0	0
1790443904.6	running	6d7bbcb473a281cf	19198	0	0
1790443905.6	running	6d7bbcb473a281cf	19198	0	0
1790443906.6	running	6d7bbcb473a281cf	19198	0	0
1790443907.6	running	6d7bbcb473a281cf	19198	0	0
1790443908.6	running	6d7bbcb473a281cf	19198	0	0
1790443909.6	running	6d7bbcb473a281cf	19198	0	0
1790443910.6	running	6d7bbcb473a281cf	19198	0	0
1790443911.6	running	6d7bbcb473a281cf	19198	0	0
1790443912.6	running	6d7bbcb473a281cf	19198	0	0
1790443913.6	running	6d7bbcb473a281cf	19198	0	0
1790443914.6	running	6d7bbcb473a281cf	19198	0	0
1790443915.6	running	6d7bbcb473a281cf	19198	0	0
1790443916.6	running	6d7bbcb473a281cf	19198	0	0
1790443917.6	running	6d7bbcb473a281cf	19198	0	0
1790443918.6	running	6d7bbcb473a281cf	19198	0	0
1790443919.6	running	6d7bbcb473a281cf	19198	0	0
1790443920.6	running	6d7bbcb473a281cf	19198	0	0
1790443921.6	running	6d7bbcb473a281cf	19198	0	0
1790443922.6	running	6d7bbcb473a281cf	19198	0	0
1790443923.6	running	6d7bbcb473a281cf	19198	0	0
1790443924.6	running	6d7bbcb473a281cf	19198	0	0
1790443925.6	running	6d7bbcb473a281cf	19198	0	0
1790443926.6	running	6d7bbcb473a281cf	19198	0	0
1790443927.6	running	6d7bbcb473a281cf	19198	0	0
1790443928.6	running	6d7bbcb473a281cf	19198	0	0
1790443929.6	running	6d7bbcb473a281cf	19198	0	0
1790443930.6	running	6d7bbcb473a281cf	19198	0	0
1790443931.6	running	6d7bbcb473a281cf	19198	0	0
1790443932.6	running	6d7bbcb473a281cf	19198	0	0
1790443933.6	running	6d7bbcb473a281cf	19198	0	0
1790443934.6	running	6d7bbcb473a281cf	19198	0	0
1790443935.6	running	6d7bbcb473a281cf	19198	0	0
1790443936.6	running	6d7bbcb473a281cf	19198	0	0
1790443937.6	running	6d7bbcb473a281cf	19198	0	0
1790443938.6	running	6d7bbcb473a281cf	19198	0	0
1790443939.6	running	6d7bbcb473a281cf	19198	0	0
1790443940.6	running	6d7bbcb473a281cf	19198	0	0
1790443941.6	running	6d7bbcb473a281cf	19198	0	0
1790443942.6	running	6d7bbcb473a281cf	19198	0	0
1790443943.6	running	6d7bbcb473a281cf	19198	0	0
1790443944.6	running	6d7bbcb473a281cf	19198	0	0
1790443945.6	running	6d7bbcb473a281cf	19198	0	0
1790443946.6	stopped	6d7bbcb473a281cf	19198	0	0
1790443947.6	stopped	6d7bbcb473a281cf	19198	0	0
1790443948.6	stopped	6d7bbcb473a281cf	19198	0	0
1790443949.6	stopped	6d7bbcb473a281cf	19198	0	0
1790443950.6	stopped	6d7bbcb473a281cf	19198	0	0
1790443951.6	stopped	6d7bbcb473a281cf	19198	0	0
1790443952.6	stopped	6d7bbcb473a281cf	19198	0	0
1790443953.6	stopped	6d7bbcb473a281cf	19198	0	0
1790443954.6	stopped	6d7bbcb473a281cf	19198	0	0
1790443955.6	stopped	6d7bbcb473a281cf	19198	0	0
1790443956.6	running	8433a457fbfa00f0	22853	0	0
1790443957.6	running	8433a457fbfa00f0	22853	0	0
1790443958.6	running	8433a457fbfa00f0	22853	0	0
1790443959.6	running	8433a457fbfa00f0	22853	0	0
1790443960.6	running	8433a457fbfa00f0	22853	0	0
1790443961.6	running	8433a457fbfa00f0	22853	0	0
1790443962.6	running	8433a457fbfa00f0	22853	0	0
1790443963.6	running	8433a457fbfa00f0	22853	0	0
1790443964.6	running	8433a457fbfa00f0	22853	0	0
1790443965.6	running	8433a457fbfa00f0	22853	0	0
1790443966.6	running	8433a457fbfa00f0	22853	0	0
1790443967.6	running	8433a457fbfa00f0	22853	0	0
1790443968.6	running	8433a457fbfa00f0	22853	0	0
1790443969.6	running	8433a457fbfa00f0	22853	0	0
1790443970.6	running	8433a457fbfa00f0	22853	0	0
1790443971.6	stopped	8433a457fbfa00f0	22853	0	0
1790443972.6	stopped	8433a457fbfa00f0	22853	0	0
1790443973.6	stopped	8433a457fbfa00f0	22853	0	0
1790443974.6	stopped	8433a457fbfa00f0	22853	0	0
1790443975.6	stopped	8433a457fbfa00f0	22853	0	0
1790443976.6	stopped	8433a457fbfa00f0	22853	0	0
1790443977.6	stopped	8433a457fbfa00f0	22853	0	0
1790443978.6	stopped	8433a457fbfa00f0	22853	0	0
1790443979.6	stopped	8433a457fbfa00f0	22853	0	0
1790443980.6	stopped	8433a457fbfa00f0	22853	0	0
1790443981.6	running	0bc442505d18eda6	25754	0	0
1790443982.6	running	0bc442505d18eda6	25754	0	0
1790443983.6	running	0bc442505d18eda6	25754	0	0
1790443984.6	running	0bc442505d18eda6	25754	0	0
1790443985.6	running	0bc442505d18eda6	25754	0	0
1790443986.6	running	0bc442505d18eda6	25754	0	0
1790443987.6	running	0bc442505d18eda6	25754	0	0
1790443988.6	running	0bc442505d18eda6	25754	0	0
1790443989.6	running	0bc442505d18eda6	25754	0	0
1790443990.6	running	0bc442505d18eda6	25754	0	0
1790443991.6	running	0bc442505d18eda6	25754	0	0
1790443992.6	running	0bc442505d18eda6	25754	0	0
1790443993.6	running	0bc442505d18eda6	25754	0	0
1790443994.6	running	0bc442505d18eda6	25754	0	0
1790443995.6	running	0bc442505d18eda6	25754	0	0
1790443996.6	stopped	0bc442505d18eda6	25754	0	0
1790443997.6	stopped	0bc442505d18eda6	25754	0	0
1790443998.6	stopped	0bc442505d18eda6	25754	0	0
1790443999.6	stopped	0bc442505d18eda6	25754	0	0
1790444000.6	stopped	0bc442505d18eda6	25754	0	0
1790444001.6	stopped	0bc442505d18eda6	25754	0	0
1790444002.6	stopped	0bc442505d18eda6	25754	0	0
1790444003.6	stopped	0bc442505d18eda6	25754	0	0
1790444004.6	stopped	0bc442505d18eda6	25754	0	0
1790444005.6	stopped	0bc442505d18eda6	25754	0	0
1790444006.6	stopped	0bc442505d18eda6	25754	0	0
1790444007.6	stopped	0bc442505d18eda6	25754	0	0
1790444008.6	stopped	0bc442505d18eda6	25754	0	0
1790444009.6	stopped	0bc442505d18eda6	25754	0	0
1790444010.6	stopped	0bc442505d18eda6	25754	0	0
1790444011.6	stopped	0bc442505d18eda6	25754	0	0
1790444012.6	stopped	0bc442505d18eda6	25754	0	0
1790444013.6	stopped	0bc442505d18eda6	25754	0	0
1790444014.6	stopped	0bc442505d18eda6	25754	0	0
1790444015.6	stopped	0bc442505d18eda6	25754	0	0
1790444016.6	stopped	0bc442505d18eda6	25754	0	0
1790444017.6	stopped	0bc442505d18eda6	25754	0	0
1790444018.6	stopped	0bc442505d18eda6	25754	0	0
1790444019.6	stopped	0bc442505d18eda6	25754	0	0
1790444020.6	stopped	0bc442505d18eda6	25754	0	0
1790444021.6	stopped	0bc442505d18eda6	25754	0	0
1790444022.6	stopped	0bc442505d18eda6	25754	0	0
1790444023.6	stopped	0bc442505d18eda6	25754	0	0
1790444024.6	stopped	0bc442505d18eda6	25754	0	0
1790444025.6	stopped	0bc442505d18eda6	25754	0	0
1790444026.6	stopped	0bc442505d18eda6	25754	0	0
1790444027.6	stopped	0bc442505d18eda6	25754	0	0
1790444028.6	stopped	0bc442505d18eda6	25754	0	0
1790444029.6	stopped	0bc442505d18eda6	25754	0	0
1790444030.6	stopped	0bc442505d18eda6	25754	0	0
1790444031.6	stopped	0bc442505d18eda6	25754	0	0
1790444032.6	stopped	0bc442505d18eda6	25754	0	0
1790444033.6	stopped	0bc442505d18eda6	25754	0	0
1790444034.6	stopped	0bc442505d18eda6	25754	0	0
1790444035.6	stopped	0bc442505d18eda6	25754	0	0
1790444036.6	stopped	0bc442505d18eda6	25754	0	0
1790444037.6	stopped	0bc442505d18eda6	25754	0	0
1790444038.6	stopped	0bc442505d18eda6	25754	0	0
1790444039.6	stopped	0bc442505d18eda6	25754	0	0
1790444040.6	stopped	0bc442505d18eda6	25754	0	0
1790444041.6	stopped	0bc442505d18eda6	25754	0	0
1790444042.6	stopped	0bc442505d18eda6	25754	0	0
1790444043.6	stopped	0bc442505d18eda6	25754	0	0
1790444044.6	stopped	0bc442505d18eda6	25754	0	0
1790444045.6	stopped	0bc442505d18eda6	25754	0	0
1790444046.6	stopped	0bc442505d18eda6	25754	0	0
1790444047.6	stopped	0bc442505d18eda6	25754	0	0
1790444048.6	stopped	0bc442505d18eda6	25754	0	0
1790444049.6	stopped	0bc442505d18eda6	25754	0	0
1790444050.6	stopped	0bc442505d18eda6	25754	0	0
1790444051.6	stopped	0bc442505d18eda6	25754	0	0
1790444052.6	stopped	0bc442505d18eda6	25754	0	0
1790444053.6	stopped	0bc442505d18eda6	25754	0	0
1790444054.6	stopped	0bc442505d18eda6	25754	0	0
1790444055.6	stopped	0bc442505d18eda6	25754	0	0
1790444056.6	stopped	0bc442505d18eda6	25754	0	0
1790444057.6	stopped	0bc442505d18eda6	25754	0	0
1790444058.6	stopped	0bc442505d18eda6	25754	0	0
1790444059.6	stopped	0bc442505d18eda6	25754	0	0
1790444060.6	stopped	0bc442505d18eda6	25754	0	0
1790444061.6	stopped	0bc442505d18eda6	25754	0	0
1790444062.6	stopped	0bc442505d18eda6	25754	0	0
1790444063.6	stopped	0bc442505d18eda6	25754	0	0
1790444064.6	stopped	0bc442505d18eda6	25754	0	0
1790444065.6	stopped	0bc442505d18eda6	25754	0	0
1790444066.6	stopped	0bc442505d18eda6	25754	0	0
1790444067.6	stopped	0bc442505d18eda6	25754	0	0
1790444068.6	stopped	0bc442505d18eda6	25754	0	0
1790444069.6	stopped	0bc442505d18eda6	25754	0	0
1790444070.6	stopped	0bc442505d18eda6	25754	0	0
1790444071.7	stopped	0bc442505d18eda6	25754	0	0
1790444072.7	stopped	0bc442505d18eda6	25754	0	0
1790444073.7	stopped	0bc442505d18eda6	25754	0	0
1790444074.7	stopped	0bc442505d18eda6	25754	0	0
1790444075.7	stopped	0bc442505d18eda6	25754	0	0
1790444076.7	stopped	0bc442505d18eda6	25754	0	0
1790444077.7	stopped	0bc442505d18eda6	25754	0	0
1790444078.7	stopped	0bc442505d18eda6	25754	0	0
1790444079.7	stopped	0bc442505d18eda6	25754	0	0
1790444080.7	stopped	0bc442505d18eda6	25754	0	0
1790444081.7	stopped	0bc442505d18eda6	25754	0	0
1790444082.7	stopped	0bc442505d18eda6	25754	0	0
1790444083.7	stopped	0bc442505d18eda6	25754	0	0
1790444084.7	stopped	0bc442505d18eda6	25754	0	0
1790444085.7	stopped	0bc442505d18eda6	25754	0	0
1790444086.7	stopped	0bc442505d18eda6	25754	0	0
1790444087.7	stopped	0bc442505d18eda6	25754	0	0
1790444088.7	stopped	0bc442505d18eda6	25754	0	0
1790444089.7	stopped	0bc442505d18eda6	25754	0	0
1790444090.7	stopped	0bc442505d18eda6	25754	0	0
1790444091.7	stopped	0bc442505d18eda6	25754	0	0
1790444092.7	stopped	0bc442505d18eda6	25754	0	0
1790444093.7	stopped	0bc442505d18eda6	25754	0	0
1790444094.7	stopped	0bc442505d18eda6	25754	0	0
1790444095.7	stopped	0bc442505d18eda6	25754	0	0
1790444096.7	stopped	0bc442505d18eda6	25754	0	0
1790444097.7	stopped	0bc442505d18eda6	25754	0	0
1790444098.7	stopped	0bc442505d18eda6	25754	0	0
1790444099.7	stopped	0bc442505d18eda6	25754	0	0
1790444100.7	stopped	0bc442505d18eda6	25754	0	0
1790444101.7	stopped	0bc442505d18eda6	25754	0	0
1790444102.7	stopped	0bc442505d18eda6	25754	0	0
1790444103.7	stopped	0bc442505d18eda6	25754	0	0
1790444104.7	stopped	0bc442505d18eda6	25754	0	0
1790444105.7	stopped	0bc442505d18eda6	25754	0	0
1790444106.7	stopped	0bc442505d18eda6	25754	0	0
1790444107.7	stopped	0bc442505d18eda6	25754	0	0
1790444108.7	stopped	0bc442505d18eda6	25754	0	0
1790444109.7	stopped	0bc442505d18eda6	25754	0	0
1790444110.7	stopped	0bc442505d18eda6	25754	0	0
1790444111.7	stopped	0bc442505d18eda6	25754	0	0
1790444112.7	stopped	0bc442505d18eda6	25754	0	0
1790444113.7	stopped	0bc442505d18eda6	25754	0	0
1790444114.7	stopped	0bc442505d18eda6	25754	0	0
1790444115.7	stopped	0bc442505d18eda6	25754	0	0
1790444116.7	stopped	0bc442505d18eda6	25754	0	0
1790444117.7	stopped	0bc442505d18eda6	25754	0	0
1790444118.7	stopped	0bc442505d18eda6	25754	0	0
1790444119.7	stopped	0bc442505d18eda6	25754	0	0
1790444120.7	stopped	0bc442505d18eda6	25754	0	0
1790444121.7	stopped	0bc442505d18eda6	25754	0	0
1790444122.7	stopped	0bc442505d18eda6	25754	0	0
1790444123.7	stopped	0bc442505d18eda6	25754	0	0
1790444124.7	stopped	0bc442505d18eda6	25754	0	0
1790444125.7	stopped	0bc442505d18eda6	25754	0	0
1790444126.7	stopped	0bc442505d18eda6	25754	0	0
1790444127.7	stopped	0bc442505d18eda6	25754	0	0
1790444128.7	stopped	0bc442505d18eda6	25754	0	0
1790444129.7	stopped	0bc442505d18eda6	25754	0	0
1790444130.7	stopped	0bc442505d18eda6	25754	0	0
1790444131.7	stopped	0bc442505d18eda6	25754	0	0
1790444132.7	stopped	0bc442505d18eda6	25754	0	0
1790444133.7	stopped	0bc442505d18eda6	25754	0	0
1790444134.7	stopped	0bc442505d18eda6	25754	0	0
1790444135.7	stopped	0bc442505d18eda6	25754	0	0
1790444136.7	stopped	0bc442505d18eda6	25754	0	0
1790444137.7	stopped	0bc442505d18eda6	25754	0	0
1790444138.7	stopped	0bc442505d18eda6	25754	0	0
1790444139.7	stopped	0bc442505d18eda6	25754	0	0
1790444140.7	stopped	0bc442505d18eda6	25754	0	0
1790444141.7	stopped	0bc442505d18eda6	25754	0	0
1790444142.7	stopped	0bc442505d18eda6	25754	0	0
1790444143.7	stopped	0bc442505d18eda6	25754	0	0
1790444144.7	stopped	0bc442505d18eda6	25754	0	0
1790444145.7	stopped	0bc442505d18eda6	25754	0	0
1790444146.7	stopped	0bc442505d18eda6	25754	0	0
1790444147.7	stopped	0bc442505d18eda6	25754	0	0
1790444148.7	stopped	0bc442505d18eda6	25754	0	0
1790444149.7	stopped	0bc442505d18eda6	25754	0	0
1790444150.7	stopped	0bc442505d18eda6	25754	0	0
1790444151.7	stopped	0bc442505d18eda6	25754	0	0
1790444152.7	stopped	0bc442505d18eda6	25754	0	0
1790444153.7	stopped	0bc442505d18eda6	25754	0	0
1790444154.7	stopped	0bc442505d18eda6	25754	0	0
1790444155.7	stopped	0bc442505d18eda6	25754	0	0
1790444156.7	stopped	0bc442505d18eda6	25754	0	0
1790444157.7	stopped	0bc442505d18eda6	25754	0	0
1790444158.7	stopped	0bc442505d18eda6	25754	0	0
1790444159.7	stopped	0bc442505d18eda6	25754	0	0
1790444160.7	stopped	0bc442505d18eda6	25754	0	0
1790444161.7	stopped	0bc442505d18eda6	25754	0	0
1790444162.7	stopped	0bc442505d18eda6	25754	0	0
1790444163.7	stopped	0bc442505d18eda6	25754	0	0
1790444164.7	stopped	0bc442505d18eda6	25754	0	0
1790444165.7	stopped	0bc442505d18eda6	25754	0	0
1790444166.7	stopped	0bc442505d18eda6	25754	0	0
1790444167.7	stopped	0bc442505d18eda6	25754	0	0
1790444168.7	stopped	0bc442505d18eda6	25754	0	0
1790444169.7	stopped	0bc442505d18eda6	25754	0	0
1790444170.7	stopped	0bc442505d18eda6	25754	0	0
1790444171.7	stopped	0bc442505d18eda6	25754	0	0
1790444172.7	stopped	0bc442505d18eda6	25754	0	0
1790444173.7	stopped	0bc442505d18eda6	25754	0	0
1790444174.7	stopped	0bc442505d18eda6	25754	0	0
1790444175.7	stopped	0bc442505d18eda6	25754	0	0
1790444176.7	stopped	0bc442505d18eda6	25754	0	0
1790444177.7	stopped	0bc442505d18eda6	25754	0	0
1790444178.7	stopped	0bc442505d18eda6	25754	0	0
1790444179.7	stopped	0bc442505d18eda6	25754	0	0
1790444180.7	stopped	0bc442505d18eda6	25754	0	0
1790444181.7	stopped	0bc442505d18eda6	25754	0	0
1790444182.7	stopped	0bc442505d18eda6	25754	0	0
1790444183.7	stopped	0bc442505d18eda6	25754	0	0
1790444184.7	stopped	0bc442505d18eda6	25754	0	0
1790444185.7	stopped	0bc442505d18eda6	25754	0	0
1790444186.7	stopped	0bc442505d18eda6	25754	0	0
1790444187.7	stopped	0bc442505d18eda6	25754	0	0
1790444188.7	stopped	0bc442505d18eda6	25754	0	0
1790444189.7	stopped	0bc442505d18eda6	25754	0	0
1790444190.7	stopped	0bc442505d18eda6	25754	0	0
1790444191.7	stopped	0bc442505d18eda6	25754	0	0
1790444192.7	stopped	0bc442505d18eda6	25754	0	0
1790444193.7	stopped	0bc442505d18eda6	25754	0	0
1790444194.7	stopped	0bc442505d18eda6	25754	0	0
1790444195.7	stopped	0bc442505d18eda6	25754	0	0
1790444196.7	stopped	0bc442505d18eda6	25754	0	0
1790444197.7	stopped	0bc442505d18eda6	25754	0	0
1790444198.7	stopped	0bc442505d18eda6	25754	0	0
1790444199.7	stopped	0bc442505d18eda6	25754	0	0
1790444200.7	stopped	0bc442505d18eda6	25754	0	0
1790444201.7	stopped	0bc442505d18eda6	25754	0	0
1790444202.7	stopped	0bc442505d18eda6	25754	0	0
1790444203.7	stopped	0bc442505d18eda6	25754	0	0
1790444204.7	stopped	0bc442505d18eda6	25754	0	0
1790444205.7	stopped	0bc442505d18eda6	25754	0	0
1790444206.7	stopped	0bc442505d18eda6	25754	0	0
1790444207.7	stopped	0bc442505d18eda6	25754	0	0
1790444208.7	stopped	0bc442505d18eda6	25754	0	0
1790444209.7	stopped	0bc442505d18eda6	25754	0	0
1790444210.7	stopped	0bc442505d18eda6	25754	0	0
1790444211.7	stopped	0bc442505d18eda6	25754	0	0
1790444212.7	stopped	0bc442505d18eda6	25754	0	0
1790444213.7	stopped	0bc442505d18eda6	25754	0	0
1790444214.7	stopped	0bc442505d18eda6	25754	0	0
1790444215.7	stopped	0bc442505d18eda6	25754	0	0
1790444216.7	stopped	0bc442505d18eda6	25754	0	0
1790444217.7	stopped	0bc442505d18eda6	25754	0	0
1790444218.7	stopped	0bc442505d18eda6	25754	0	0
1790444219.7	stopped	0bc442505d18eda6	25754	0	0
1790444220.7	stopped	0bc442505d18eda6	25754	0	0
1790444221.7	stopped	0bc442505d18eda6	25754	0	0
1790444222.7	stopped	0bc442505d18eda6	25754	0	0
1790444223.7	stopped	0bc442505d18eda6	25754	0	0
1790444224.7	stopped	0bc442505d18eda6	25754	0	0
1790444225.7	stopped	0bc442505d18eda6	25754	0	0
1790444226.7	stopped	0bc442505d18eda6	25754	0	0
1790444227.7	stopped	0bc442505d18eda6	25754	0	0
1790444228.7	stopped	0bc442505d18eda6	25754	0	0
1790444229.7	stopped	0bc442505d18eda6	25754	0	0
1790444230.7	stopped	0bc442505d18eda6	25754	0	0
1790444231.7	stopped	0bc442505d18eda6	25754	0	0
1790444232.7	stopped	0bc442505d18eda6	25754	0	0
1790444233.7	stopped	0bc442505d18eda6	25754	0	0
1790444234.7	stopped	0bc442505d18eda6	25754	0	0
1790444235.7	stopped	0bc442505d18eda6	25754	0	0
1790444236.7	stopped	0bc442505d18eda6	25754	0	0
1790444237.7	stopped	0bc442505d18eda6	25754	0	0
1790444238.7	stopped	0bc442505d18eda6	25754	0	0
1790444239.7	stopped	0bc442505d18eda6	25754	0	0
1790444240.7	stopped	0bc442505d18eda6	25754	0	0
1790444241.7	stopped	0bc442505d18eda6	25754	0	0
1790444242.7	stopped	0bc442505d18eda6	25754	0	0
1790444243.7	stopped	0bc442505d18eda6	25754	0	0
1790444244.7	stopped	0bc442505d18eda6	25754	0	0
1790444245.7	stopped	0bc442505d18eda6	25754	0	0
1790444246.7	running	ba6ce312c4e4e6a0	42014	0	0
1790444247.7	running	ba6ce312c4e4e6a0	42014	0	0
1790444248.7	running	ba6ce312c4e4e6a0	42014	0	0
1790444249.7	running	ba6ce312c4e4e6a0	42014	0	0
1790444250.7	running	ba6ce312c4e4e6a0	42014	0	0
1790444251.7	running	ba6ce312c4e4e6a0	42014	0	0
1790444252.7	running	ba6ce312c4e4e6a0	42014	0	0
1790444253.7	running	ba6ce312c4e4e6a0	42014	0	0
1790444254.7	running	ba6ce312c4e4e6a0	42014	0	0
1790444255.7	running	ba6ce312c4e4e6a0	42014	0	0
1790444256.7	running	ba6ce312c4e4e6a0	42014	0	0
1790444257.7	running	ba6ce312c4e4e6a0	42014	0	0
1790444258.7	running	ba6ce312c4e4e6a0	42014	0	0
1790444259.7	running	ba6ce312c4e4e6a0	42014	0	0
1790444260.7	running	ba6ce312c4e4e6a0	42014	0	0
1790444261.7	running	ba6ce312c4e4e6a0	42014	0	0
1790444262.7	running	ba6ce312c4e4e6a0	42014	0	0
1790444263.7	running	ba6ce312c4e4e6a0	42014	0	0
1790444264.7	running	ba6ce312c4e4e6a0	42014	0	0
1790444265.7	running	ba6ce312c4e4e6a0	42014	0	0
1790444266.7	running	ba6ce312c4e4e6a0	42014	0	0
1790444267.7	running	ba6ce312c4e4e6a0	42014	0	0
1790444268.8	running	ba6ce312c4e4e6a0	42014	0	0
1790444269.8	running	ba6ce312c4e4e6a0	42014	0	0
1790444270.8	running	ba6ce312c4e4e6a0	42014	0	0
1790444271.8	running	ba6ce312c4e4e6a0	42014	0	0
1790444272.8	running	ba6ce312c4e4e6a0	42014	0	0
1790444273.8	running	ba6ce312c4e4e6a0	42014	0	0
1790444274.8	running	ba6ce312c4e4e6a0	42014	0	0
1790444275.8	running	ba6ce312c4e4e6a0	42014	0	0
1790444276.8	running	ba6ce312c4e4e6a0	42014	0	0
1790444277.8	running	ba6ce312c4e4e6a0	42014	0	0
1790444278.8	running	ba6ce312c4e4e6a0	42014	0	0
1790444279.8	running	ba6ce312c4e4e6a0	42014	0	0
1790444280.8	running	ba6ce312c4e4e6a0	42014	0	0
1790444281.8	running	ba6ce312c4e4e6a0	42014	0	0
1790444282.8	running	ba6ce312c4e4e6a0	42014	0	0
1790444283.8	running	ba6ce312c4e4e6a0	42014	0	0
1790444284.8	running	ba6ce312c4e4e6a0	42014	0	0
1790444285.8	running	ba6ce312c4e4e6a0	42014	0	0
1790444286.8	running	ba6ce312c4e4e6a0	42014	0	0
1790444287.8	running	ba6ce312c4e4e6a0	42014	0	0
1790444288.8	running	ba6ce312c4e4e6a0	42014	0	0
1790444289.8	running	ba6ce312c4e4e6a0	42014	0	0
1790444290.8	running	ba6ce312c4e4e6a0	42014	0	0
1790444291.8	running	ba6ce312c4e4e6a0	42014	0	0
1790444292.8	running	ba6ce312c4e4e6a0	42014	0	0
1790444293.8	running	ba6ce312c4e4e6a0	42014	0	0
1790444294.8	running	ba6ce312c4e4e6a0	42014	0	0
1790444295.8	running	ba6ce312c4e4e6a0	42014	0	0
1790444296.8	running	ba6ce312c4e4e6a0	42014	0	0
1790444297.8	stopped	ba6ce312c4e4e6a0	42014	0	0
1790444298.8	stopped	ba6ce312c4e4e6a0	42014	0	0
1790444299.8	stopped	ba6ce312c4e4e6a0	42014	0	0
1790444300.8	stopped	ba6ce312c4e4e6a0	42014	0	0
1790444301.8	stopped	ba6ce312c4e4e6a0	42014	0	0
1790444302.8	stopped	ba6ce312c4e4e6a0	42014	0	0
1790444303.8	stopped	ba6ce312c4e4e6a0	42014	0	0
1790444304.8	stopped	ba6ce312c4e4e6a0	42014	0	0
1790444305.8	stopped	ba6ce312c4e4e6a0	42014	0	0
1790444306.8	stopped	ba6ce312c4e4e6a0	42014	0	0
1790444307.8	running	4e4dad4d1b26dfe2	45740	0	0
1790444308.8	running	4e4dad4d1b26dfe2	45740	0	0
1790444309.8	running	4e4dad4d1b26dfe2	45740	0	0
1790444310.8	running	4e4dad4d1b26dfe2	45740	0	0
1790444311.8	running	4e4dad4d1b26dfe2	45740	0	0
1790444312.8	running	4e4dad4d1b26dfe2	45740	0	0
1790444313.8	running	4e4dad4d1b26dfe2	45740	0	0
1790444314.8	running	4e4dad4d1b26dfe2	45740	0	0
1790444315.8	running	4e4dad4d1b26dfe2	45740	0	0
1790444316.8	running	4e4dad4d1b26dfe2	45740	0	0
1790444317.8	running	4e4dad4d1b26dfe2	45740	0	0
1790444318.8	running	4e4dad4d1b26dfe2	45740	0	0
1790444319.8	running	4e4dad4d1b26dfe2	45740	0	0
1790444320.8	running	4e4dad4d1b26dfe2	45740	0	0
1790444321.8	running	4e4dad4d1b26dfe2	45740	0	0
1790444322.8	running	4e4dad4d1b26dfe2	45740	0	0
1790444323.8	running	4e4dad4d1b26dfe2	45740	0	0
1790444324.8	running	4e4dad4d1b26dfe2	45740	0	0
1790444325.8	running	4e4dad4d1b26dfe2	45740	0	0
1790444326.8	running	4e4dad4d1b26dfe2	45740	0	0
1790444327.8	running	4e4dad4d1b26dfe2	45740	0	0
1790444328.8	running	4e4dad4d1b26dfe2	45740	0	0
1790444329.8	running	4e4dad4d1b26dfe2	45740	0	0
1790444330.8	stopped	4e4dad4d1b26dfe2	45740	0	0
1790444331.8	stopped	4e4dad4d1b26dfe2	45740	0	0
1790444332.8	stopped	4e4dad4d1b26dfe2	45740	0	0
1790444333.8	stopped	4e4dad4d1b26dfe2	45740	0	0
1790444334.8	stopped	4e4dad4d1b26dfe2	45740	0	0
1790444335.8	stopped	4e4dad4d1b26dfe2	45740	0	0
1790444336.8	stopped	4e4dad4d1b26dfe2	45740	0	0
1790444337.8	stopped	4e4dad4d1b26dfe2	45740	0	0
1790444338.8	stopped	4e4dad4d1b26dfe2	45740	0	0
1790444339.8	stopped	4e4dad4d1b26dfe2	45740	0	0
1790444340.8	running	09a8b8eb528c8469	48867	0	0
1790444341.8	running	09a8b8eb528c8469	48867	0	0
1790444342.8	running	09a8b8eb528c8469	48867	0	0
1790444343.8	running	09a8b8eb528c8469	48867	0	0
1790444344.8	running	09a8b8eb528c8469	48867	0	0
1790444345.8	running	09a8b8eb528c8469	48867	0	0
1790444346.8	running	09a8b8eb528c8469	48867	0	0
1790444347.8	running	09a8b8eb528c8469	48867	0	0
1790444348.8	running	09a8b8eb528c8469	48867	0	0
1790444349.8	running	09a8b8eb528c8469	48867	0	0
1790444350.8	running	09a8b8eb528c8469	48867	0	0
1790444351.8	running	09a8b8eb528c8469	48867	0	0
1790444352.8	running	09a8b8eb528c8469	48867	0	0
1790444353.8	running	09a8b8eb528c8469	48867	0	0
1790444354.8	running	09a8b8eb528c8469	48867	0	0
1790444355.8	running	09a8b8eb528c8469	48867	0	0
1790444356.8	running	09a8b8eb528c8469	48867	0	0
1790444357.8	running	09a8b8eb528c8469	48867	0	0
1790444358.8	running	09a8b8eb528c8469	48867	0	0
1790444359.8	running	09a8b8eb528c8469	48867	0	0
1790444360.8	running	09a8b8eb528c8469	48867	0	0
1790444361.8	running	09a8b8eb528c8469	48867	0	0
1790444362.8	running	09a8b8eb528c8469	48867	0	0
1790444363.8	running	09a8b8eb528c8469	48867	0	0
1790444364.8	stopped	09a8b8eb528c8469	48867	0	0
1790444365.8	stopped	09a8b8eb528c8469	48867	0	0
1790444366.8	stopped	09a8b8eb528c8469	48867	0	0
1790444367.8	stopped	09a8b8eb528c8469	48867	0	0
1790444368.8	stopped	09a8b8eb528c8469	48867	0	0
1790444369.8	stopped	09a8b8eb528c8469	48867	0	0
1790444370.8	stopped	09a8b8eb528c8469	48867	0	0
1790444371.8	stopped	09a8b8eb528c8469	48867	0	0
1790444372.8	stopped	09a8b8eb528c8469	48867	0	0
1790444373.8	stopped	09a8b8eb528c8469	48867	0	0
1790444374.8	running	efa83ea20fb2537b	52039	0	0
1790444375.8	running	efa83ea20fb2537b	52039	0	0
1790444376.8	running	efa83ea20fb2537b	52039	0	0
1790444377.8	running	efa83ea20fb2537b	52039	0	0
1790444378.8	running	efa83ea20fb2537b	52039	0	0
1790444379.8	running	efa83ea20fb2537b	52039	0	0
1790444380.8	running	efa83ea20fb2537b	52039	0	0
1790444381.8	running	efa83ea20fb2537b	52039	0	0
1790444382.8	running	efa83ea20fb2537b	52039	0	0
1790444383.8	running	efa83ea20fb2537b	52039	0	0
1790444384.8	running	efa83ea20fb2537b	52039	0	0
1790444385.8	running	efa83ea20fb2537b	52039	0	0
1790444386.8	running	efa83ea20fb2537b	52039	0	0
1790444387.8	running	efa83ea20fb2537b	52039	0	0
1790444388.8	running	efa83ea20fb2537b	52039	0	0
1790444389.8	running	efa83ea20fb2537b	52039	0	0
1790444390.8	running	efa83ea20fb2537b	52039	0	0
1790444391.8	running	efa83ea20fb2537b	52039	0	0
1790444392.8	running	efa83ea20fb2537b	52039	0	0
1790444393.8	running	efa83ea20fb2537b	52039	0	0
1790444394.8	running	efa83ea20fb2537b	52039	0	0
1790444395.8	running	efa83ea20fb2537b	52039	0	0
1790444396.8	running	efa83ea20fb2537b	52039	0	0
1790444397.8	running	efa83ea20fb2537b	52039	0	0
1790444398.8	running	efa83ea20fb2537b	52039	0	0
1790444399.8	running	efa83ea20fb2537b	52039	0	0
1790444400.8	running	efa83ea20fb2537b	52039	0	0
1790444401.8	running	efa83ea20fb2537b	52039	0	0
1790444402.8	running	efa83ea20fb2537b	52039	0	0
1790444403.8	running	efa83ea20fb2537b	52039	0	0
1790444404.8	running	efa83ea20fb2537b	52039	0	0
1790444405.8	running	efa83ea20fb2537b	52039	0	0
1790444406.8	stopped	efa83ea20fb2537b	52039	0	0
1790444407.8	stopped	efa83ea20fb2537b	52039	0	0
1790444408.8	stopped	efa83ea20fb2537b	52039	0	0
1790444409.8	stopped	efa83ea20fb2537b	52039	0	0
1790444410.8	stopped	efa83ea20fb2537b	52039	0	0
1790444411.8	stopped	efa83ea20fb2537b	52039	0	0
1790444412.8	stopped	efa83ea20fb2537b	52039	0	0
1790444413.8	stopped	efa83ea20fb2537b	52039	0	0
1790444414.8	stopped	efa83ea20fb2537b	52039	0	0
1790444415.8	stopped	efa83ea20fb2537b	52039	0	0
1790444416.8	running	339c8cc385e4a69c	56044	0	0
1790444417.8	running	339c8cc385e4a69c	56044	0	0
1790444418.8	running	339c8cc385e4a69c	56044	0	0
1790444419.8	running	339c8cc385e4a69c	56044	0	0
1790444420.8	running	339c8cc385e4a69c	56044	0	0
1790444421.8	running	339c8cc385e4a69c	56044	0	0
1790444422.8	running	339c8cc385e4a69c	56044	0	0
1790444423.8	running	339c8cc385e4a69c	56044	0	0
1790444424.8	running	339c8cc385e4a69c	56044	0	0
1790444425.8	running	339c8cc385e4a69c	56044	0	0
1790444426.8	running	339c8cc385e4a69c	56044	0	0
1790444427.8	running	339c8cc385e4a69c	56044	0	0
1790444428.8	running	339c8cc385e4a69c	56044	0	0
1790444429.8	running	339c8cc385e4a69c	56044	0	0
1790444430.8	running	339c8cc385e4a69c	56044	0	0
1790444431.8	running	339c8cc385e4a69c	56044	0	0
1790444432.8	running	339c8cc385e4a69c	56044	0	0
1790444433.8	running	339c8cc385e4a69c	56044	0	0
1790444434.8	running	339c8cc385e4a69c	56044	0	0
1790444435.8	running	339c8cc385e4a69c	56044	0	0
1790444436.8	running	339c8cc385e4a69c	56044	0	0
1790444437.8	running	339c8cc385e4a69c	56044	0	0
1790444438.8	running	339c8cc385e4a69c	56044	0	0
1790444439.8	running	339c8cc385e4a69c	56044	0	0
1790444440.8	running	339c8cc385e4a69c	56044	0	0
1790444441.8	running	339c8cc385e4a69c	56044	0	0
1790444442.8	running	339c8cc385e4a69c	56044	0	0
1790444443.8	running	339c8cc385e4a69c	56044	0	0
1790444444.8	running	339c8cc385e4a69c	56044	0	0
1790444445.8	running	339c8cc385e4a69c	56044	0	0
1790444446.8	running	339c8cc385e4a69c	56044	0	0
1790444447.8	running	339c8cc385e4a69c	56044	0	0
1790444448.8	running	339c8cc385e4a69c	56044	0	0
1790444449.8	running	339c8cc385e4a69c	56044	0	0
1790444450.8	running	339c8cc385e4a69c	56044	0	0
1790444451.8	running	339c8cc385e4a69c	56044	0	0
1790444452.8	running	339c8cc385e4a69c	56044	0	0
1790444453.8	running	339c8cc385e4a69c	56044	0	0
1790444454.8	running	339c8cc385e4a69c	56044	0	0
1790444455.8	running	339c8cc385e4a69c	56044	0	0
1790444456.8	running	339c8cc385e4a69c	56044	0	0
1790444457.8	running	339c8cc385e4a69c	56044	0	0
1790444458.8	running	339c8cc385e4a69c	56044	0	0
1790444459.8	running	339c8cc385e4a69c	56044	0	0
1790444460.8	running	339c8cc385e4a69c	56044	0	0
1790444461.8	running	339c8cc385e4a69c	56044	0	0
1790444462.8	running	339c8cc385e4a69c	56044	0	0
1790444463.8	running	339c8cc385e4a69c	56044	0	0
1790444464.8	running	339c8cc385e4a69c	56044	0	0
1790444465.8	running	339c8cc385e4a69c	56044	0	0
1790444466.8	stopped	339c8cc385e4a69c	56044	0	0
1790444467.8	stopped	339c8cc385e4a69c	56044	0	0
1790444468.8	stopped	339c8cc385e4a69c	56044	0	0
1790444469.8	stopped	339c8cc385e4a69c	56044	0	0
1790444470.8	stopped	339c8cc385e4a69c	56044	0	0
1790444471.8	stopped	339c8cc385e4a69c	56044	0	0
1790444472.8	stopped	339c8cc385e4a69c	56044	0	0
1790444473.8	stopped	339c8cc385e4a69c	56044	0	0
1790444474.8	stopped	339c8cc385e4a69c	56044	0	0
1790444475.8	stopped	339c8cc385e4a69c	56044	0	0
1790444476.8	stopped	339c8cc385e4a69c	56044	0	0
1790444477.8	running	7c51f9ce67dbed9f	62479	0	0
1790444478.8	running	7c51f9ce67dbed9f	62479	0	0
1790444479.8	running	7c51f9ce67dbed9f	62479	0	0
1790444480.8	running	7c51f9ce67dbed9f	62479	0	0
1790444481.9	running	7c51f9ce67dbed9f	62479	0	0
1790444482.9	running	7c51f9ce67dbed9f	62479	0	0
1790444483.9	running	7c51f9ce67dbed9f	62479	0	0
1790444484.9	running	7c51f9ce67dbed9f	62479	0	0
1790444485.9	running	7c51f9ce67dbed9f	62479	0	0
1790444486.9	running	7c51f9ce67dbed9f	62479	0	0
1790444487.9	running	7c51f9ce67dbed9f	62479	0	0
1790444488.9	running	7c51f9ce67dbed9f	62479	0	0
1790444489.9	running	7c51f9ce67dbed9f	62479	0	0
1790444490.9	running	7c51f9ce67dbed9f	62479	0	0
1790444491.9	running	7c51f9ce67dbed9f	62479	0	0
1790444492.9	running	7c51f9ce67dbed9f	62479	0	0
1790444493.9	running	7c51f9ce67dbed9f	62479	0	0
1790444494.9	running	7c51f9ce67dbed9f	62479	0	0
1790444495.9	running	7c51f9ce67dbed9f	62479	0	0
1790444496.9	running	7c51f9ce67dbed9f	62479	0	0
1790444497.9	running	7c51f9ce67dbed9f	62479	0	0
1790444498.9	stopped	7c51f9ce67dbed9f	62479	0	0
1790444499.9	stopped	7c51f9ce67dbed9f	62479	0	0
1790444500.9	stopped	7c51f9ce67dbed9f	62479	0	0
1790444501.9	stopped	7c51f9ce67dbed9f	62479	0	0
1790444502.9	stopped	7c51f9ce67dbed9f	62479	0	0
1790444503.9	stopped	7c51f9ce67dbed9f	62479	0	0
1790444504.9	stopped	7c51f9ce67dbed9f	62479	0	0
1790444505.9	stopped	7c51f9ce67dbed9f	62479	0	0
1790444506.9	stopped	7c51f9ce67dbed9f	62479	0	0
1790444507.9	stopped	7c51f9ce67dbed9f	62479	0	0
1790444508.9	running	0cf5671876762945	65700	0	0
1790444509.9	running	0cf5671876762945	65700	0	0
1790444510.9	running	0cf5671876762945	65700	0	0
1790444511.9	running	0cf5671876762945	65700	0	0
1790444512.9	running	0cf5671876762945	65700	0	0
1790444513.9	running	0cf5671876762945	65700	0	0
1790444514.9	running	0cf5671876762945	65700	0	0
1790444515.9	running	0cf5671876762945	65700	0	0
1790444516.9	running	0cf5671876762945	65700	0	0
1790444517.9	running	0cf5671876762945	65700	0	0
1790444518.9	running	0cf5671876762945	65700	0	0
1790444519.9	running	0cf5671876762945	65700	0	0
1790444520.9	running	0cf5671876762945	65700	0	0
1790444521.9	running	0cf5671876762945	65700	0	0
1790444522.9	running	0cf5671876762945	65700	0	0
1790444523.9	running	0cf5671876762945	65700	0	0
1790444524.9	running	0cf5671876762945	65700	0	0
1790444525.9	running	0cf5671876762945	65700	0	0
1790444526.9	running	0cf5671876762945	65700	0	0
1790444527.9	running	0cf5671876762945	65700	0	0
1790444528.9	running	0cf5671876762945	65700	0	0
1790444529.9	running	0cf5671876762945	65700	0	0
1790444530.9	running	0cf5671876762945	65700	0	0
1790444531.9	running	0cf5671876762945	65700	0	0
1790444532.9	running	0cf5671876762945	65700	0	0
1790444533.9	running	0cf5671876762945	65700	0	0
1790444534.9	running	0cf5671876762945	65700	0	0
1790444535.9	running	0cf5671876762945	65700	0	0
1790444536.9	running	0cf5671876762945	65700	0	0
1790444537.9	running	0cf5671876762945	65700	0	0
1790444538.9	running	0cf5671876762945	65700	0	0
1790444539.9	running	0cf5671876762945	65700	0	0
1790444540.9	running	0cf5671876762945	65700	0	0
1790444541.9	running	0cf5671876762945	65700	0	0
1790444542.9	running	0cf5671876762945	65700	0	0
1790444543.9	running	0cf5671876762945	65700	0	0
1790444544.9	running	0cf5671876762945	65700	0	0
1790444545.9	running	0cf5671876762945	65700	0	0
1790444546.9	running	0cf5671876762945	65700	0	0
1790444547.9	running	0cf5671876762945	65700	0	0
1790444548.9	stopped	0cf5671876762945	65700	0	0
1790444549.9	stopped	0cf5671876762945	65700	0	0
1790444550.9	stopped	0cf5671876762945	65700	0	0
1790444551.9	stopped	0cf5671876762945	65700	0	0
1790444552.9	stopped	0cf5671876762945	65700	0	0
1790444553.9	stopped	0cf5671876762945	65700	0	0
1790444554.9	stopped	0cf5671876762945	65700	0	0
1790444555.9	stopped	0cf5671876762945	65700	0	0
1790444556.9	stopped	0cf5671876762945	65700	0	0
1790444557.9	stopped	0cf5671876762945	65700	0	0
1790444558.9	running	29f863a6389ada8b	70349	0	0
1790444559.9	running	29f863a6389ada8b	70349	0	0
1790444560.9	running	29f863a6389ada8b	70349	0	0
1790444561.9	running	29f863a6389ada8b	70349	0	0
1790444562.9	running	29f863a6389ada8b	70349	0	0
1790444563.9	running	29f863a6389ada8b	70349	0	0
1790444564.9	running	29f863a6389ada8b	70349	0	0
1790444565.9	running	29f863a6389ada8b	70349	0	0
1790444566.9	running	29f863a6389ada8b	70349	0	0
1790444567.9	running	29f863a6389ada8b	70349	0	0
1790444568.9	running	29f863a6389ada8b	70349	0	0
1790444569.9	running	29f863a6389ada8b	70349	0	0
1790444570.9	running	29f863a6389ada8b	70349	0	0
1790444571.9	running	29f863a6389ada8b	70349	0	0
1790444572.9	running	29f863a6389ada8b	70349	0	0
1790444573.9	running	29f863a6389ada8b	70349	0	0
1790444574.9	running	29f863a6389ada8b	70349	0	0
1790444575.9	running	29f863a6389ada8b	70349	0	0
1790444576.9	running	29f863a6389ada8b	70349	0	0
1790444577.9	running	29f863a6389ada8b	70349	0	0
1790444578.9	running	29f863a6389ada8b	70349	0	0
1790444579.9	running	29f863a6389ada8b	70349	0	0
1790444580.9	running	29f863a6389ada8b	70349	0	0
1790444581.9	running	29f863a6389ada8b	70349	0	0
1790444582.9	running	29f863a6389ada8b	70349	0	0
1790444583.9	running	29f863a6389ada8b	70349	0	0
1790444584.9	running	29f863a6389ada8b	70349	0	0
1790444585.9	running	29f863a6389ada8b	70349	0	0
1790444586.9	running	29f863a6389ada8b	70349	0	0
1790444587.9	running	29f863a6389ada8b	70349	0	0
1790444588.9	running	29f863a6389ada8b	70349	0	0
1790444589.9	running	29f863a6389ada8b	70349	0	0
1790444590.9	running	29f863a6389ada8b	70349	0	0
1790444591.9	running	29f863a6389ada8b	70349	0	0
1790444592.9	running	29f863a6389ada8b	70349	0	0
1790444593.9	running	29f863a6389ada8b	70349	0	0
1790444594.9	running	29f863a6389ada8b	70349	0	0
1790444595.9	running	29f863a6389ada8b	70349	0	0
1790444596.9	running	29f863a6389ada8b	70349	0	0
1790444597.9	running	29f863a6389ada8b	70349	0	0
1790444598.9	running	29f863a6389ada8b	70349	0	0
1790444599.9	running	29f863a6389ada8b	70349	0	0
1790444600.9	running	29f863a6389ada8b	70349	0	0
1790444601.9	running	29f863a6389ada8b	70349	0	0
1790444602.9	running	29f863a6389ada8b	70349	0	0
1790444603.9	running	29f863a6389ada8b	70349	0	0
1790444604.9	running	29f863a6389ada8b	70349	0	0
1790444605.9	running	29f863a6389ada8b	70349	0	0
1790444606.9	running	29f863a6389ada8b	70349	0	0
1790444607.9	running	29f863a6389ada8b	70349	0	0
1790444608.9	running	29f863a6389ada8b	70349	0	0
1790444609.9	running	29f863a6389ada8b	70349	0	0
1790444610.9	running	29f863a6389ada8b	70349	0	0
1790444611.9	running	29f863a6389ada8b	70349	0	0
1790444612.9	running	29f863a6389ada8b	70349	0	0
1790444613.9	running	29f863a6389ada8b	70349	0	0
1790444614.9	running	29f863a6389ada8b	70349	0	0
1790444615.9	running	29f863a6389ada8b	70349	0	0
1790444616.9	running	29f863a6389ada8b	70349	0	0
1790444617.9	running	29f863a6389ada8b	70349	0	0
1790444618.9	running	29f863a6389ada8b	70349	0	0
1790444619.9	running	29f863a6389ada8b	70349	0	0
1790444620.9	running	29f863a6389ada8b	70349	0	0
1790444621.9	running	29f863a6389ada8b	70349	0	0
1790444622.9	running	29f863a6389ada8b	70349	0	0
1790444623.9	running	29f863a6389ada8b	70349	0	0
1790444624.9	stopped	29f863a6389ada8b	70349	0	0
1790444625.9	stopped	29f863a6389ada8b	70349	0	0
1790444626.9	stopped	29f863a6389ada8b	70349	0	0
1790444627.9	stopped	29f863a6389ada8b	70349	0	0
1790444628.9	stopped	29f863a6389ada8b	70349	0	0
1790444629.9	stopped	29f863a6389ada8b	70349	0	0
1790444630.9	stopped	29f863a6389ada8b	70349	0	0
1790444631.9	stopped	29f863a6389ada8b	70349	0	0
1790444632.9	stopped	29f863a6389ada8b	70349	0	0
1790444633.9	stopped	29f863a6389ada8b	70349	0	0
1790444634.9	running	79beb1ca7997d786	75183	0	0
1790444635.9	running	79beb1ca7997d786	75183	0	0
1790444636.9	running	79beb1ca7997d786	75183	0	0
1790444637.9	running	79beb1ca7997d786	75183	0	0
1790444638.9	running	79beb1ca7997d786	75183	0	0
1790444639.9	running	79beb1ca7997d786	75183	0	0
1790444640.9	running	79beb1ca7997d786	75183	0	0
1790444641.9	running	79beb1ca7997d786	75183	0	0
1790444642.9	running	79beb1ca7997d786	75183	0	0
1790444643.9	running	79beb1ca7997d786	75183	0	0
1790444644.9	running	79beb1ca7997d786	75183	0	0
1790444645.9	running	79beb1ca7997d786	75183	0	0
1790444646.9	running	79beb1ca7997d786	75183	0	0
1790444647.9	running	79beb1ca7997d786	75183	0	0
1790444648.9	running	79beb1ca7997d786	75183	0	0
1790444649.9	running	79beb1ca7997d786	75183	0	0
1790444650.9	running	79beb1ca7997d786	75183	0	0
1790444651.9	running	79beb1ca7997d786	75183	0	0
1790444652.9	running	79beb1ca7997d786	75183	0	0
1790444653.9	running	79beb1ca7997d786	75183	0	0
1790444654.9	running	79beb1ca7997d786	75183	0	0
1790444655.9	running	79beb1ca7997d786	75183	0	0
1790444656.9	running	79beb1ca7997d786	75183	0	0
1790444657.9	running	79beb1ca7997d786	75183	0	0
1790444658.9	running	79beb1ca7997d786	75183	0	0
1790444659.9	running	79beb1ca7997d786	75183	0	0
1790444660.9	running	79beb1ca7997d786	75183	0	0
1790444661.9	running	79beb1ca7997d786	75183	0	0
1790444662.9	running	79beb1ca7997d786	75183	0	0
1790444663.9	running	79beb1ca7997d786	75183	0	0
1790444664.9	running	79beb1ca7997d786	75183	0	0
1790444665.9	running	79beb1ca7997d786	75183	0	0
1790444666.9	running	79beb1ca7997d786	75183	0	0
1790444667.9	running	79beb1ca7997d786	75183	0	0
1790444668.9	running	79beb1ca7997d786	75183	0	0
1790444669.9	running	79beb1ca7997d786	75183	0	0
1790444670.9	running	79beb1ca7997d786	75183	0	0
1790444671.9	running	79beb1ca7997d786	75183	0	0
1790444672.9	running	79beb1ca7997d786	75183	0	0
1790444673.9	running	79beb1ca7997d786	75183	0	0
1790444674.9	running	79beb1ca7997d786	75183	0	0
1790444675.9	running	79beb1ca7997d786	75183	0	0
1790444676.9	running	79beb1ca7997d786	75183	0	0
1790444677.9	running	79beb1ca7997d786	75183	0	0
1790444679.0	running	79beb1ca7997d786	75183	0	0
1790444680.0	running	79beb1ca7997d786	75183	0	0
1790444681.0	running	79beb1ca7997d786	75183	0	0
1790444682.0	running	79beb1ca7997d786	75183	0	0
1790444683.0	running	79beb1ca7997d786	75183	0	0
1790444684.0	running	79beb1ca7997d786	75183	0	0
1790444685.0	running	79beb1ca7997d786	75183	0	0
1790444686.0	running	79beb1ca7997d786	75183	0	0
1790444687.0	running	79beb1ca7997d786	75183	0	0
1790444688.0	running	79beb1ca7997d786	75183	0	0
1790444689.0	running	79beb1ca7997d786	75183	0	0
1790444690.0	running	79beb1ca7997d786	75183	0	0
1790444691.0	running	79beb1ca7997d786	75183	0	0
1790444692.0	running	79beb1ca7997d786	75183	0	0
1790444693.0	running	79beb1ca7997d786	75183	0	0
1790444694.0	running	79beb1ca7997d786	75183	0	0
1790444695.0	running	79beb1ca7997d786	75183	0	0
1790444696.0	running	79beb1ca7997d786	75183	0	0
1790444697.0	running	79beb1ca7997d786	75183	0	0
1790444698.0	running	79beb1ca7997d786	75183	0	0
1790444699.0	running	79beb1ca7997d786	75183	0	0
1790444700.0	running	79beb1ca7997d786	75183	0	0
1790444701.0	running	79beb1ca7997d786	75183	0	0
1790444702.0	running	79beb1ca7997d786	75183	0	0
1790444703.0	running	79beb1ca7997d786	75183	0	0
1790444704.0	running	79beb1ca7997d786	75183	0	0
1790444705.0	running	79beb1ca7997d786	75183	0	0
1790444706.0	running	79beb1ca7997d786	75183	0	0
1790444707.0	running	79beb1ca7997d786	75183	0	0
1790444708.0	running	79beb1ca7997d786	75183	0	0
1790444709.0	running	79beb1ca7997d786	75183	0	0
1790444710.0	running	79beb1ca7997d786	75183	0	0
1790444711.0	running	79beb1ca7997d786	75183	0	0
1790444712.0	running	79beb1ca7997d786	75183	0	0
1790444713.0	running	79beb1ca7997d786	75183	0	0
1790444714.0	running	79beb1ca7997d786	75183	0	0
1790444715.0	running	79beb1ca7997d786	75183	0	0
1790444716.0	running	79beb1ca7997d786	75183	0	0
1790444717.0	running	79beb1ca7997d786	75183	0	0
1790444718.0	running	79beb1ca7997d786	75183	0	0
1790444719.0	running	79beb1ca7997d786	75183	0	0
1790444720.0	running	79beb1ca7997d786	75183	0	0
1790444721.0	running	79beb1ca7997d786	75183	0	0
1790444722.0	running	79beb1ca7997d786	75183	0	0
1790444723.0	running	79beb1ca7997d786	75183	0	0
1790444724.0	running	79beb1ca7997d786	75183	0	0
1790444725.0	running	79beb1ca7997d786	75183	0	0
1790444726.0	running	79beb1ca7997d786	75183	0	0
1790444727.0	running	79beb1ca7997d786	75183	0	0
1790444728.0	running	79beb1ca7997d786	75183	0	0
1790444729.0	running	79beb1ca7997d786	75183	0	0
1790444730.0	running	79beb1ca7997d786	75183	0	0
1790444731.0	running	79beb1ca7997d786	75183	0	0
1790444732.0	running	79beb1ca7997d786	75183	0	0
1790444733.0	running	79beb1ca7997d786	75183	0	0
1790444734.0	running	79beb1ca7997d786	75183	0	0
1790444735.0	running	79beb1ca7997d786	75183	0	0
1790444736.0	running	79beb1ca7997d786	75183	0	0
1790444737.0	running	79beb1ca7997d786	75183	0	0
1790444738.0	running	79beb1ca7997d786	75183	0	0
1790444739.0	running	79beb1ca7997d786	75183	0	0
1790444740.0	running	79beb1ca7997d786	75183	0	0
1790444741.0	running	79beb1ca7997d786	75183	0	0
1790444742.0	running	79beb1ca7997d786	75183	0	0
1790444743.0	running	79beb1ca7997d786	75183	0	0
1790444744.0	running	79beb1ca7997d786	75183	0	0
1790444745.0	running	79beb1ca7997d786	75183	0	0
1790444746.0	running	79beb1ca7997d786	75183	0	0
1790444747.0	running	79beb1ca7997d786	75183	0	0
1790444748.0	running	79beb1ca7997d786	75183	0	0
1790444749.0	running	79beb1ca7997d786	75183	0	0
1790444750.0	running	79beb1ca7997d786	75183	0	0
1790444751.0	running	79beb1ca7997d786	75183	0	0
1790444752.0	running	79beb1ca7997d786	75183	0	0
1790444753.0	running	79beb1ca7997d786	75183	0	0
1790444754.0	running	79beb1ca7997d786	75183	0	0
1790444755.0	running	79beb1ca7997d786	75183	0	0
1790444756.0	running	79beb1ca7997d786	75183	0	0
1790444757.0	running	79beb1ca7997d786	75183	0	0
1790444758.0	running	79beb1ca7997d786	75183	0	0
1790444759.0	running	79beb1ca7997d786	75183	0	0
1790444760.0	running	79beb1ca7997d786	75183	0	0
1790444761.0	running	79beb1ca7997d786	75183	0	0
1790444762.0	running	79beb1ca7997d786	75183	0	0
1790444763.0	running	79beb1ca7997d786	75183	0	0
1790444764.0	running	79beb1ca7997d786	75183	0	0
1790444765.0	running	79beb1ca7997d786	75183	0	0
1790444766.0	running	79beb1ca7997d786	75183	0	0
1790444767.0	running	79beb1ca7997d786	75183	0	0
1790444768.0	running	79beb1ca7997d786	75183	0	0
1790444769.0	running	79beb1ca7997d786	75183	0	0
1790444770.0	running	79beb1ca7997d786	75183	0	0
1790444771.0	running	79beb1ca7997d786	75183	0	0
1790444772.0	running	79beb1ca7997d786	75183	0	0
1790444773.0	running	79beb1ca7997d786	75183	0	0
1790444774.0	running	79beb1ca7997d786	75183	0	0
1790444775.0	running	79beb1ca7997d786	75183	0	0
1790444776.0	running	79beb1ca7997d786	75183	0	0
1790444777.0	running	79beb1ca7997d786	75183	0	0
1790444778.0	running	79beb1ca7997d786	75183	0	0
1790444779.0	running	79beb1ca7997d786	75183	0	0
1790444780.0	running	79beb1ca7997d786	75183	0	0
1790444781.0	running	79beb1ca7997d786	75183	0	0
1790444782.0	running	79beb1ca7997d786	75183	0	0
1790444783.0	running	79beb1ca7997d786	75183	0	0
1790444784.0	running	79beb1ca7997d786	75183	0	0
1790444785.0	running	79beb1ca7997d786	75183	0	0
1790444786.0	running	79beb1ca7997d786	75183	0	0
1790444787.0	running	79beb1ca7997d786	75183	0	0
1790444788.0	running	79beb1ca7997d786	75183	0	0
1790444789.0	running	79beb1ca7997d786	75183	0	0
1790444790.0	running	79beb1ca7997d786	75183	0	0
1790444791.0	running	79beb1ca7997d786	75183	0	0
1790444792.0	running	79beb1ca7997d786	75183	0	0
1790444793.0	running	79beb1ca7997d786	75183	0	0
1790444794.0	running	79beb1ca7997d786	75183	0	0
1790444795.0	running	79beb1ca7997d786	75183	0	0
1790444796.0	running	79beb1ca7997d786	75183	0	0
1790444797.0	running	79beb1ca7997d786	75183	0	0
1790444798.0	running	79beb1ca7997d786	75183	0	0
1790444799.0	running	79beb1ca7997d786	75183	0	0
1790444800.0	running	79beb1ca7997d786	75183	0	0
1790444801.0	running	79beb1ca7997d786	75183	0	0
1790444802.0	running	79beb1ca7997d786	75183	0	0
1790444803.0	running	79beb1ca7997d786	75183	0	0
1790444804.0	running	79beb1ca7997d786	75183	0	0
1790444805.0	running	79beb1ca7997d786	75183	0	0
1790444806.0	running	79beb1ca7997d786	75183	0	0
1790444807.0	running	79beb1ca7997d786	75183	0	0
1790444808.0	running	79beb1ca7997d786	75183	0	0
1790444809.0	running	79beb1ca7997d786	75183	0	0
1790444810.0	running	79beb1ca7997d786	75183	0	0
1790444811.0	running	79beb1ca7997d786	75183	0	0
1790444812.0	running	79beb1ca7997d786	75183	0	0
1790444813.0	running	79beb1ca7997d786	75183	0	0
1790444814.0	running	79beb1ca7997d786	75183	0	0
1790444815.0	running	79beb1ca7997d786	75183	0	0
1790444816.0	running	79beb1ca7997d786	75183	0	0
1790444817.0	running	79beb1ca7997d786	75183	0	0
1790444818.0	running	79beb1ca7997d786	75183	0	0
1790444819.0	running	79beb1ca7997d786	75183	0	0
1790444820.0	running	79beb1ca7997d786	75183	0	0
1790444821.0	running	79beb1ca7997d786	75183	0	0
1790444822.0	running	79beb1ca7997d786	75183	0	0
1790444823.0	running	79beb1ca7997d786	75183	0	0
1790444824.0	running	79beb1ca7997d786	75183	0	0
1790444825.0	running	79beb1ca7997d786	75183	0	0
1790444826.0	running	79beb1ca7997d786	75183	0	0
1790444827.0	running	79beb1ca7997d786	75183	0	0
1790444828.0	running	79beb1ca7997d786	75183	0	0
1790444829.0	running	79beb1ca7997d786	75183	0	0
1790444830.0	running	79beb1ca7997d786	75183	0	0
1790444831.0	running	79beb1ca7997d786	75183	0	0
1790444832.0	running	79beb1ca7997d786	75183	0	0
1790444833.0	running	79beb1ca7997d786	75183	0	0
1790444834.0	running	79beb1ca7997d786	75183	0	0
1790444835.0	running	79beb1ca7997d786	75183	0	0
1790444836.0	running	79beb1ca7997d786	75183	0	0
1790444837.0	running	79beb1ca7997d786	75183	0	0
1790444838.0	running	79beb1ca7997d786	75183	0	0
1790444839.0	running	79beb1ca7997d786	75183	0	0
1790444840.0	running	79beb1ca7997d786	75183	0	0
1790444841.0	running	79beb1ca7997d786	75183	0	0
1790444842.0	running	79beb1ca7997d786	75183	0	0
1790444843.0	running	79beb1ca7997d786	75183	0	0
1790444844.0	running	79beb1ca7997d786	75183	0	0
1790444845.0	running	79beb1ca7997d786	75183	0	0
1790444846.0	running	79beb1ca7997d786	75183	0	0
1790444847.0	running	79beb1ca7997d786	75183	0	0
1790444848.0	running	79beb1ca7997d786	75183	0	0
1790444849.0	running	79beb1ca7997d786	75183	0	0
1790444850.0	running	79beb1ca7997d786	75183	0	0
1790444851.0	running	79beb1ca7997d786	75183	0	0
1790444852.0	stopped	79beb1ca7997d786	75183	0	0
1790444853.0	stopped	79beb1ca7997d786	75183	0	0
1790444854.0	stopped	79beb1ca7997d786	75183	0	0
1790444855.0	stopped	79beb1ca7997d786	75183	0	0
1790444856.0	stopped	79beb1ca7997d786	75183	0	0
1790444857.0	stopped	79beb1ca7997d786	75183	0	0
1790444858.0	stopped	79beb1ca7997d786	75183	0	0
1790444859.0	stopped	79beb1ca7997d786	75183	0	0
1790444860.0	stopped	79beb1ca7997d786	75183	0	0
1790444861.0	stopped	79beb1ca7997d786	75183	0	0
1790444862.0	running	684936a21b886ffe	82297	0	0
1790444863.0	running	684936a21b886ffe	82297	0	0
1790444864.0	running	684936a21b886ffe	82297	0	0
1790444865.0	running	684936a21b886ffe	82297	0	0
1790444866.0	running	684936a21b886ffe	82297	0	0
1790444867.0	running	684936a21b886ffe	82297	0	0
1790444868.0	running	684936a21b886ffe	82297	0	0
1790444869.0	running	684936a21b886ffe	82297	0	0
1790444870.0	running	684936a21b886ffe	82297	0	0
1790444871.0	running	684936a21b886ffe	82297	0	0
1790444872.0	running	684936a21b886ffe	82297	0	0
1790444873.0	running	684936a21b886ffe	82297	0	0
1790444874.0	running	684936a21b886ffe	82297	0	0
1790444875.0	running	684936a21b886ffe	82297	0	0
1790444876.0	running	684936a21b886ffe	82297	0	0
1790444877.0	running	684936a21b886ffe	82297	0	0
1790444878.0	running	684936a21b886ffe	82297	0	0
1790444879.0	running	684936a21b886ffe	82297	0	0
1790444880.0	running	684936a21b886ffe	82297	0	0
1790444881.0	running	684936a21b886ffe	82297	0	0
1790444882.0	running	684936a21b886ffe	82297	0	0
1790444883.0	running	684936a21b886ffe	82297	0	0
1790444884.0	running	684936a21b886ffe	82297	0	0
1790444885.1	running	684936a21b886ffe	82297	0	0
1790444886.1	running	684936a21b886ffe	82297	0	0
1790444887.1	running	684936a21b886ffe	82297	0	0
1790444888.1	running	684936a21b886ffe	82297	0	0
1790444889.1	running	684936a21b886ffe	82297	0	0
1790444890.1	running	684936a21b886ffe	82297	0	0
1790444891.1	running	684936a21b886ffe	82297	0	0
1790444892.1	running	684936a21b886ffe	82297	0	0
1790444893.1	running	684936a21b886ffe	82297	0	0
1790444894.1	running	684936a21b886ffe	82297	0	0
1790444895.1	running	684936a21b886ffe	82297	0	0
1790444896.1	running	684936a21b886ffe	82297	0	0
1790444897.1	running	684936a21b886ffe	82297	0	0
1790444898.1	running	684936a21b886ffe	82297	0	0
1790444899.1	running	684936a21b886ffe	82297	0	0
1790444900.1	running	684936a21b886ffe	82297	0	0
1790444901.1	running	684936a21b886ffe	82297	0	0
1790444902.1	running	684936a21b886ffe	82297	0	0
1790444903.1	running	684936a21b886ffe	82297	0	0
1790444904.1	running	684936a21b886ffe	82297	0	0
1790444905.1	running	684936a21b886ffe	82297	0	0
1790444906.1	running	684936a21b886ffe	82297	0	0
1790444907.1	running	684936a21b886ffe	82297	0	0
1790444908.1	running	684936a21b886ffe	82297	0	0
1790444909.1	running	684936a21b886ffe	82297	0	0
1790444910.1	running	684936a21b886ffe	82297	0	0
1790444911.1	running	684936a21b886ffe	82297	0	0
1790444912.1	running	684936a21b886ffe	82297	0	0
1790444913.1	running	684936a21b886ffe	82297	0	0
1790444914.1	running	684936a21b886ffe	82297	0	0
1790444915.1	running	684936a21b886ffe	82297	0	0
1790444916.1	running	684936a21b886ffe	82297	0	0
1790444917.1	running	684936a21b886ffe	82297	0	0
1790444918.1	running	684936a21b886ffe	82297	0	0
1790444919.1	running	684936a21b886ffe	82297	0	0
1790444920.1	running	684936a21b886ffe	82297	0	0
1790444921.1	running	684936a21b886ffe	82297	0	0
1790444922.1	running	684936a21b886ffe	82297	0	0
1790444923.1	running	684936a21b886ffe	82297	0	0
1790444924.1	running	684936a21b886ffe	82297	0	0
1790444925.1	running	684936a21b886ffe	82297	0	0
1790444926.1	running	684936a21b886ffe	82297	0	0
1790444927.1	running	684936a21b886ffe	82297	0	0
1790444928.1	running	684936a21b886ffe	82297	0	0
1790444929.1	running	684936a21b886ffe	82297	0	0
1790444930.1	running	684936a21b886ffe	82297	0	0
1790444931.1	running	684936a21b886ffe	82297	0	0
1790444932.1	running	684936a21b886ffe	82297	0	0
1790444933.1	running	684936a21b886ffe	82297	0	0
1790444934.1	running	684936a21b886ffe	82297	0	0
1790444935.1	running	684936a21b886ffe	82297	0	0
1790444936.1	running	684936a21b886ffe	82297	0	0
1790444937.1	running	684936a21b886ffe	82297	0	0
1790444938.1	running	684936a21b886ffe	82297	0	0
1790444939.1	running	684936a21b886ffe	82297	0	0
1790444940.1	stopped	684936a21b886ffe	82297	0	0
1790444941.1	stopped	684936a21b886ffe	82297	0	0
1790444942.1	stopped	684936a21b886ffe	82297	0	0
1790444943.1	stopped	684936a21b886ffe	82297	0	0
1790444944.1	stopped	684936a21b886ffe	82297	0	0
1790444945.1	stopped	684936a21b886ffe	82297	0	0
1790444946.1	stopped	684936a21b886ffe	82297	0	0
1790444947.1	stopped	684936a21b886ffe	82297	0	0
1790444948.1	stopped	684936a21b886ffe	82297	0	0
1790444949.1	stopped	684936a21b886ffe	82297	0	0
1790444950.1	running	dc4e84ddee8b05a2	85670	0	0
1790444951.1	running	dc4e84ddee8b05a2	85670	0	0
1790444952.1	running	dc4e84ddee8b05a2	85670	0	0
1790444953.1	running	dc4e84ddee8b05a2	85670	0	0
1790444954.1	running	dc4e84ddee8b05a2	85670	0	0
1790444955.1	running	dc4e84ddee8b05a2	85670	0	0
1790444956.1	running	dc4e84ddee8b05a2	85670	0	0
1790444957.1	running	dc4e84ddee8b05a2	85670	0	0
1790444958.1	running	dc4e84ddee8b05a2	85670	0	0
1790444959.1	running	dc4e84ddee8b05a2	85670	0	0
1790444960.1	running	dc4e84ddee8b05a2	85670	0	0
1790444961.1	running	dc4e84ddee8b05a2	85670	0	0
1790444962.1	running	dc4e84ddee8b05a2	85670	0	0
1790444963.1	running	dc4e84ddee8b05a2	85670	0	0
1790444964.1	running	dc4e84ddee8b05a2	85670	0	0
1790444965.1	running	dc4e84ddee8b05a2	85670	0	0
1790444966.1	running	dc4e84ddee8b05a2	85670	0	0
1790444967.1	running	dc4e84ddee8b05a2	85670	0	0
1790444968.1	running	dc4e84ddee8b05a2	85670	0	0
1790444969.1	running	dc4e84ddee8b05a2	85670	0	0
1790444970.1	running	dc4e84ddee8b05a2	85670	0	0
1790444971.1	running	dc4e84ddee8b05a2	85670	0	0
1790444972.1	running	dc4e84ddee8b05a2	85670	0	0
1790444973.1	running	dc4e84ddee8b05a2	85670	0	0
1790444974.1	running	dc4e84ddee8b05a2	85670	0	0
1790444975.1	running	dc4e84ddee8b05a2	85670	0	0
1790444976.1	running	dc4e84ddee8b05a2	85670	0	0
1790444977.1	running	dc4e84ddee8b05a2	85670	0	0
1790444978.1	running	dc4e84ddee8b05a2	85670	0	0
1790444979.1	running	dc4e84ddee8b05a2	85670	0	0
1790444980.1	running	dc4e84ddee8b05a2	85670	0	0
1790444981.1	running	dc4e84ddee8b05a2	85670	0	0
1790444982.1	running	dc4e84ddee8b05a2	85670	0	0
1790444983.1	running	dc4e84ddee8b05a2	85670	0	0
1790444984.1	running	dc4e84ddee8b05a2	85670	0	0
1790444985.1	running	dc4e84ddee8b05a2	85670	0	0
1790444986.1	running	dc4e84ddee8b05a2	85670	0	0
1790444987.1	running	dc4e84ddee8b05a2	85670	0	0
1790444988.1	running	dc4e84ddee8b05a2	85670	0	0
1790444989.1	running	dc4e84ddee8b05a2	85670	0	0
1790444990.1	running	dc4e84ddee8b05a2	85670	0	0
1790444991.1	running	dc4e84ddee8b05a2	85670	0	0
1790444992.1	running	dc4e84ddee8b05a2	85670	0	0
1790444993.1	running	dc4e84ddee8b05a2	85670	0	0
1790444994.1	running	dc4e84ddee8b05a2	85670	0	0
1790444995.1	running	dc4e84ddee8b05a2	85670	0	0
1790444996.1	running	dc4e84ddee8b05a2	85670	0	0
1790444997.1	running	dc4e84ddee8b05a2	85670	0	0
1790444998.1	running	dc4e84ddee8b05a2	85670	0	0
1790444999.1	running	dc4e84ddee8b05a2	85670	0	0
1790445000.1	running	dc4e84ddee8b05a2	85670	0	0
1790445001.1	running	dc4e84ddee8b05a2	85670	0	0
1790445002.1	running	dc4e84ddee8b05a2	85670	0	0
1790445003.1	running	dc4e84ddee8b05a2	85670	0	0
1790445004.1	running	dc4e84ddee8b05a2	85670	0	0
1790445005.1	running	dc4e84ddee8b05a2	85670	0	0
1790445006.1	running	dc4e84ddee8b05a2	85670	0	0
1790445007.1	running	dc4e84ddee8b05a2	85670	0	0
1790445008.1	running	dc4e84ddee8b05a2	85670	0	0
1790445009.1	running	dc4e84ddee8b05a2	85670	0	0
1790445010.1	running	dc4e84ddee8b05a2	85670	0	0
1790445011.1	running	dc4e84ddee8b05a2	85670	0	0
1790445012.1	running	dc4e84ddee8b05a2	85670	0	0
1790445013.1	running	dc4e84ddee8b05a2	85670	0	0
1790445014.1	running	dc4e84ddee8b05a2	85670	0	0
1790445015.1	running	dc4e84ddee8b05a2	85670	0	0
1790445016.1	running	dc4e84ddee8b05a2	85670	0	0
1790445017.1	running	dc4e84ddee8b05a2	85670	0	0
1790445018.1	running	dc4e84ddee8b05a2	85670	0	0
1790445019.1	running	dc4e84ddee8b05a2	85670	0	0
1790445020.1	running	dc4e84ddee8b05a2	85670	0	0
1790445021.1	running	dc4e84ddee8b05a2	85670	0	0
1790445022.1	running	dc4e84ddee8b05a2	85670	0	0
1790445023.1	running	dc4e84ddee8b05a2	85670	0	0
1790445024.1	running	dc4e84ddee8b05a2	85670	0	0
1790445025.1	running	dc4e84ddee8b05a2	85670	0	0
1790445026.1	running	dc4e84ddee8b05a2	85670	0	0
1790445027.1	running	dc4e84ddee8b05a2	85670	0	0
1790445028.1	running	dc4e84ddee8b05a2	85670	0	0
1790445029.1	running	dc4e84ddee8b05a2	85670	0	0
1790445030.1	running	dc4e84ddee8b05a2	85670	0	0
1790445031.1	running	dc4e84ddee8b05a2	85670	0	0
1790445032.1	running	dc4e84ddee8b05a2	85670	0	0
1790445033.1	running	dc4e84ddee8b05a2	85670	0	0
1790445034.1	running	dc4e84ddee8b05a2	85670	0	0
1790445035.1	running	dc4e84ddee8b05a2	85670	0	0
1790445036.1	running	dc4e84ddee8b05a2	85670	0	0
1790445037.1	running	dc4e84ddee8b05a2	85670	0	0
1790445038.1	running	dc4e84ddee8b05a2	85670	0	0
1790445039.1	running	dc4e84ddee8b05a2	85670	0	0
1790445040.1	running	dc4e84ddee8b05a2	85670	0	0
1790445041.1	running	dc4e84ddee8b05a2	85670	0	0
1790445042.1	running	dc4e84ddee8b05a2	85670	0	0
1790445043.1	running	dc4e84ddee8b05a2	85670	0	0
1790445044.1	running	dc4e84ddee8b05a2	85670	0	0
1790445045.1	running	dc4e84ddee8b05a2	85670	0	0
1790445046.1	running	dc4e84ddee8b05a2	85670	0	0
1790445047.1	running	dc4e84ddee8b05a2	85670	0	0
1790445048.1	running	dc4e84ddee8b05a2	85670	0	0
1790445049.1	running	dc4e84ddee8b05a2	85670	0	0
1790445050.1	running	dc4e84ddee8b05a2	85670	0	0
1790445051.1	running	dc4e84ddee8b05a2	85670	0	0
1790445052.1	running	dc4e84ddee8b05a2	85670	0	0
1790445053.1	running	dc4e84ddee8b05a2	85670	0	0
1790445054.1	running	dc4e84ddee8b05a2	85670	0	0
1790445055.1	running	dc4e84ddee8b05a2	85670	0	0
1790445056.1	running	dc4e84ddee8b05a2	85670	0	0
1790445057.1	running	dc4e84ddee8b05a2	85670	0	0
1790445058.1	running	dc4e84ddee8b05a2	85670	0	0
1790445059.1	running	dc4e84ddee8b05a2	85670	0	0
1790445060.1	running	dc4e84ddee8b05a2	85670	0	0
1790445061.1	running	dc4e84ddee8b05a2	85670	0	0
1790445062.1	running	dc4e84ddee8b05a2	85670	0	0
1790445063.1	running	dc4e84ddee8b05a2	85670	0	0
1790445064.1	running	dc4e84ddee8b05a2	85670	0	0
1790445065.1	running	dc4e84ddee8b05a2	85670	0	0
1790445066.1	running	dc4e84ddee8b05a2	85670	0	0
1790445067.1	running	dc4e84ddee8b05a2	85670	0	0
1790445068.1	running	dc4e84ddee8b05a2	85670	0	0
1790445069.1	running	dc4e84ddee8b05a2	85670	0	0
1790445070.1	running	dc4e84ddee8b05a2	85670	0	0
1790445071.1	running	dc4e84ddee8b05a2	85670	0	0
1790445072.1	running	dc4e84ddee8b05a2	85670	0	0
1790445073.1	running	dc4e84ddee8b05a2	85670	0	0
1790445074.1	running	dc4e84ddee8b05a2	85670	0	0
1790445075.1	running	dc4e84ddee8b05a2	85670	0	0
1790445076.1	running	dc4e84ddee8b05a2	85670	0	0
1790445077.1	running	dc4e84ddee8b05a2	85670	0	0
1790445078.1	running	dc4e84ddee8b05a2	85670	0	0
1790445079.1	running	dc4e84ddee8b05a2	85670	0	0
1790445080.1	running	dc4e84ddee8b05a2	85670	0	0
1790445081.1	running	dc4e84ddee8b05a2	85670	0	0
1790445082.1	running	dc4e84ddee8b05a2	85670	0	0
1790445083.1	running	dc4e84ddee8b05a2	85670	0	0
1790445084.1	running	dc4e84ddee8b05a2	85670	0	0
1790445085.1	running	dc4e84ddee8b05a2	85670	0	0
1790445086.1	running	dc4e84ddee8b05a2	85670	0	0
1790445087.1	running	dc4e84ddee8b05a2	85670	0	0
1790445088.1	running	dc4e84ddee8b05a2	85670	0	0
1790445089.1	running	dc4e84ddee8b05a2	85670	0	0
1790445090.1	running	dc4e84ddee8b05a2	85670	0	0
1790445091.1	running	dc4e84ddee8b05a2	85670	0	0
1790445092.1	running	dc4e84ddee8b05a2	85670	0	0
1790445093.1	running	dc4e84ddee8b05a2	85670	0	0
1790445094.1	stopped	dc4e84ddee8b05a2	85670	0	0
1790445095.1	stopped	dc4e84ddee8b05a2	85670	0	0
1790445096.1	stopped	dc4e84ddee8b05a2	85670	0	0
1790445097.1	stopped	dc4e84ddee8b05a2	85670	0	0
1790445098.1	stopped	dc4e84ddee8b05a2	85670	0	0
1790445099.1	stopped	dc4e84ddee8b05a2	85670	0	0
1790445100.1	stopped	dc4e84ddee8b05a2	85670	0	0
1790445101.1	stopped	dc4e84ddee8b05a2	85670	0	0
1790445102.1	stopped	dc4e84ddee8b05a2	85670	0	0
1790445103.2	stopped	dc4e84ddee8b05a2	85670	0	0
1790445104.2	stopped	dc4e84ddee8b05a2	85670	0	0
1790445105.2	running	f7e5c286409b12da	90583	0	0
1790445106.2	running	f7e5c286409b12da	90583	0	0
1790445107.2	running	f7e5c286409b12da	90583	0	0
1790445108.2	running	f7e5c286409b12da	90583	0	0
1790445109.2	running	f7e5c286409b12da	90583	0	0
1790445110.2	running	f7e5c286409b12da	90583	0	0
1790445111.2	running	f7e5c286409b12da	90583	0	0
1790445112.2	running	f7e5c286409b12da	90583	0	0
1790445113.2	running	f7e5c286409b12da	90583	0	0
1790445114.2	running	f7e5c286409b12da	90583	0	0
1790445115.2	running	f7e5c286409b12da	90583	0	0
1790445116.2	running	f7e5c286409b12da	90583	0	0
1790445117.2	running	f7e5c286409b12da	90583	0	0
1790445118.2	running	f7e5c286409b12da	90583	0	0
1790445119.2	running	f7e5c286409b12da	90583	0	0
1790445120.2	running	f7e5c286409b12da	90583	0	0
1790445121.2	running	f7e5c286409b12da	90583	0	0
1790445122.2	running	f7e5c286409b12da	90583	0	0
1790445123.2	running	f7e5c286409b12da	90583	0	0
1790445124.2	running	f7e5c286409b12da	90583	0	0
1790445125.2	running	f7e5c286409b12da	90583	0	0
1790445126.2	running	f7e5c286409b12da	90583	0	0
1790445127.2	stopped	f7e5c286409b12da	90583	0	0
1790445128.2	stopped	f7e5c286409b12da	90583	0	0
1790445129.2	stopped	f7e5c286409b12da	90583	0	0
1790445130.2	stopped	f7e5c286409b12da	90583	0	0
1790445131.2	stopped	f7e5c286409b12da	90583	0	0
1790445132.2	stopped	f7e5c286409b12da	90583	0	0
1790445133.2	stopped	f7e5c286409b12da	90583	0	0
1790445134.2	stopped	f7e5c286409b12da	90583	0	0
1790445135.2	stopped	f7e5c286409b12da	90583	0	0
1790445136.2	stopped	f7e5c286409b12da	90583	0	0
1790445137.2	stopped	f7e5c286409b12da	90583	0	0
1790445138.2	running	4fc12209e48674f9	93357	0	0
1790445139.2	running	4fc12209e48674f9	93357	0	0
1790445140.2	running	4fc12209e48674f9	93357	0	0
1790445141.2	running	4fc12209e48674f9	93357	0	0
1790445142.2	running	4fc12209e48674f9	93357	0	0
1790445143.2	running	4fc12209e48674f9	93357	0	0
1790445144.2	running	4fc12209e48674f9	93357	0	0
1790445145.2	running	4fc12209e48674f9	93357	0	0
1790445146.2	running	4fc12209e48674f9	93357	0	0
1790445147.2	running	4fc12209e48674f9	93357	0	0
1790445148.2	running	4fc12209e48674f9	93357	0	0
1790445149.2	running	4fc12209e48674f9	93357	0	0
1790445150.2	running	4fc12209e48674f9	93357	0	0
1790445151.2	running	4fc12209e48674f9	93357	0	0
1790445152.2	running	4fc12209e48674f9	93357	0	0
1790445153.2	running	4fc12209e48674f9	93357	0	0
1790445154.2	running	4fc12209e48674f9	93357	0	0
1790445155.2	running	4fc12209e48674f9	93357	0	0
1790445156.2	running	4fc12209e48674f9	93357	0	0
1790445157.2	running	4fc12209e48674f9	93357	0	0
1790445158.2	running	4fc12209e48674f9	93357	0	0
1790445159.2	running	4fc12209e48674f9	93357	0	0
1790445160.2	running	4fc12209e48674f9	93357	0	0
1790445161.2	running	4fc12209e48674f9	93357	0	0
1790445162.2	running	4fc12209e48674f9	93357	0	0
1790445163.2	running	4fc12209e48674f9	93357	0	0
1790445164.2	running	4fc12209e48674f9	93357	0	0
1790445165.2	running	4fc12209e48674f9	93357	0	0
1790445166.2	running	4fc12209e48674f9	93357	0	0
1790445167.2	running	4fc12209e48674f9	93357	0	0
1790445168.2	running	4fc12209e48674f9	93357	0	0
1790445169.2	running	4fc12209e48674f9	93357	0	0
1790445170.2	running	4fc12209e48674f9	93357	0	0
1790445171.2	running	4fc12209e48674f9	93357	0	0
1790445172.2	running	4fc12209e48674f9	93357	0	0
1790445173.2	running	4fc12209e48674f9	93357	0	0
1790445174.2	running	4fc12209e48674f9	93357	0	0
1790445175.2	running	4fc12209e48674f9	93357	0	0
1790445176.2	running	4fc12209e48674f9	93357	0	0
1790445177.2	running	4fc12209e48674f9	93357	0	0
1790445178.2	running	4fc12209e48674f9	93357	0	0
1790445179.2	running	4fc12209e48674f9	93357	0	0
1790445180.2	running	4fc12209e48674f9	93357	0	0
1790445181.2	running	4fc12209e48674f9	93357	0	0
1790445182.2	running	4fc12209e48674f9	93357	0	0
1790445183.2	running	4fc12209e48674f9	93357	0	0
1790445184.2	running	4fc12209e48674f9	93357	0	0
1790445185.2	running	4fc12209e48674f9	93357	0	0
1790445186.2	running	4fc12209e48674f9	93357	0	0
1790445187.2	running	4fc12209e48674f9	93357	0	0
1790445188.2	running	4fc12209e48674f9	93357	0	0
1790445189.2	running	4fc12209e48674f9	93357	0	0
1790445190.2	running	4fc12209e48674f9	93357	0	0
1790445191.2	running	4fc12209e48674f9	93357	0	0
1790445192.2	running	4fc12209e48674f9	93357	0	0
1790445193.2	running	4fc12209e48674f9	93357	0	0
1790445194.2	running	4fc12209e48674f9	93357	0	0
1790445195.2	running	4fc12209e48674f9	93357	0	0
1790445196.2	running	4fc12209e48674f9	93357	0	0
1790445197.2	running	4fc12209e48674f9	93357	0	0
1790445198.2	running	4fc12209e48674f9	93357	0	0
1790445199.2	running	4fc12209e48674f9	93357	0	0
1790445200.2	running	4fc12209e48674f9	93357	0	0
1790445201.2	running	4fc12209e48674f9	93357	0	0
1790445202.2	running	4fc12209e48674f9	93357	0	0
1790445203.2	running	4fc12209e48674f9	93357	0	0
1790445204.2	running	4fc12209e48674f9	93357	0	0
1790445205.2	running	4fc12209e48674f9	93357	0	0
1790445206.2	running	4fc12209e48674f9	93357	0	0
1790445207.2	running	4fc12209e48674f9	93357	0	0
1790445208.2	running	4fc12209e48674f9	93357	0	0
1790445209.2	running	4fc12209e48674f9	93357	0	0
1790445210.2	running	4fc12209e48674f9	93357	0	0
1790445211.2	running	4fc12209e48674f9	93357	0	0
1790445212.2	running	4fc12209e48674f9	93357	0	0
1790445213.2	running	4fc12209e48674f9	93357	0	0
1790445214.2	running	4fc12209e48674f9	93357	0	0
1790445215.2	running	4fc12209e48674f9	93357	0	0
1790445216.2	running	4fc12209e48674f9	93357	0	0
1790445217.2	running	4fc12209e48674f9	93357	0	0
1790445218.2	running	4fc12209e48674f9	93357	0	0
1790445219.2	running	4fc12209e48674f9	93357	0	0
1790445220.2	running	4fc12209e48674f9	93357	0	0
1790445221.2	running	4fc12209e48674f9	93357	0	0
1790445222.2	running	4fc12209e48674f9	93357	0	0
1790445223.2	running	4fc12209e48674f9	93357	0	0
1790445224.2	running	4fc12209e48674f9	93357	0	0
1790445225.2	running	4fc12209e48674f9	93357	0	0
1790445226.2	running	4fc12209e48674f9	93357	0	0
1790445227.2	running	4fc12209e48674f9	93357	0	0
1790445228.2	stopped	4fc12209e48674f9	93357	0	0
1790445229.2	stopped	4fc12209e48674f9	93357	0	0
1790445230.2	stopped	4fc12209e48674f9	93357	0	0
1790445231.2	stopped	4fc12209e48674f9	93357	0	0
1790445232.2	stopped	4fc12209e48674f9	93357	0	0
1790445233.2	stopped	4fc12209e48674f9	93357	0	0
1790445234.2	stopped	4fc12209e48674f9	93357	0	0
1790445235.2	stopped	4fc12209e48674f9	93357	0	0
1790445236.2	stopped	4fc12209e48674f9	93357	0	0
1790445237.2	stopped	4fc12209e48674f9	93357	0	0
1790445238.2	stopped	4fc12209e48674f9	93357	0	0
1790445239.2	stopped	4fc12209e48674f9	93357	0	0
1790445240.2	stopped	4fc12209e48674f9	93357	0	0
1790445241.2	stopped	4fc12209e48674f9	93357	0	0
1790445242.2	stopped	4fc12209e48674f9	93357	0	0
1790445243.2	stopped	4fc12209e48674f9	93357	0	0
1790445244.2	stopped	4fc12209e48674f9	93357	0	0
1790445245.2	stopped	4fc12209e48674f9	93357	0	0
1790445246.2	stopped	4fc12209e48674f9	93357	0	0
1790445247.2	stopped	4fc12209e48674f9	93357	0	0
1790445248.2	stopped	4fc12209e48674f9	93357	0	0
1790445249.2	stopped	4fc12209e48674f9	93357	0	0
1790445250.2	stopped	4fc12209e48674f9	93357	0	0
1790445251.2	stopped	4fc12209e48674f9	93357	0	0
1790445252.2	stopped	4fc12209e48674f9	93357	0	0
1790445253.2	stopped	4fc12209e48674f9	93357	0	0
1790445254.2	stopped	4fc12209e48674f9	93357	0	0
1790445255.2	stopped	4fc12209e48674f9	93357	0	0
1790445256.2	stopped	4fc12209e48674f9	93357	0	0
1790445257.2	stopped	4fc12209e48674f9	93357	0	0
1790445258.2	stopped	4fc12209e48674f9	93357	0	0
1790445259.2	stopped	4fc12209e48674f9	93357	0	0
1790445260.2	stopped	4fc12209e48674f9	93357	0	0
1790445261.2	stopped	4fc12209e48674f9	93357	0	0
1790445262.2	stopped	4fc12209e48674f9	93357	0	0
1790445263.2	stopped	4fc12209e48674f9	93357	0	0
1790445264.2	stopped	4fc12209e48674f9	93357	0	0
1790445265.2	stopped	4fc12209e48674f9	93357	0	0
1790445266.2	stopped	4fc12209e48674f9	93357	0	0
1790445267.2	stopped	4fc12209e48674f9	93357	0	0
1790445268.2	stopped	4fc12209e48674f9	93357	0	0
1790445269.2	stopped	4fc12209e48674f9	93357	0	0
1790445270.2	stopped	4fc12209e48674f9	93357	0	0
1790445271.2	stopped	4fc12209e48674f9	93357	0	0
1790445272.2	stopped	4fc12209e48674f9	93357	0	0
1790445273.2	stopped	4fc12209e48674f9	93357	0	0
1790445274.2	stopped	4fc12209e48674f9	93357	0	0
1790445275.2	stopped	4fc12209e48674f9	93357	0	0
1790445276.2	stopped	4fc12209e48674f9	93357	0	0
1790445277.2	stopped	4fc12209e48674f9	93357	0	0
1790445278.2	stopped	4fc12209e48674f9	93357	0	0
1790445279.2	stopped	4fc12209e48674f9	93357	0	0
1790445280.2	stopped	4fc12209e48674f9	93357	0	0
1790445281.2	stopped	4fc12209e48674f9	93357	0	0
1790445282.2	stopped	4fc12209e48674f9	93357	0	0
1790445283.2	stopped	4fc12209e48674f9	93357	0	0
1790445284.2	stopped	4fc12209e48674f9	93357	0	0
1790445285.2	stopped	4fc12209e48674f9	93357	0	0
1790445286.2	stopped	4fc12209e48674f9	93357	0	0
1790445287.2	stopped	4fc12209e48674f9	93357	0	0
1790445288.2	stopped	4fc12209e48674f9	93357	0	0
1790445289.2	stopped	4fc12209e48674f9	93357	0	0
1790445290.2	stopped	4fc12209e48674f9	93357	0	0
1790445291.2	stopped	4fc12209e48674f9	93357	0	0
1790445292.2	stopped	4fc12209e48674f9	93357	0	0
1790445293.2	stopped	4fc12209e48674f9	93357	0	0
1790445294.2	stopped	4fc12209e48674f9	93357	0	0
1790445295.2	stopped	4fc12209e48674f9	93357	0	0
1790445296.2	stopped	4fc12209e48674f9	93357	0	0
1790445297.2	stopped	4fc12209e48674f9	93357	0	0
1790445298.2	stopped	4fc12209e48674f9	93357	0	0
1790445299.2	stopped	4fc12209e48674f9	93357	0	0
1790445300.2	stopped	4fc12209e48674f9	93357	0	0
1790445301.2	stopped	4fc12209e48674f9	93357	0	0
1790445302.2	stopped	4fc12209e48674f9	93357	0	0
1790445303.2	stopped	4fc12209e48674f9	93357	0	0
1790445304.2	stopped	4fc12209e48674f9	93357	0	0
1790445305.2	stopped	4fc12209e48674f9	93357	0	0
1790445306.2	stopped	4fc12209e48674f9	93357	0	0
1790445307.2	stopped	4fc12209e48674f9	93357	0	0
1790445308.2	stopped	4fc12209e48674f9	93357	0	0
1790445309.2	stopped	4fc12209e48674f9	93357	0	0
1790445310.2	stopped	4fc12209e48674f9	93357	0	0
1790445311.2	stopped	4fc12209e48674f9	93357	0	0
1790445312.3	stopped	4fc12209e48674f9	93357	0	0
1790445313.3	stopped	4fc12209e48674f9	93357	0	0
1790445314.3	stopped	4fc12209e48674f9	93357	0	0
1790445315.3	stopped	4fc12209e48674f9	93357	0	0
1790445316.3	stopped	4fc12209e48674f9	93357	0	0
1790445317.3	stopped	4fc12209e48674f9	93357	0	0
1790445318.3	stopped	4fc12209e48674f9	93357	0	0
1790445319.3	stopped	4fc12209e48674f9	93357	0	0
1790445320.3	stopped	4fc12209e48674f9	93357	0	0
1790445321.3	stopped	4fc12209e48674f9	93357	0	0
1790445322.3	stopped	4fc12209e48674f9	93357	0	0
1790445323.3	stopped	4fc12209e48674f9	93357	0	0
1790445324.3	stopped	4fc12209e48674f9	93357	0	0
1790445325.3	stopped	4fc12209e48674f9	93357	0	0
1790445326.3	stopped	4fc12209e48674f9	93357	0	0
1790445327.3	stopped	4fc12209e48674f9	93357	0	0
1790445328.3	stopped	4fc12209e48674f9	93357	0	0
1790445329.3	stopped	4fc12209e48674f9	93357	0	0
1790445330.3	stopped	4fc12209e48674f9	93357	0	0
1790445331.3	stopped	4fc12209e48674f9	93357	0	0
1790445332.3	stopped	4fc12209e48674f9	93357	0	0
1790445333.3	stopped	4fc12209e48674f9	93357	0	0
1790445334.3	stopped	4fc12209e48674f9	93357	0	0
1790445335.3	stopped	4fc12209e48674f9	93357	0	0
1790445336.3	stopped	4fc12209e48674f9	93357	0	0
1790445337.3	stopped	4fc12209e48674f9	93357	0	0
1790445338.3	stopped	4fc12209e48674f9	93357	0	0
1790445339.3	stopped	4fc12209e48674f9	93357	0	0
1790445340.3	stopped	4fc12209e48674f9	93357	0	0
1790445341.3	stopped	4fc12209e48674f9	93357	0	0
1790445342.3	stopped	4fc12209e48674f9	93357	0	0
1790445343.3	stopped	4fc12209e48674f9	93357	0	0
1790445344.3	stopped	4fc12209e48674f9	93357	0	0
1790445345.3	stopped	4fc12209e48674f9	93357	0	0
1790445346.3	stopped	4fc12209e48674f9	93357	0	0
1790445347.3	stopped	4fc12209e48674f9	93357	0	0
1790445348.3	stopped	4fc12209e48674f9	93357	0	0
1790445349.3	stopped	4fc12209e48674f9	93357	0	0
1790445350.3	stopped	4fc12209e48674f9	93357	0	0
1790445351.3	stopped	4fc12209e48674f9	93357	0	0
1790445352.3	stopped	4fc12209e48674f9	93357	0	0
1790445353.3	stopped	4fc12209e48674f9	93357	0	0
1790445354.3	stopped	4fc12209e48674f9	93357	0	0
1790445355.3	stopped	4fc12209e48674f9	93357	0	0
1790445356.3	stopped	4fc12209e48674f9	93357	0	0
1790445357.3	stopped	4fc12209e48674f9	93357	0	0
1790445358.3	stopped	4fc12209e48674f9	93357	0	0
1790445359.3	stopped	4fc12209e48674f9	93357	0	0
1790445360.3	stopped	4fc12209e48674f9	93357	0	0
1790445361.3	stopped	4fc12209e48674f9	93357	0	0
1790445362.3	stopped	4fc12209e48674f9	93357	0	0
1790445363.3	stopped	4fc12209e48674f9	93357	0	0
1790445364.3	stopped	4fc12209e48674f9	93357	0	0
1790445365.3	stopped	4fc12209e48674f9	93357	0	0
1790445366.3	stopped	4fc12209e48674f9	93357	0	0
1790445367.3	stopped	4fc12209e48674f9	93357	0	0
1790445368.3	stopped	4fc12209e48674f9	93357	0	0
1790445369.3	stopped	4fc12209e48674f9	93357	0	0
1790445370.3	stopped	4fc12209e48674f9	93357	0	0
1790445371.3	stopped	4fc12209e48674f9	93357	0	0
1790445372.3	stopped	4fc12209e48674f9	93357	0	0
1790445373.3	stopped	4fc12209e48674f9	93357	0	0
1790445374.3	stopped	4fc12209e48674f9	93357	0	0
1790445375.3	stopped	4fc12209e48674f9	93357	0	0
1790445376.3	stopped	4fc12209e48674f9	93357	0	0
1790445377.3	stopped	4fc12209e48674f9	93357	0	0
1790445378.3	stopped	4fc12209e48674f9	93357	0	0
1790445379.3	stopped	4fc12209e48674f9	93357	0	0
1790445380.3	stopped	4fc12209e48674f9	93357	0	0
1790445381.3	stopped	4fc12209e48674f9	93357	0	0
1790445382.3	stopped	4fc12209e48674f9	93357	0	0
1790445383.3	stopped	4fc12209e48674f9	93357	0	0
1790445384.3	stopped	4fc12209e48674f9	93357	0	0
1790445385.3	stopped	4fc12209e48674f9	93357	0	0
1790445386.3	stopped	4fc12209e48674f9	93357	0	0
1790445387.3	stopped	4fc12209e48674f9	93357	0	0
1790445388.3	stopped	4fc12209e48674f9	93357	0	0
1790445389.3	stopped	4fc12209e48674f9	93357	0	0
1790445390.3	stopped	4fc12209e48674f9	93357	0	0
1790445391.3	stopped	4fc12209e48674f9	93357	0	0
1790445392.3	stopped	4fc12209e48674f9	93357	0	0
1790445393.3	stopped	4fc12209e48674f9	93357	0	0
1790445394.3	stopped	4fc12209e48674f9	93357	0	0
1790445395.3	stopped	4fc12209e48674f9	93357	0	0
1790445396.3	stopped	4fc12209e48674f9	93357	0	0
1790445397.3	stopped	4fc12209e48674f9	93357	0	0
1790445398.3	stopped	4fc12209e48674f9	93357	0	0
