ts	iface	rx_bytes	tx_bytes
1787818509.289718527	s10-eth1	362341218076	143181169
1787818509.289718527	s10-eth2	189313682581	61919704
1787818509.289718527	s10-eth3	118615596	385173478344
1787818509.289718527	s10-eth4	86398661	166481422253
1787818509.289718527	s1-eth1	87107874	209500894835
1787818509.289718527	s1-eth10	17098909576	7070144
1787818509.289718527	s1-eth11	17995652230	13652286
1787818509.289718527	s1-eth12	20340495545	9241977
1787818509.289718527	s1-eth13	23971426895	10019023
1787818509.289718527	s1-eth14	20689888112	10582056
1787818509.289718527	s1-eth15	16306592783	9561636
1787818509.289718527	s1-eth16	21690235125	8970426
1787818509.289718527	s1-eth17	14244941551	7716726
1787818509.289718527	s1-eth18	22770804960	10103837
1787818509.289718527	s1-eth19	2456	383888
1787818509.289718527	s1-eth2	72384003	151928734995
1787818509.289718527	s1-eth20	2456	383818
1787818509.289718527	s1-eth21	2456	383888
1787818509.289718527	s1-eth22	2456	383818
1787818509.289718527	s1-eth23	2456	383818
1787818509.289718527	s1-eth24	2456	383818
1787818509.289718527	s1-eth25	2456	383818
1787818509.289718527	s1-eth26	2456	383888
1787818509.289718527	s1-eth27	2456	383818
1787818509.289718527	s1-eth28	2456	383818
1787818509.289718527	s1-eth29	2456	383818
1787818509.289718527	s1-eth3	20810821695	9086966
1787818509.289718527	s1-eth30	2456	383818
1787818509.289718527	s1-eth31	2456	383818
1787818509.289718527	s1-eth32	2456	383818
1787818509.289718527	s1-eth33	2456	383888
1787818509.289718527	s1-eth34	2456	383818
1787818509.289718527	s1-eth4	38027009372	17150937
1787818509.289718527	s1-eth5	30915180833	13891529
1787818509.289718527	s1-eth6	25617992273	9574839
1787818509.289718527	s1-eth7	21433160889	9152694
1787818509.289718527	s1-eth8	27026237377	10147504
1787818509.289718527	s1-eth9	22489467490	8771642
1787818509.289718527	s2-eth1	108247505	318110679172
1787818509.289718527	s2-eth10	27901672705	7707352
1787818509.289718527	s2-eth11	30298651966	9792052
1787818509.289718527	s2-eth12	25378489037	5117299
1787818509.289718527	s2-eth13	27425575869	6298320
1787818509.289718527	s2-eth14	37532008967	10516348
1787818509.289718527	s2-eth15	29960285006	7397862
1787818509.289718527	s2-eth16	41864121909	13754465
1787818509.289718527	s2-eth17	38791101168	12602167
1787818509.289718527	s2-eth18	73522131990	32087485
1787818509.289718527	s2-eth19	2456	383828
1787818509.289718527	s2-eth2	40688406	151550400231
1787818509.289718527	s2-eth20	2456	383758
1787818509.289718527	s2-eth21	2456	383828
1787818509.289718527	s2-eth22	2456	383758
1787818509.289718527	s2-eth23	2456	383539
1787818509.289718527	s2-eth24	2456	383828
1787818509.289718527	s2-eth25	2456	383863
1787818509.289718527	s2-eth26	2456	383828
1787818509.289718527	s2-eth27	2526	383758
1787818509.289718527	s2-eth28	2456	383758
1787818509.289718527	s2-eth29	2456	383758
1787818509.289718527	s2-eth3	14466400192	6640879
1787818509.289718527	s2-eth30	2456	383758
1787818509.289718527	s2-eth31	2456	383758
1787818509.289718527	s2-eth32	2456	383828
1787818509.289718527	s2-eth33	2456	383758
1787818509.289718527	s2-eth34	2456	383758
1787818509.289718527	s2-eth4	19469299288	8235670
1787818509.289718527	s2-eth5	12717825993	4935640
1787818509.289718527	s2-eth6	15222825463	5492150
1787818509.289718527	s2-eth7	21251344394	7857914
1787818509.289718527	s2-eth8	27440922950	8348281
1787818509.289718527	s2-eth9	26417609078	7525529
1787818509.289718527	s3-eth1	258943048026	64724211
1787818509.289718527	s3-eth10	6688782	17099290808
1787818509.289718527	s3-eth11	13270924	17996033592
1787818509.289718527	s3-eth12	8860615	20340876907
1787818509.289718527	s3-eth13	9637661	23971808257
1787818509.289718527	s3-eth14	10200694	20690269404
1787818509.289718527	s3-eth15	9180274	16306974145
1787818509.289718527	s3-eth16	8589064	21690616487
1787818509.289718527	s3-eth17	7335364	14245322913
1787818509.289718527	s3-eth18	9722475	22771186252
1787818509.289718527	s3-eth19	2456	383818
1787818509.289718527	s3-eth2	102486667411	94681448
1787818509.289718527	s3-eth20	2456	383818
1787818509.289718527	s3-eth21	2456	383818
1787818509.289718527	s3-eth22	2456	383818
1787818509.289718527	s3-eth23	2526	383818
1787818509.289718527	s3-eth24	2456	383818
1787818509.289718527	s3-eth25	2456	383888
1787818509.289718527	s3-eth26	2456	383818
1787818509.289718527	s3-eth27	2456	383818
1787818509.289718527	s3-eth28	2456	383818
1787818509.289718527	s3-eth29	2456	383888
1787818509.289718527	s3-eth3	8705478	20811202861
1787818509.289718527	s3-eth30	2456	383818
1787818509.289718527	s3-eth31	2456	383818
1787818509.289718527	s3-eth32	2456	383818
1787818509.289718527	s3-eth33	2526	383818
1787818509.289718527	s3-eth34	2456	383615
1787818509.289718527	s3-eth4	16769274	38027390538
1787818509.289718527	s3-eth5	13510167	30915562195
1787818509.289718527	s3-eth6	9193477	25618373635
1787818509.289718527	s3-eth7	8771332	21433542251
1787818509.289718527	s3-eth8	9766142	27026618739
1787818509.289718527	s3-eth9	8390280	22489848852
1787818509.289718527	s4-eth1	287173182014	95994270
1787818509.289718527	s4-eth10	7326050	27902054077
1787818509.289718527	s4-eth11	9410750	30299033268
1787818509.289718527	s4-eth12	4735997	25378870269
1787818509.289718527	s4-eth13	5917018	27425957171
1787818509.289718527	s4-eth14	10135046	37532390269
1787818509.289718527	s4-eth15	7016560	29960666328
1787818509.289718527	s4-eth16	13373163	41864503211
1787818509.289718527	s4-eth17	12220865	38791482470
1787818509.289718527	s4-eth18	31706183	73522513292
1787818509.289718527	s4-eth19	2456	383818
1787818509.289718527	s4-eth2	182487811221	53027847
1787818509.289718527	s4-eth20	2456	383758
1787818509.289718527	s4-eth21	2456	383758
1787818509.289718527	s4-eth22	2456	383758
1787818509.289718527	s4-eth23	2456	383758
1787818509.289718527	s4-eth24	2456	383818
1787818509.289718527	s4-eth25	2526	383758
1787818509.289718527	s4-eth26	2456	383758
1787818509.289718527	s4-eth27	2526	383758
1787818509.289718527	s4-eth28	2456	383758
1787818509.289718527	s4-eth29	2456	383828
1787818509.289718527	s4-eth3	6259577	14466781494
1787818509.289718527	s4-eth30	2456	383555
1787818509.289718527	s4-eth31	2526	383758
1787818509.289718527	s4-eth32	2456	383758
1787818509.289718527	s4-eth33	2456	383758
1787818509.289718527	s4-eth34	2366	383758
1787818509.289718527	s4-eth4	7854368	19469680590
1787818509.289718527	s4-eth5	4554338	12718207295
1787818509.289718527	s4-eth6	5110848	15223206765
1787818509.289718527	s4-eth7	7476542	21251725766
1787818509.289718527	s4-eth8	7966979	27441304322
1787818509.289718527	s4-eth9	7144227	26417990380
1787818509.289718527	s5-eth1	209500894835	87107874
1787818509.289718527	s5-eth2	318110679172	108247565
1787818509.289718527	s5-eth3	52260817	165270183339
1787818509.289718527	s5-eth4	143181169	362341218136
1787818509.289718527	s6-eth1	151928734995	72384003
1787818509.289718527	s6-eth2	151550400231	40688406
1787818509.289718527	s6-eth3	51066309	114165452803
1787818509.289718527	s6-eth4	61919704	189313682581
1787818509.289718527	s7-eth1	64724211	258943048026
1787818509.289718527	s7-eth2	95994270	287173182014
1787818509.289718527	s7-eth3	160942665693	41930150
1787818509.289718527	s7-eth4	385173478344	118615596
1787818509.289718527	s8-eth1	94681448	102486667411
1787818509.289718527	s8-eth2	53027847	182487811221
1787818509.289718527	s8-eth3	118492970449	61310704
1787818509.289718527	s8-eth4	166481422253	86398661
1787818509.289718527	s9-eth1	165270183339	52260817
1787818509.289718527	s9-eth2	114165452803	51066309
1787818509.289718527	s9-eth3	41930150	160942665693
1787818509.289718527	s9-eth4	61310704	118492970449
1787818511.588913566	s10-eth1	362341218196	143181229
1787818511.588913566	s10-eth2	189313682641	61919764
1787818511.588913566	s10-eth3	118615656	385173478404
1787818511.588913566	s10-eth4	86398721	166481422313
1787818511.588913566	s1-eth1	87107934	209500894895
1787818511.588913566	s1-eth10	17098909576	7070204
1787818511.588913566	s1-eth11	17995652230	13652346
1787818511.588913566	s1-eth12	20340495545	9242037
1787818511.588913566	s1-eth13	23971426895	10019083
1787818511.588913566	s1-eth14	20689888112	10582116
1787818511.588913566	s1-eth15	16306592783	9561696
1787818511.588913566	s1-eth16	21690235125	8970486
1787818511.588913566	s1-eth17	14244941551	7716786
1787818511.588913566	s1-eth18	22770804960	10103897
1787818511.588913566	s1-eth19	2456	383948
1787818511.588913566	s1-eth2	72384063	151928735055
1787818511.588913566	s1-eth20	2456	383878
1787818511.588913566	s1-eth21	2456	383948
1787818511.588913566	s1-eth22	2456	383878
1787818511.588913566	s1-eth23	2456	383878
1787818511.588913566	s1-eth24	2456	383878
1787818511.588913566	s1-eth25	2456	383878
1787818511.588913566	s1-eth26	2456	383948
1787818511.588913566	s1-eth27	2456	383878
1787818511.588913566	s1-eth28	2456	383878
1787818511.588913566	s1-eth29	2456	383878
1787818511.588913566	s1-eth3	20810821695	9087026
1787818511.588913566	s1-eth30	2456	383878
1787818511.588913566	s1-eth31	2456	383878
1787818511.588913566	s1-eth32	2456	383878
1787818511.588913566	s1-eth33	2456	383948
1787818511.588913566	s1-eth34	2456	383878
1787818511.588913566	s1-eth4	38027009372	17150997
1787818511.588913566	s1-eth5	30915180833	13891589
1787818511.588913566	s1-eth6	25617992273	9574899
1787818511.588913566	s1-eth7	21433160889	9152754
1787818511.588913566	s1-eth8	27026237377	10147564
1787818511.588913566	s1-eth9	22489467490	8771702
1787818511.588913566	s2-eth1	108247625	318110679232
1787818511.588913566	s2-eth10	27901672705	7707412
1787818511.588913566	s2-eth11	30298651966	9792172
1787818511.588913566	s2-eth12	25378489037	5117419
1787818511.588913566	s2-eth13	27425575869	6298380
1787818511.588913566	s2-eth14	37532008967	10516468
1787818511.588913566	s2-eth15	29960285006	7397982
1787818511.588913566	s2-eth16	41864121909	13754585
1787818511.588913566	s2-eth17	38791101168	12602287
1787818511.588913566	s2-eth18	73522131990	32087545
1787818511.588913566	s2-eth19	2456	383948
1787818511.588913566	s2-eth2	40688466	151550400351
1787818511.588913566	s2-eth20	2456	383878
1787818511.588913566	s2-eth21	2456	383948
1787818511.588913566	s2-eth22	2456	383878
1787818511.588913566	s2-eth23	2456	383599
1787818511.588913566	s2-eth24	2456	383888
1787818511.588913566	s2-eth25	2456	383923
1787818511.588913566	s2-eth26	2456	383948
1787818511.588913566	s2-eth27	2526	383818
1787818511.588913566	s2-eth28	2456	383878
1787818511.588913566	s2-eth29	2456	383878
1787818511.588913566	s2-eth3	14466400192	6640999
1787818511.588913566	s2-eth30	2456	383878
1787818511.588913566	s2-eth31	2456	383878
1787818511.588913566	s2-eth32	2456	383948
1787818511.588913566	s2-eth33	2456	383878
1787818511.588913566	s2-eth34	2456	383878
1787818511.588913566	s2-eth4	19469299288	8235790
1787818511.588913566	s2-eth5	12717825993	4935760
1787818511.588913566	s2-eth6	15222825463	5492270
1787818511.588913566	s2-eth7	21251344394	7858034
1787818511.588913566	s2-eth8	27440922950	8348341
1787818511.588913566	s2-eth9	26417609078	7525649
1787818511.588913566	s3-eth1	258943048086	64724271
1787818511.588913566	s3-eth10	6688782	17099290928
1787818511.588913566	s3-eth11	13270924	17996033652
1787818511.588913566	s3-eth12	8860615	20340876967
1787818511.588913566	s3-eth13	9637661	23971808317
1787818511.588913566	s3-eth14	10200694	20690269464
1787818511.588913566	s3-eth15	9180274	16306974205
1787818511.588913566	s3-eth16	8589064	21690616547
1787818511.588913566	s3-eth17	7335364	14245322973
1787818511.588913566	s3-eth18	9722475	22771186312
1787818511.588913566	s3-eth19	2456	383878
1787818511.588913566	s3-eth2	102486667471	94681508
1787818511.588913566	s3-eth20	2456	383878
1787818511.588913566	s3-eth21	2456	383878
1787818511.588913566	s3-eth22	2456	383878
1787818511.588913566	s3-eth23	2526	383878
1787818511.588913566	s3-eth24	2456	383878
1787818511.588913566	s3-eth25	2456	383948
1787818511.588913566	s3-eth26	2456	383878
1787818511.588913566	s3-eth27	2456	383878
1787818511.588913566	s3-eth28	2456	383878
1787818511.588913566	s3-eth29	2456	383948
1787818511.588913566	s3-eth3	8705478	20811202921
1787818511.588913566	s3-eth30	2456	383878
1787818511.588913566	s3-eth31	2456	383878
1787818511.588913566	s3-eth32	2456	383878
1787818511.588913566	s3-eth33	2526	383878
1787818511.588913566	s3-eth34	2456	383675
1787818511.588913566	s3-eth4	16769274	38027390598
1787818511.588913566	s3-eth5	13510167	30915562255
1787818511.588913566	s3-eth6	9193477	25618373695
1787818511.588913566	s3-eth7	8771332	21433542311
1787818511.588913566	s3-eth8	9766142	27026618799
1787818511.588913566	s3-eth9	8390280	22489848912
1787818511.588913566	s4-eth1	287173182074	95994330
1787818511.588913566	s4-eth10	7326050	27902054137
1787818511.588913566	s4-eth11	9410750	30299033328
1787818511.588913566	s4-eth12	4735997	25378870329
1787818511.588913566	s4-eth13	5917018	27425957231
1787818511.588913566	s4-eth14	10135046	37532390329
1787818511.588913566	s4-eth15	7016560	29960666388
1787818511.588913566	s4-eth16	13373163	41864503271
1787818511.588913566	s4-eth17	12220865	38791482530
1787818511.588913566	s4-eth18	31706183	73522513352
1787818511.588913566	s4-eth19	2456	383878
1787818511.588913566	s4-eth2	182487811281	53027907
1787818511.588913566	s4-eth20	2456	383818
1787818511.588913566	s4-eth21	2456	383818
1787818511.588913566	s4-eth22	2456	383818
1787818511.588913566	s4-eth23	2456	383818
1787818511.588913566	s4-eth24	2456	383878
1787818511.588913566	s4-eth25	2526	383818
1787818511.588913566	s4-eth26	2456	383818
1787818511.588913566	s4-eth27	2526	383818
1787818511.588913566	s4-eth28	2456	383878
1787818511.588913566	s4-eth29	2456	383948
1787818511.588913566	s4-eth3	6259577	14466781614
1787818511.588913566	s4-eth30	2456	383615
1787818511.588913566	s4-eth31	2526	383818
1787818511.588913566	s4-eth32	2456	383818
1787818511.588913566	s4-eth33	2456	383818
1787818511.588913566	s4-eth34	2366	383818
1787818511.588913566	s4-eth4	7854368	19469680710
1787818511.588913566	s4-eth5	4554338	12718207355
1787818511.588913566	s4-eth6	5110848	15223206825
1787818511.588913566	s4-eth7	7476542	21251725886
1787818511.588913566	s4-eth8	7966979	27441304382
1787818511.588913566	s4-eth9	7144227	26417990440
1787818511.588913566	s5-eth1	209500894895	87107934
1787818511.588913566	s5-eth2	318110679232	108247625
1787818511.588913566	s5-eth3	52260877	165270183399
1787818511.588913566	s5-eth4	143181229	362341218196
1787818511.588913566	s6-eth1	151928735055	72384063
1787818511.588913566	s6-eth2	151550400351	40688466
1787818511.588913566	s6-eth3	51066369	114165452863
1787818511.588913566	s6-eth4	61919764	189313682641
1787818511.588913566	s7-eth1	64724271	258943048086
1787818511.588913566	s7-eth2	95994390	287173182074
1787818511.588913566	s7-eth3	160942665753	41930210
1787818511.588913566	s7-eth4	385173478404	118615656
1787818511.588913566	s8-eth1	94681508	102486667471
1787818511.588913566	s8-eth2	53027907	182487811281
1787818511.588913566	s8-eth3	118492970509	61310764
1787818511.588913566	s8-eth4	166481422313	86398721
1787818511.588913566	s9-eth1	165270183399	52260877
1787818511.588913566	s9-eth2	114165452863	51066369
1787818511.588913566	s9-eth3	41930210	160942665753
1787818511.588913566	s9-eth4	61310764	118492970509
1787818514.414855879	s10-eth1	376182536633	149882246
1787818514.414855879	s10-eth2	201506632931	67337011
1787818514.414855879	s10-eth3	125397261	399772446229
1787818514.414855879	s10-eth4	92508564	182533223987
1787818514.414855879	s1-eth1	93038200	228878988484
1787818514.414855879	s1-eth10	20968098289	8826137
1787818514.414855879	s1-eth11	18293290305	13804454
1787818514.414855879	s1-eth12	26431651190	12157068
1787818514.414855879	s1-eth13	24341574202	10219629
1787818514.414855879	s1-eth14	23953313397	12070328
1787818514.414855879	s1-eth15	17557869016	10172960
1787818514.414855879	s1-eth16	22449002484	9358490
1787818514.414855879	s1-eth17	14295640560	7781300
1787818514.414855879	s1-eth18	26545040947	11843041
1787818514.414855879	s1-eth19	2456	384068
1787818514.414855879	s1-eth2	83449563	170957213467
1787818514.414855879	s1-eth20	2456	383998
1787818514.414855879	s1-eth21	2456	384068
1787818514.414855879	s1-eth22	2456	383998
1787818514.414855879	s1-eth23	2456	383998
1787818514.414855879	s1-eth24	2456	383998
1787818514.414855879	s1-eth25	2456	384058
1787818514.414855879	s1-eth26	2456	384128
1787818514.414855879	s1-eth27	2456	384058
1787818514.414855879	s1-eth28	2456	384058
1787818514.414855879	s1-eth29	2456	384058
1787818514.414855879	s1-eth3	27390839054	11708278
1787818514.414855879	s1-eth30	2456	384058
1787818514.414855879	s1-eth31	2456	384058
1787818514.414855879	s1-eth32	2456	384058
1787818514.414855879	s1-eth33	2456	384128
1787818514.414855879	s1-eth34	2456	384058
1787818514.414855879	s1-eth4	45568117941	19839081
1787818514.414855879	s1-eth5	34440241814	15874159
1787818514.414855879	s1-eth6	30068495420	11628521
1787818514.414855879	s1-eth7	22514947388	9737198
1787818514.414855879	s1-eth8	31636232360	12279246
1787818514.414855879	s1-eth9	28927760585	11510770
1787818514.414855879	s2-eth1	127133972	357563305596
1787818514.414855879	s2-eth10	32567157342	9928452
1787818514.414855879	s2-eth11	37570641457	12253536
1787818514.414855879	s2-eth12	29520057574	6466233
1787818514.414855879	s2-eth13	29921515982	7561478
1787818514.414855879	s2-eth14	39478390454	11550732
1787818514.414855879	s2-eth15	35879821543	9710916
1787818514.414855879	s2-eth16	44696401566	15037711
1787818514.414855879	s2-eth17	45084903713	14815185
1787818514.414855879	s2-eth18	80169892253	35422353
1787818514.414855879	s2-eth19	2456	384188
1787818514.414855879	s2-eth2	51645863	183714498963
1787818514.414855879	s2-eth20	2456	384118
1787818514.414855879	s2-eth21	2456	384188
1787818514.414855879	s2-eth22	2456	384118
1787818514.414855879	s2-eth23	2456	383899
1787818514.414855879	s2-eth24	2456	384188
1787818514.414855879	s2-eth25	2456	384223
1787818514.414855879	s2-eth26	2456	384188
1787818514.414855879	s2-eth27	2526	384118
1787818514.414855879	s2-eth28	2456	384178
1787818514.414855879	s2-eth29	2456	384178
1787818514.414855879	s2-eth3	20970819631	9147904
1787818514.414855879	s2-eth30	2456	384178
1787818514.414855879	s2-eth31	2456	384178
1787818514.414855879	s2-eth32	2456	384248
1787818514.414855879	s2-eth33	2456	384178
1787818514.414855879	s2-eth34	2456	384178
1787818514.414855879	s2-eth4	27412837981	12310986
1787818514.414855879	s2-eth5	17539106356	7466934
1787818514.414855879	s2-eth6	20142859056	7042192
1787818514.414855879	s2-eth7	26918675853	10091950
1787818514.414855879	s2-eth8	35003118781	11599295
1787818514.414855879	s2-eth9	34212666879	10851750
1787818514.414855879	s3-eth1	335150459191	80405819
1787818514.414855879	s3-eth10	11764785	28522656571
1787818514.414855879	s3-eth11	15001332	21936980229
1787818514.414855879	s3-eth12	13585902	33140481126
1787818514.414855879	s3-eth13	11142223	27703974534
1787818514.414855879	s3-eth14	12625228	27060222225
1787818514.414855879	s3-eth15	11555154	22281669462
1787818514.414855879	s3-eth16	10236640	25830472064
1787818514.414855879	s3-eth17	8288712	17633458126
1787818514.414855879	s3-eth18	13274337	32019551387
1787818514.414855879	s3-eth19	2456	384178
1787818514.414855879	s3-eth2	145579336470	128580756
1787818514.414855879	s3-eth20	2456	384178
1787818514.414855879	s3-eth21	2456	384178
1787818514.414855879	s3-eth22	2456	384178
1787818514.414855879	s3-eth23	2526	384238
1787818514.414855879	s3-eth24	2456	384178
1787818514.414855879	s3-eth25	2456	384248
1787818514.414855879	s3-eth26	2456	384178
1787818514.414855879	s3-eth27	2456	384178
1787818514.414855879	s3-eth28	2456	384178
1787818514.414855879	s3-eth29	2456	384248
1787818514.414855879	s3-eth3	12687408	33615132170
1787818514.414855879	s3-eth30	2456	384238
1787818514.414855879	s3-eth31	2456	384238
1787818514.414855879	s3-eth32	2456	384238
1787818514.414855879	s3-eth33	2526	384238
1787818514.414855879	s3-eth34	2456	384035
1787818514.414855879	s3-eth4	20439390	49770219073
1787818514.414855879	s3-eth5	18667761	42419824594
1787818514.414855879	s3-eth6	12580227	34087483810
1787818514.414855879	s3-eth7	12818928	30838684156
1787818514.414855879	s3-eth8	13187950	37051694380
1787818514.414855879	s3-eth9	13069028	34334652549
1787818514.414855879	s4-eth1	372092982735	129161963
1787818514.414855879	s4-eth10	10947758	36494509150
1787818514.414855879	s4-eth11	14287186	44489231613
1787818514.414855879	s4-eth12	7901903	35518313560
1787818514.414855879	s4-eth13	9232368	35044426810
1787818514.414855879	s4-eth14	12690630	44284133316
1787818514.414855879	s4-eth15	10918816	41298717485
1787818514.414855879	s4-eth16	16411289	50715410504
1787818514.414855879	s4-eth17	15666955	50113992801
1787818514.414855879	s4-eth18	35989021	83671488993
1787818514.414855879	s4-eth19	2456	384238
1787818514.414855879	s4-eth2	257064721380	79265876
1787818514.414855879	s4-eth20	2456	384238
1787818514.414855879	s4-eth21	2456	384238
1787818514.414855879	s4-eth22	2456	384238
1787818514.414855879	s4-eth23	2456	384238
1787818514.414855879	s4-eth24	2456	384238
1787818514.414855879	s4-eth25	2526	384238
1787818514.414855879	s4-eth26	2456	384238
1787818514.414855879	s4-eth27	2526	384238
1787818514.414855879	s4-eth28	2456	384238
1787818514.414855879	s4-eth29	2456	384308
1787818514.414855879	s4-eth3	11175766	27391628795
1787818514.414855879	s4-eth30	2456	384035
1787818514.414855879	s4-eth31	2526	384238
1787818514.414855879	s4-eth32	2456	384238
1787818514.414855879	s4-eth33	2456	384238
1787818514.414855879	s4-eth34	2366	384238
1787818514.414855879	s4-eth4	13480426	32330383329
1787818514.414855879	s4-eth5	9011920	23654139148
1787818514.414855879	s4-eth6	7577120	24188105404
1787818514.414855879	s4-eth7	10980106	31711518427
1787818514.414855879	s4-eth8	12445833	39910488287
1787818514.414855879	s4-eth9	11178580	37222357279
1787818514.414855879	s5-eth1	328961328573	122651694
1787818514.414855879	s5-eth2	433326840108	151145390
1787818514.414855879	s5-eth3	79591427	237444975690
1787818514.414855879	s5-eth4	195154662	534380621239
1787818514.414855879	s6-eth1	225035622927	109429155
1787818514.414855879	s6-eth2	223189701829	65382143
1787818514.414855879	s6-eth3	80747403	162865800019
1787818514.414855879	s6-eth4	94122171	286678935341
1787818514.414855879	s7-eth1	93600583	393573639033
1787818514.414855879	s7-eth2	133657661	391711110311
1787818514.414855879	s7-eth3	242626109704	64972540
1787818514.414855879	s7-eth4	545398733941	163470595
1787818514.414855879	s8-eth1	142189306	175325449230
1787818514.414855879	s8-eth2	85338904	275258730866
1787818514.414855879	s8-eth3	164096596005	97323730
1787818514.414855879	s8-eth4	288483741435	132350972
1787818514.414855879	s9-eth1	247719750352	82098115
1787818514.414855879	s9-eth2	167288571979	82163809
1787818514.414855879	s9-eth3	66562992	250430568722
1787818514.414855879	s9-eth4	98222956	168268390441
1787818539.086799577	s10-eth1	572370825621	209587758
1787818539.086799577	s10-eth2	311237903581	99719565
1787818539.086799577	s10-eth3	170427355	580605776709
1787818539.086799577	s10-eth4	139908594	305697213143
1787818539.086799577	s1-eth1	134477462	367611619289
1787818539.086799577	s1-eth10	35910482163	13999481
1787818539.086799577	s1-eth11	30563145837	18076304
1787818539.086799577	s1-eth12	40003034210	16233050
1787818539.086799577	s1-eth13	37190677978	14788803
1787818539.086799577	s1-eth14	34142283035	15346362
1787818539.086799577	s1-eth15	32106795288	15799296
1787818539.086799577	s1-eth16	33091760538	12977794
1787818539.086799577	s1-eth17	24563278206	10751804
1787818539.086799577	s1-eth18	40760680557	16484135
1787818539.086799577	s1-eth19	2456	384488
1787818539.086799577	s1-eth2	118042597	255994574307
1787818539.086799577	s1-eth20	2456	384418
1787818539.086799577	s1-eth21	2456	384488
1787818539.086799577	s1-eth22	2456	384418
1787818539.086799577	s1-eth23	2456	384418
1787818539.086799577	s1-eth24	2456	384418
1787818539.086799577	s1-eth25	2456	384478
1787818539.086799577	s1-eth26	2456	384548
1787818539.086799577	s1-eth27	2456	384478
1787818539.086799577	s1-eth28	2456	384478
1787818539.086799577	s1-eth29	2456	384478
1787818539.086799577	s1-eth3	42079068703	15427778
1787818539.086799577	s1-eth30	2456	384478
1787818539.086799577	s1-eth31	2456	384478
1787818539.086799577	s1-eth32	2456	384478
1787818539.086799577	s1-eth33	2456	384548
1787818539.086799577	s1-eth34	2456	384478
1787818539.086799577	s1-eth4	54164854124	22081171
1787818539.086799577	s1-eth5	51618570802	21737536
1787818539.086799577	s1-eth6	41627614606	15361884
1787818539.086799577	s1-eth7	41859415702	16571293
1787818539.086799577	s1-eth8	45976458889	17100051
1787818539.086799577	s1-eth9	42538447935	15919486
1787818539.086799577	s2-eth1	170112116	495114912030
1787818539.086799577	s2-eth10	43377088176	13300430
1787818539.086799577	s2-eth11	48004589754	15644903
1787818539.086799577	s2-eth12	43069930865	10667900
1787818539.086799577	s2-eth13	46148262392	13080897
1787818539.086799577	s2-eth14	56154841375	17354402
1787818539.086799577	s2-eth15	48275162400	13285572
1787818539.086799577	s2-eth16	62070252240	20036725
1787818539.086799577	s2-eth17	56809723467	18404090
1787818539.086799577	s2-eth18	88376544196	37550264
1787818539.086799577	s2-eth19	2456	384548
1787818539.086799577	s2-eth2	75071733	255395910861
1787818539.086799577	s2-eth20	2456	384478
1787818539.086799577	s2-eth21	2456	384548
1787818539.086799577	s2-eth22	2456	384478
1787818539.086799577	s2-eth23	2456	384259
1787818539.086799577	s2-eth24	2456	384548
1787818539.086799577	s2-eth25	2456	384583
1787818539.086799577	s2-eth26	2456	384548
1787818539.086799577	s2-eth27	2526	384478
1787818539.086799577	s2-eth28	2456	384478
1787818539.086799577	s2-eth29	2456	384478
1787818539.086799577	s2-eth3	33440240891	12991674
1787818539.086799577	s2-eth30	2456	384478
1787818539.086799577	s2-eth31	2456	384478
1787818539.086799577	s2-eth32	2456	384548
1787818539.086799577	s2-eth33	2456	384478
1787818539.086799577	s2-eth34	2456	384478
1787818539.086799577	s2-eth4	41612306345	17232109
1787818539.086799577	s2-eth5	28746229603	10803701
1787818539.086799577	s2-eth6	33397184723	10727758
1787818539.086799577	s2-eth7	42787713149	15154336
1787818539.086799577	s2-eth8	43378247389	13657247
1787818539.086799577	s2-eth9	41084857073	12492277
1787818539.086799577	s3-eth1	453989974610	100475190
1787818539.086799577	s3-eth10	14305221	38041814977
1787818539.086799577	s3-eth11	20710144	37540132393
1787818539.086799577	s3-eth12	16337577	43459656204
1787818539.086799577	s3-eth13	14715759	39332443736
1787818539.086799577	s3-eth14	15870969	36964505097
1787818539.086799577	s3-eth15	15599127	32750589680
1787818539.086799577	s3-eth16	12785839	34786818028
1787818539.086799577	s3-eth17	13641640	33824644164
1787818539.086799577	s3-eth18	16307937	41509172893
1787818539.086799577	s3-eth19	2456	384538
1787818539.086799577	s3-eth2	202527945504	162459257
1787818539.086799577	s3-eth20	2456	384538
1787818539.086799577	s3-eth21	2456	384538
1787818539.086799577	s3-eth22	2456	384538
1787818539.086799577	s3-eth23	2526	384538
1787818539.086799577	s3-eth24	2456	384538
1787818539.086799577	s3-eth25	2456	384608
1787818539.086799577	s3-eth26	2456	384538
1787818539.086799577	s3-eth27	2456	384538
1787818539.086799577	s3-eth28	2456	384538
1787818539.086799577	s3-eth29	2456	384608
1787818539.086799577	s3-eth3	15045630	42079450589
1787818539.086799577	s3-eth30	2456	384538
1787818539.086799577	s3-eth31	2456	384538
1787818539.086799577	s3-eth32	2456	384538
1787818539.086799577	s3-eth33	2526	384538
1787818539.086799577	s3-eth34	2456	384335
1787818539.086799577	s3-eth4	21698848	54165236010
1787818539.086799577	s3-eth5	21355514	51618952884
1787818539.086799577	s3-eth6	14979862	41627996688
1787818539.086799577	s3-eth7	16189271	41859797784
1787818539.086799577	s3-eth8	16718029	45976840971
1787818539.086799577	s3-eth9	15537464	42538830017
1787818539.086799577	s4-eth1	456997501720	149236759
1787818539.086799577	s4-eth10	12918408	43377470268
1787818539.086799577	s4-eth11	15262881	48004971776
1787818539.086799577	s4-eth12	10285878	43070312817
1787818539.086799577	s4-eth13	12698875	46148644414
1787818539.086799577	s4-eth14	16972380	56155223397
1787818539.086799577	s4-eth15	12903550	48275544442
1787818539.086799577	s4-eth16	23148041	70783617742
1787818539.086799577	s4-eth17	18022068	56810105489
1787818539.086799577	s4-eth18	37168242	88376926218
1787818539.086799577	s4-eth19	2456	384538
1787818539.086799577	s4-eth2	309037611631	101567996
1787818539.086799577	s4-eth20	2456	384478
1787818539.086799577	s4-eth21	2456	384478
1787818539.086799577	s4-eth22	2456	384478
1787818539.086799577	s4-eth23	2456	384478
1787818539.086799577	s4-eth24	2456	384538
1787818539.086799577	s4-eth25	2526	384478
1787818539.086799577	s4-eth26	2456	384478
1787818539.086799577	s4-eth27	2526	384478
1787818539.086799577	s4-eth28	2456	384538
1787818539.086799577	s4-eth29	2456	384608
1787818539.086799577	s4-eth3	12609652	33440622913
1787818539.086799577	s4-eth30	2456	384275
1787818539.086799577	s4-eth31	2526	384478
1787818539.086799577	s4-eth32	2456	384478
1787818539.086799577	s4-eth33	2456	384478
1787818539.086799577	s4-eth34	2366	384478
1787818539.086799577	s4-eth4	16850087	41612688367
1787818539.086799577	s4-eth5	10421679	28746611625
1787818539.086799577	s4-eth6	10345736	33397566745
1787818539.086799577	s4-eth7	14996752	43376322374
1787818539.086799577	s4-eth8	13275225	43378629481
1787818539.086799577	s4-eth9	12110255	41085239095
1787818539.086799577	s5-eth1	399723261338	144205771
1787818539.086799577	s5-eth2	510639288658	173929940
1787818539.086799577	s5-eth3	91487124	291174176985
1787818539.086799577	s5-eth4	226817964	619311059619
1787818539.086799577	s6-eth1	262727496851	120830894
1787818539.086799577	s6-eth2	255395910921	76788669
1787818539.086799577	s6-eth3	91449204	185769647277
1787818539.086799577	s6-eth4	106083963	332353760593
1787818539.086799577	s7-eth1	100475190	460397462820
1787818539.086799577	s7-eth2	149236819	456997501720
1787818539.086799577	s7-eth3	292853443820	72948106
1787818539.086799577	s7-eth4	624637514707	176591108
1787818539.086799577	s8-eth1	164843879	202527945504
1787818539.086799577	s8-eth2	101567996	309037611631
1787818539.086799577	s8-eth3	184538165820	109901950
1787818539.086799577	s8-eth4	327027305385	156635725
1787818539.086799577	s9-eth1	291965535111	91487124
1787818539.086799577	s9-eth2	185769647277	91449204
1787818539.086799577	s9-eth3	72948106	293299074912
1787818539.086799577	s9-eth4	109901950	184538165820
1787818547.504820297	s10-eth1	619311059679	232044806
1787818547.504820297	s10-eth2	332353760653	106084023
1787818547.504820297	s10-eth3	176591168	624637514767
1787818547.504820297	s10-eth4	161451045	327027305445
1787818547.504820297	s1-eth1	149515443	409545699698
1787818547.504820297	s1-eth10	38041433025	14687363
1787818547.504820297	s1-eth11	37539750371	21092286
1787818547.504820297	s1-eth12	43459274182	16719719
1787818547.504820297	s1-eth13	39332061714	15097901
1787818547.504820297	s1-eth14	36964123085	16253111
1787818547.504820297	s1-eth15	32750207598	15981269
1787818547.504820297	s1-eth16	34786435946	13167981
1787818547.504820297	s1-eth17	48025874362	21669914
1787818547.504820297	s1-eth18	41508790881	16690079
1787818547.504820297	s1-eth19	2456	384668
1787818547.504820297	s1-eth2	120830954	262727496911
1787818547.504820297	s1-eth20	2456	384598
1787818547.504820297	s1-eth21	2456	384668
1787818547.504820297	s1-eth22	2456	384598
1787818547.504820297	s1-eth23	2456	384598
1787818547.504820297	s1-eth24	2456	384598
1787818547.504820297	s1-eth25	2456	384598
1787818547.504820297	s1-eth26	2456	384668
1787818547.504820297	s1-eth27	2456	384598
1787818547.504820297	s1-eth28	2456	384598
1787818547.504820297	s1-eth29	2456	384598
1787818547.504820297	s1-eth3	42079068703	15427898
1787818547.504820297	s1-eth30	2456	384598
1787818547.504820297	s1-eth31	2456	384598
1787818547.504820297	s1-eth32	2456	384598
1787818547.504820297	s1-eth33	2456	384668
1787818547.504820297	s1-eth34	2456	384598
1787818547.504820297	s1-eth4	54164854124	22081291
1787818547.504820297	s1-eth5	51618570802	21737656
1787818547.504820297	s1-eth6	41627614606	15362004
1787818547.504820297	s1-eth7	41859415702	16571413
1787818547.504820297	s1-eth8	45976458889	17100171
1787818547.504820297	s1-eth9	42538447935	15919606
1787818547.504820297	s2-eth1	173930000	510639288718
1787818547.504820297	s2-eth10	43377088176	13300550
1787818547.504820297	s2-eth11	48004589754	15645023
1787818547.504820297	s2-eth12	43069930865	10668020
1787818547.504820297	s2-eth13	46148262392	13081017
1787818547.504820297	s2-eth14	56154841375	17354522
1787818547.504820297	s2-eth15	48275162400	13285692
1787818547.504820297	s2-eth16	70783235720	23530183
1787818547.504820297	s2-eth17	56809723467	18404210
1787818547.504820297	s2-eth18	88376544196	37550384
1787818547.504820297	s2-eth19	2456	384668
1787818547.504820297	s2-eth2	76788729	255395910981
1787818547.504820297	s2-eth20	2456	384598
1787818547.504820297	s2-eth21	2456	384668
1787818547.504820297	s2-eth22	2456	384598
1787818547.504820297	s2-eth23	2456	384379
1787818547.504820297	s2-eth24	2456	384668
1787818547.504820297	s2-eth25	2456	384703
1787818547.504820297	s2-eth26	2456	384668
1787818547.504820297	s2-eth27	2526	384598
1787818547.504820297	s2-eth28	2456	384598
1787818547.504820297	s2-eth29	2456	384598
1787818547.504820297	s2-eth3	33440240891	12991794
1787818547.504820297	s2-eth30	2456	384598
1787818547.504820297	s2-eth31	2456	384598
1787818547.504820297	s2-eth32	2456	384668
1787818547.504820297	s2-eth33	2456	384598
1787818547.504820297	s2-eth34	2456	384598
1787818547.504820297	s2-eth4	41612306345	17232229
1787818547.504820297	s2-eth5	28746229603	10803821
1787818547.504820297	s2-eth6	33397184723	10727878
1787818547.504820297	s2-eth7	43375940282	15378964
1787818547.504820297	s2-eth8	43378247389	13657367
1787818547.504820297	s2-eth9	41084857073	12492397
1787818547.504820297	s3-eth1	469745336652	100475250
1787818547.504820297	s3-eth10	14305221	38041815097
1787818547.504820297	s3-eth11	20710144	37540132513
1787818547.504820297	s3-eth12	16337577	43459656324
1787818547.504820297	s3-eth13	14715759	39332443856
1787818547.504820297	s3-eth14	15870969	36964505157
1787818547.504820297	s3-eth15	15599127	32750589740
1787818547.504820297	s3-eth16	12785839	34786818088
1787818547.504820297	s3-eth17	21287772	48026256504
1787818547.504820297	s3-eth18	16307937	41509172953
1787818547.504820297	s3-eth19	2456	384598
1787818547.504820297	s3-eth2	202527945564	169784929
1787818547.504820297	s3-eth20	2456	384598
1787818547.504820297	s3-eth21	2456	384598
1787818547.504820297	s3-eth22	2456	384598
1787818547.504820297	s3-eth23	2526	384598
1787818547.504820297	s3-eth24	2456	384598
1787818547.504820297	s3-eth25	2456	384668
1787818547.504820297	s3-eth26	2456	384598
1787818547.504820297	s3-eth27	2456	384598
1787818547.504820297	s3-eth28	2456	384598
1787818547.504820297	s3-eth29	2456	384668
1787818547.504820297	s3-eth3	15045630	42079450649
1787818547.504820297	s3-eth30	2456	384598
1787818547.504820297	s3-eth31	2456	384598
1787818547.504820297	s3-eth32	2456	384598
1787818547.504820297	s3-eth33	2526	384598
1787818547.504820297	s3-eth34	2456	384395
1787818547.504820297	s3-eth4	21698848	54165236070
1787818547.504820297	s3-eth5	21355514	51618952944
1787818547.504820297	s3-eth6	14979862	41627996748
1787818547.504820297	s3-eth7	16189271	41859797844
1787818547.504820297	s3-eth8	16718029	45976841031
1787818547.504820297	s3-eth9	15537464	42538830077
1787818547.504820297	s4-eth1	456997501840	149236879
1787818547.504820297	s4-eth10	12918408	43377470388
1787818547.504820297	s4-eth11	15262881	48004971896
1787818547.504820297	s4-eth12	10285878	43070312937
1787818547.504820297	s4-eth13	12698875	46148644474
1787818547.504820297	s4-eth14	16972380	56155223517
1787818547.504820297	s4-eth15	12903550	48275544562
1787818547.504820297	s4-eth16	23148041	70783617862
1787818547.504820297	s4-eth17	18022068	56810105609
1787818547.504820297	s4-eth18	37168242	88376926338
1787818547.504820297	s4-eth19	2456	384598
1787818547.504820297	s4-eth2	309037611691	101568116
1787818547.504820297	s4-eth20	2456	384598
1787818547.504820297	s4-eth21	2456	384598
1787818547.504820297	s4-eth22	2456	384598
1787818547.504820297	s4-eth23	2456	384598
1787818547.504820297	s4-eth24	2456	384598
1787818547.504820297	s4-eth25	2526	384598
1787818547.504820297	s4-eth26	2456	384598
1787818547.504820297	s4-eth27	2526	384598
1787818547.504820297	s4-eth28	2456	384598
1787818547.504820297	s4-eth29	2456	384668
1787818547.504820297	s4-eth3	12609652	33440623033
1787818547.504820297	s4-eth30	2456	384395
1787818547.504820297	s4-eth31	2526	384598
1787818547.504820297	s4-eth32	2456	384598
1787818547.504820297	s4-eth33	2456	384598
1787818547.504820297	s4-eth34	2366	384598
1787818547.504820297	s4-eth4	16850087	41612688487
1787818547.504820297	s4-eth5	10421679	28746611745
1787818547.504820297	s4-eth6	10345736	33397566865
1787818547.504820297	s4-eth7	14996752	43376322494
1787818547.504820297	s4-eth8	13275225	43378629601
1787818547.504820297	s4-eth9	12110255	41085239215
1787818547.504820297	s5-eth1	409545699698	149515443
1787818547.504820297	s5-eth2	510639288778	173930000
1787818547.504820297	s5-eth3	91487244	300873756205
1787818547.504820297	s5-eth4	232044866	619311059679
1787818547.504820297	s6-eth1	262727496911	120831014
1787818547.504820297	s6-eth2	255395910981	76788729
1787818547.504820297	s6-eth3	91449264	185769647337
1787818547.504820297	s6-eth4	106084083	332353760653
1787818547.504820297	s7-eth1	100475250	469745336712
1787818547.504820297	s7-eth2	149236879	456997501840
1787818547.504820297	s7-eth3	302105237662	72948226
1787818547.504820297	s7-eth4	624637514827	176591168
1787818547.504820297	s8-eth1	169784929	202527945624
1787818547.504820297	s8-eth2	101568116	309037611691
1787818547.504820297	s8-eth3	184538165880	109902070
1787818547.504820297	s8-eth4	327027305505	161451045
1787818547.504820297	s9-eth1	300873756205	91487244
1787818547.504820297	s9-eth2	185769647337	91449264
1787818547.504820297	s9-eth3	72948226	302105237662
1787818547.504820297	s9-eth4	109902070	184538165880
1787818549.814745182	s10-eth1	619311059739	232044926
1787818549.814745182	s10-eth2	332353760713	106084143
1787818549.814745182	s10-eth3	176591288	624637514887
1787818549.814745182	s10-eth4	161451165	327027305565
1787818549.814745182	s1-eth1	149515503	409545699818
1787818549.814745182	s1-eth10	38041433025	14687423
1787818549.814745182	s1-eth11	37539750371	21092406
1787818549.814745182	s1-eth12	43459274182	16719839
1787818549.814745182	s1-eth13	39332061714	15098021
1787818549.814745182	s1-eth14	36964123085	16253231
1787818549.814745182	s1-eth15	32750207598	15981389
1787818549.814745182	s1-eth16	34786435946	13168101
1787818549.814745182	s1-eth17	48025874362	21670034
1787818549.814745182	s1-eth18	41508790881	16690199
1787818549.814745182	s1-eth19	2456	384788
1787818549.814745182	s1-eth2	120831074	262727497031
1787818549.814745182	s1-eth20	2456	384718
1787818549.814745182	s1-eth21	2456	384788
1787818549.814745182	s1-eth22	2456	384718
1787818549.814745182	s1-eth23	2456	384718
1787818549.814745182	s1-eth24	2456	384718
1787818549.814745182	s1-eth25	2456	384718
1787818549.814745182	s1-eth26	2456	384788
1787818549.814745182	s1-eth27	2456	384718
1787818549.814745182	s1-eth28	2456	384718
1787818549.814745182	s1-eth29	2456	384718
1787818549.814745182	s1-eth3	42079068703	15428018
1787818549.814745182	s1-eth30	2456	384718
1787818549.814745182	s1-eth31	2456	384718
1787818549.814745182	s1-eth32	2456	384718
1787818549.814745182	s1-eth33	2456	384788
1787818549.814745182	s1-eth34	2456	384718
1787818549.814745182	s1-eth4	54164854124	22081411
1787818549.814745182	s1-eth5	51618570802	21737776
1787818549.814745182	s1-eth6	41627614606	15362124
1787818549.814745182	s1-eth7	41859415702	16571533
1787818549.814745182	s1-eth8	45976458889	17100291
1787818549.814745182	s1-eth9	42538447935	15919726
1787818549.814745182	s2-eth1	173930060	510639288838
1787818549.814745182	s2-eth10	43377088176	13300610
1787818549.814745182	s2-eth11	48004589754	15645083
1787818549.814745182	s2-eth12	43069930865	10668080
1787818549.814745182	s2-eth13	46148262392	13081077
1787818549.814745182	s2-eth14	56154841375	17354582
1787818549.814745182	s2-eth15	48275162400	13285752
1787818549.814745182	s2-eth16	70783235720	23530243
1787818549.814745182	s2-eth17	56809723467	18404270
1787818549.814745182	s2-eth18	88376544196	37550444
1787818549.814745182	s2-eth19	2456	384728
1787818549.814745182	s2-eth2	76788849	255395911041
1787818549.814745182	s2-eth20	2456	384658
1787818549.814745182	s2-eth21	2456	384728
1787818549.814745182	s2-eth22	2456	384658
1787818549.814745182	s2-eth23	2456	384439
1787818549.814745182	s2-eth24	2456	384728
1787818549.814745182	s2-eth25	2456	384763
1787818549.814745182	s2-eth26	2456	384728
1787818549.814745182	s2-eth27	2526	384658
1787818549.814745182	s2-eth28	2456	384658
1787818549.814745182	s2-eth29	2456	384658
1787818549.814745182	s2-eth3	33440240891	12991854
1787818549.814745182	s2-eth30	2456	384658
1787818549.814745182	s2-eth31	2456	384658
1787818549.814745182	s2-eth32	2456	384728
1787818549.814745182	s2-eth33	2456	384658
1787818549.814745182	s2-eth34	2456	384658
1787818549.814745182	s2-eth4	41612306345	17232289
1787818549.814745182	s2-eth5	28746229603	10803881
1787818549.814745182	s2-eth6	33397184723	10727938
1787818549.814745182	s2-eth7	43375940282	15379024
1787818549.814745182	s2-eth8	43378247389	13657427
1787818549.814745182	s2-eth9	41084857073	12492457
1787818549.814745182	s3-eth1	469745336772	100475310
1787818549.814745182	s3-eth10	14305221	38041815157
1787818549.814745182	s3-eth11	20710144	37540132573
1787818549.814745182	s3-eth12	16337577	43459656384
1787818549.814745182	s3-eth13	14715759	39332443916
1787818549.814745182	s3-eth14	15870969	36964505217
1787818549.814745182	s3-eth15	15599127	32750589800
1787818549.814745182	s3-eth16	12785839	34786818148
1787818549.814745182	s3-eth17	21287772	48026256624
1787818549.814745182	s3-eth18	16307937	41509173013
1787818549.814745182	s3-eth19	2456	384718
1787818549.814745182	s3-eth2	202527945684	169784989
1787818549.814745182	s3-eth20	2456	384658
1787818549.814745182	s3-eth21	2456	384658
1787818549.814745182	s3-eth22	2456	384658
1787818549.814745182	s3-eth23	2526	384718
1787818549.814745182	s3-eth24	2456	384658
1787818549.814745182	s3-eth25	2456	384728
1787818549.814745182	s3-eth26	2456	384658
1787818549.814745182	s3-eth27	2456	384658
1787818549.814745182	s3-eth28	2456	384658
1787818549.814745182	s3-eth29	2456	384728
1787818549.814745182	s3-eth3	15045630	42079450769
1787818549.814745182	s3-eth30	2456	384718
1787818549.814745182	s3-eth31	2456	384658
1787818549.814745182	s3-eth32	2456	384658
1787818549.814745182	s3-eth33	2526	384658
1787818549.814745182	s3-eth34	2456	384455
1787818549.814745182	s3-eth4	21698848	54165236190
1787818549.814745182	s3-eth5	21355514	51618953004
1787818549.814745182	s3-eth6	14979862	41627996808
1787818549.814745182	s3-eth7	16189271	41859797964
1787818549.814745182	s3-eth8	16718029	45976841091
1787818549.814745182	s3-eth9	15537464	42538830197
1787818549.814745182	s4-eth1	456997501900	149236939
1787818549.814745182	s4-eth10	12918408	43377470448
1787818549.814745182	s4-eth11	15262881	48004971956
1787818549.814745182	s4-eth12	10285878	43070312997
1787818549.814745182	s4-eth13	12698875	46148644594
1787818549.814745182	s4-eth14	16972380	56155223577
1787818549.814745182	s4-eth15	12903550	48275544622
1787818549.814745182	s4-eth16	23148041	70783617922
1787818549.814745182	s4-eth17	18022068	56810105669
1787818549.814745182	s4-eth18	37168242	88376926398
1787818549.814745182	s4-eth19	2456	384718
1787818549.814745182	s4-eth2	309037611811	101568176
1787818549.814745182	s4-eth20	2456	384658
1787818549.814745182	s4-eth21	2456	384658
1787818549.814745182	s4-eth22	2456	384658
1787818549.814745182	s4-eth23	2456	384658
1787818549.814745182	s4-eth24	2456	384718
1787818549.814745182	s4-eth25	2526	384658
1787818549.814745182	s4-eth26	2456	384658
1787818549.814745182	s4-eth27	2526	384658
1787818549.814745182	s4-eth28	2456	384658
1787818549.814745182	s4-eth29	2456	384728
1787818549.814745182	s4-eth3	12609652	33440623093
1787818549.814745182	s4-eth30	2456	384455
1787818549.814745182	s4-eth31	2526	384658
1787818549.814745182	s4-eth32	2456	384658
1787818549.814745182	s4-eth33	2456	384658
1787818549.814745182	s4-eth34	2366	384658
1787818549.814745182	s4-eth4	16850087	41612688547
1787818549.814745182	s4-eth5	10421679	28746611805
1787818549.814745182	s4-eth6	10345736	33397566925
1787818549.814745182	s4-eth7	14996752	43376322554
1787818549.814745182	s4-eth8	13275225	43378629661
1787818549.814745182	s4-eth9	12110255	41085239275
1787818549.814745182	s5-eth1	409545699818	149515563
1787818549.814745182	s5-eth2	510639288838	173930060
1787818549.814745182	s5-eth3	91487304	300873756265
1787818549.814745182	s5-eth4	232044926	619311059739
1787818549.814745182	s6-eth1	262727497031	120831074
1787818549.814745182	s6-eth2	255395911041	76788849
1787818549.814745182	s6-eth3	91449324	185769647457
1787818549.814745182	s6-eth4	106084143	332353760773
1787818549.814745182	s7-eth1	100475370	469745336772
1787818549.814745182	s7-eth2	149236939	456997501900
1787818549.814745182	s7-eth3	302105237722	72948286
1787818549.814745182	s7-eth4	624637514887	176591288
1787818549.814745182	s8-eth1	169785049	202527945684
1787818549.814745182	s8-eth2	101568176	309037611811
1787818549.814745182	s8-eth3	184538165940	109902130
1787818549.814745182	s8-eth4	327027305565	161451165
1787818549.814745182	s9-eth1	300873756265	91487304
1787818549.814745182	s9-eth2	185769647457	91449324
1787818549.814745182	s9-eth3	72948286	302105237722
1787818549.814745182	s9-eth4	109902130	184538165940
1787818552.124497391	s10-eth1	619311059859	232044986
1787818552.124497391	s10-eth2	332353760833	106084203
1787818552.124497391	s10-eth3	176591348	624637514947
1787818552.124497391	s10-eth4	161451225	327027305625
1787818552.124497391	s1-eth1	149515623	409545699878
1787818552.124497391	s1-eth10	38041433025	14687543
1787818552.124497391	s1-eth11	37539750371	21092466
1787818552.124497391	s1-eth12	43459274182	16719899
1787818552.124497391	s1-eth13	39332061714	15098081
1787818552.124497391	s1-eth14	36964123085	16253291
1787818552.124497391	s1-eth15	32750207598	15981449
1787818552.124497391	s1-eth16	34786435946	13168161
1787818552.124497391	s1-eth17	48025874362	21670094
1787818552.124497391	s1-eth18	41508790881	16690259
1787818552.124497391	s1-eth19	2456	384848
1787818552.124497391	s1-eth2	120831134	262727497091
1787818552.124497391	s1-eth20	2456	384778
1787818552.124497391	s1-eth21	2456	384848
1787818552.124497391	s1-eth22	2456	384778
1787818552.124497391	s1-eth23	2456	384778
1787818552.124497391	s1-eth24	2456	384778
1787818552.124497391	s1-eth25	2456	384778
1787818552.124497391	s1-eth26	2456	384848
1787818552.124497391	s1-eth27	2456	384778
1787818552.124497391	s1-eth28	2456	384778
1787818552.124497391	s1-eth29	2456	384778
1787818552.124497391	s1-eth3	42079068703	15428078
1787818552.124497391	s1-eth30	2456	384778
1787818552.124497391	s1-eth31	2456	384778
1787818552.124497391	s1-eth32	2456	384778
1787818552.124497391	s1-eth33	2456	384848
1787818552.124497391	s1-eth34	2456	384778
1787818552.124497391	s1-eth4	54164854124	22081471
1787818552.124497391	s1-eth5	51618570802	21737836
1787818552.124497391	s1-eth6	41627614606	15362184
1787818552.124497391	s1-eth7	41859415702	16571593
1787818552.124497391	s1-eth8	45976458889	17100351
1787818552.124497391	s1-eth9	42538447935	15919786
1787818552.124497391	s2-eth1	173930180	510639288898
1787818552.124497391	s2-eth10	43377088176	13300670
1787818552.124497391	s2-eth11	48004589754	15645203
1787818552.124497391	s2-eth12	43069930865	10668140
1787818552.124497391	s2-eth13	46148262392	13081137
1787818552.124497391	s2-eth14	56154841375	17354702
1787818552.124497391	s2-eth15	48275162400	13285872
1787818552.124497391	s2-eth16	70783235720	23530363
1787818552.124497391	s2-eth17	56809723467	18404390
1787818552.124497391	s2-eth18	88376544196	37550504
1787818552.124497391	s2-eth19	2456	384848
1787818552.124497391	s2-eth2	76788909	255395911161
1787818552.124497391	s2-eth20	2456	384778
1787818552.124497391	s2-eth21	2456	384848
1787818552.124497391	s2-eth22	2456	384778
1787818552.124497391	s2-eth23	2456	384499
1787818552.124497391	s2-eth24	2456	384788
1787818552.124497391	s2-eth25	2456	384823
1787818552.124497391	s2-eth26	2456	384848
1787818552.124497391	s2-eth27	2526	384718
1787818552.124497391	s2-eth28	2456	384778
1787818552.124497391	s2-eth29	2456	384778
1787818552.124497391	s2-eth3	33440240891	12991974
1787818552.124497391	s2-eth30	2456	384778
1787818552.124497391	s2-eth31	2456	384778
1787818552.124497391	s2-eth32	2456	384848
1787818552.124497391	s2-eth33	2456	384778
1787818552.124497391	s2-eth34	2456	384778
1787818552.124497391	s2-eth4	41612306345	17232409
1787818552.124497391	s2-eth5	28746229603	10804001
1787818552.124497391	s2-eth6	33397184723	10728058
1787818552.124497391	s2-eth7	43375940282	15379144
1787818552.124497391	s2-eth8	43378247389	13657487
1787818552.124497391	s2-eth9	41084857073	12492577
1787818552.124497391	s3-eth1	469745336832	100475430
1787818552.124497391	s3-eth10	14305221	38041815277
1787818552.124497391	s3-eth11	20710144	37540132693
1787818552.124497391	s3-eth12	16337577	43459656504
1787818552.124497391	s3-eth13	14715759	39332444036
1787818552.124497391	s3-eth14	15870969	36964505337
1787818552.124497391	s3-eth15	15599127	32750589920
1787818552.124497391	s3-eth16	12785839	34786818268
1787818552.124497391	s3-eth17	21287772	48026256684
1787818552.124497391	s3-eth18	16307937	41509173133
1787818552.124497391	s3-eth19	2456	384778
1787818552.124497391	s3-eth2	202527945744	169785109
1787818552.124497391	s3-eth20	2456	384778
1787818552.124497391	s3-eth21	2456	384778
1787818552.124497391	s3-eth22	2456	384778
1787818552.124497391	s3-eth23	2526	384778
1787818552.124497391	s3-eth24	2456	384778
1787818552.124497391	s3-eth25	2456	384848
1787818552.124497391	s3-eth26	2456	384778
1787818552.124497391	s3-eth27	2456	384778
1787818552.124497391	s3-eth28	2456	384778
1787818552.124497391	s3-eth29	2456	384848
1787818552.124497391	s3-eth3	15045630	42079450829
1787818552.124497391	s3-eth30	2456	384778
1787818552.124497391	s3-eth31	2456	384778
1787818552.124497391	s3-eth32	2456	384778
1787818552.124497391	s3-eth33	2526	384778
1787818552.124497391	s3-eth34	2456	384575
1787818552.124497391	s3-eth4	21698848	54165236250
1787818552.124497391	s3-eth5	21355514	51618953124
1787818552.124497391	s3-eth6	14979862	41627996928
1787818552.124497391	s3-eth7	16189271	41859798024
1787818552.124497391	s3-eth8	16718029	45976841211
1787818552.124497391	s3-eth9	15537464	42538830257
1787818552.124497391	s4-eth1	456997501960	149236999
1787818552.124497391	s4-eth10	12918408	43377470508
1787818552.124497391	s4-eth11	15262881	48004972016
1787818552.124497391	s4-eth12	10285878	43070313057
1787818552.124497391	s4-eth13	12698875	46148644654
1787818552.124497391	s4-eth14	16972380	56155223637
1787818552.124497391	s4-eth15	12903550	48275544682
1787818552.124497391	s4-eth16	23148041	70783617982
1787818552.124497391	s4-eth17	18022068	56810105729
1787818552.124497391	s4-eth18	37168242	88376926458
1787818552.124497391	s4-eth19	2456	384778
1787818552.124497391	s4-eth2	309037611871	101568236
1787818552.124497391	s4-eth20	2456	384718
1787818552.124497391	s4-eth21	2456	384718
1787818552.124497391	s4-eth22	2456	384718
1787818552.124497391	s4-eth23	2456	384718
1787818552.124497391	s4-eth24	2456	384778
1787818552.124497391	s4-eth25	2526	384718
1787818552.124497391	s4-eth26	2456	384718
1787818552.124497391	s4-eth27	2526	384718
1787818552.124497391	s4-eth28	2456	384778
1787818552.124497391	s4-eth29	2456	384848
1787818552.124497391	s4-eth3	12609652	33440623213
1787818552.124497391	s4-eth30	2456	384515
1787818552.124497391	s4-eth31	2526	384718
1787818552.124497391	s4-eth32	2456	384718
1787818552.124497391	s4-eth33	2456	384718
1787818552.124497391	s4-eth34	2366	384718
1787818552.124497391	s4-eth4	16850087	41612688667
1787818552.124497391	s4-eth5	10421679	28746611865
1787818552.124497391	s4-eth6	10345736	33397566985
1787818552.124497391	s4-eth7	14996752	43376322674
1787818552.124497391	s4-eth8	13275225	43378629721
1787818552.124497391	s4-eth9	12110255	41085239335
1787818552.124497391	s5-eth1	409545699878	149515623
1787818552.124497391	s5-eth2	510639288898	173930180
1787818552.124497391	s5-eth3	91487364	300873756385
1787818552.124497391	s5-eth4	232044986	619311059859
1787818552.124497391	s6-eth1	262727497091	120831134
1787818552.124497391	s6-eth2	255395911161	76788909
1787818552.124497391	s6-eth3	91449444	185769647517
1787818552.124497391	s6-eth4	106084203	332353760833
1787818552.124497391	s7-eth1	100475430	469745336832
1787818552.124497391	s7-eth2	149237059	456997501960
1787818552.124497391	s7-eth3	302105237842	72948346
1787818552.124497391	s7-eth4	624637514947	176591348
1787818552.124497391	s8-eth1	169785109	202527945744
1787818552.124497391	s8-eth2	101568236	309037611871
1787818552.124497391	s8-eth3	184538166060	109902190
1787818552.124497391	s8-eth4	327027305625	161451225
1787818552.124497391	s9-eth1	300873756385	91487364
1787818552.124497391	s9-eth2	185769647517	91449444
1787818552.124497391	s9-eth3	72948346	302105237842
1787818552.124497391	s9-eth4	109902190	184538166060
1787818554.450928865	s10-eth1	619311059919	232045106
1787818554.450928865	s10-eth2	332353760893	106084323
1787818554.450928865	s10-eth3	176591408	624637515067
1787818554.450928865	s10-eth4	161451285	327027305745
1787818554.450928865	s1-eth1	149515683	409545699938
1787818554.450928865	s1-eth10	38041433025	14687603
1787818554.450928865	s1-eth11	37539750371	21092526
1787818554.450928865	s1-eth12	43459274182	16719959
1787818554.450928865	s1-eth13	39332061714	15098141
1787818554.450928865	s1-eth14	36964123085	16253351
1787818554.450928865	s1-eth15	32750207598	15981509
1787818554.450928865	s1-eth16	34786435946	13168221
1787818554.450928865	s1-eth17	48025874362	21670154
1787818554.450928865	s1-eth18	41508790881	16690319
1787818554.450928865	s1-eth19	2456	384908
1787818554.450928865	s1-eth2	120831254	262727497151
1787818554.450928865	s1-eth20	2456	384838
1787818554.450928865	s1-eth21	2456	384908
1787818554.450928865	s1-eth22	2456	384838
1787818554.450928865	s1-eth23	2456	384838
1787818554.450928865	s1-eth24	2456	384838
1787818554.450928865	s1-eth25	2456	384838
1787818554.450928865	s1-eth26	2456	384908
1787818554.450928865	s1-eth27	2456	384838
1787818554.450928865	s1-eth28	2456	384838
1787818554.450928865	s1-eth29	2456	384838
1787818554.450928865	s1-eth3	42079068703	15428138
1787818554.450928865	s1-eth30	2456	384838
1787818554.450928865	s1-eth31	2456	384838
1787818554.450928865	s1-eth32	2456	384838
1787818554.450928865	s1-eth33	2456	384908
1787818554.450928865	s1-eth34	2456	384838
1787818554.450928865	s1-eth4	54164854124	22081531
1787818554.450928865	s1-eth5	51618570802	21737896
1787818554.450928865	s1-eth6	41627614606	15362244
1787818554.450928865	s1-eth7	41859415702	16571653
1787818554.450928865	s1-eth8	45976458889	17100411
1787818554.450928865	s1-eth9	42538447935	15919846
1787818554.450928865	s2-eth1	173930240	510639289018
1787818554.450928865	s2-eth10	43377088176	13300790
1787818554.450928865	s2-eth11	48004589754	15645263
1787818554.450928865	s2-eth12	43069930865	10668260
1787818554.450928865	s2-eth13	46148262392	13081257
1787818554.450928865	s2-eth14	56154841375	17354762
1787818554.450928865	s2-eth15	48275162400	13285932
1787818554.450928865	s2-eth16	70783235720	23530423
1787818554.450928865	s2-eth17	56809723467	18404450
1787818554.450928865	s2-eth18	88376544196	37550624
1787818554.450928865	s2-eth19	2456	384908
1787818554.450928865	s2-eth2	76788969	255395911221
1787818554.450928865	s2-eth20	2456	384838
1787818554.450928865	s2-eth21	2456	384908
1787818554.450928865	s2-eth22	2456	384838
1787818554.450928865	s2-eth23	2456	384619
1787818554.450928865	s2-eth24	2456	384908
1787818554.450928865	s2-eth25	2456	384943
1787818554.450928865	s2-eth26	2456	384908
1787818554.450928865	s2-eth27	2526	384838
1787818554.450928865	s2-eth28	2456	384838
1787818554.450928865	s2-eth29	2456	384838
1787818554.450928865	s2-eth3	33440240891	12992034
1787818554.450928865	s2-eth30	2456	384838
1787818554.450928865	s2-eth31	2456	384838
1787818554.450928865	s2-eth32	2456	384908
1787818554.450928865	s2-eth33	2456	384838
1787818554.450928865	s2-eth34	2456	384838
1787818554.450928865	s2-eth4	41612306345	17232469
1787818554.450928865	s2-eth5	28746229603	10804061
1787818554.450928865	s2-eth6	33397184723	10728118
1787818554.450928865	s2-eth7	43375940282	15379204
1787818554.450928865	s2-eth8	43378247389	13657607
1787818554.450928865	s2-eth9	41084857073	12492637
1787818554.450928865	s3-eth1	469745336952	100475490
1787818554.450928865	s3-eth10	14305221	38041815337
1787818554.450928865	s3-eth11	20710144	37540132753
1787818554.450928865	s3-eth12	16337577	43459656564
1787818554.450928865	s3-eth13	14715759	39332444096
1787818554.450928865	s3-eth14	15870969	36964505397
1787818554.450928865	s3-eth15	15599127	32750589980
1787818554.450928865	s3-eth16	12785839	34786818328
1787818554.450928865	s3-eth17	21287772	48026256804
1787818554.450928865	s3-eth18	16307937	41509173193
1787818554.450928865	s3-eth19	2456	384838
1787818554.450928865	s3-eth2	202527945864	169785169
1787818554.450928865	s3-eth20	2456	384838
1787818554.450928865	s3-eth21	2456	384838
1787818554.450928865	s3-eth22	2456	384838
1787818554.450928865	s3-eth23	2526	384898
1787818554.450928865	s3-eth24	2456	384838
1787818554.450928865	s3-eth25	2456	384908
1787818554.450928865	s3-eth26	2456	384838
1787818554.450928865	s3-eth27	2456	384838
1787818554.450928865	s3-eth28	2456	384838
1787818554.450928865	s3-eth29	2456	384908
1787818554.450928865	s3-eth3	15045630	42079450889
1787818554.450928865	s3-eth30	2456	384898
1787818554.450928865	s3-eth31	2456	384838
1787818554.450928865	s3-eth32	2456	384838
1787818554.450928865	s3-eth33	2526	384838
1787818554.450928865	s3-eth34	2456	384635
1787818554.450928865	s3-eth4	21698848	54165236310
1787818554.450928865	s3-eth5	21355514	51618953184
1787818554.450928865	s3-eth6	14979862	41627996988
1787818554.450928865	s3-eth7	16189271	41859798084
1787818554.450928865	s3-eth8	16718029	45976841271
1787818554.450928865	s3-eth9	15537464	42538830377
1787818554.450928865	s4-eth1	456997502080	149237119
1787818554.450928865	s4-eth10	12918408	43377470628
1787818554.450928865	s4-eth11	15262881	48004972136
1787818554.450928865	s4-eth12	10285878	43070313177
1787818554.450928865	s4-eth13	12698875	46148644774
1787818554.450928865	s4-eth14	16972380	56155223757
1787818554.450928865	s4-eth15	12903550	48275544802
1787818554.450928865	s4-eth16	23148041	70783618102
1787818554.450928865	s4-eth17	18022068	56810105849
1787818554.450928865	s4-eth18	37168242	88376926578
1787818554.450928865	s4-eth19	2456	384898
1787818554.450928865	s4-eth2	309037611991	101568356
1787818554.450928865	s4-eth20	2456	384838
1787818554.450928865	s4-eth21	2456	384838
1787818554.450928865	s4-eth22	2456	384838
1787818554.450928865	s4-eth23	2456	384838
1787818554.450928865	s4-eth24	2456	384898
1787818554.450928865	s4-eth25	2526	384838
1787818554.450928865	s4-eth26	2456	384838
1787818554.450928865	s4-eth27	2526	384838
1787818554.450928865	s4-eth28	2456	384838
1787818554.450928865	s4-eth29	2456	384908
1787818554.450928865	s4-eth3	12609652	33440623273
1787818554.450928865	s4-eth30	2456	384635
1787818554.450928865	s4-eth31	2526	384838
1787818554.450928865	s4-eth32	2456	384838
1787818554.450928865	s4-eth33	2456	384838
1787818554.450928865	s4-eth34	2366	384838
1787818554.450928865	s4-eth4	16850087	41612688727
1787818554.450928865	s4-eth5	10421679	28746611985
1787818554.450928865	s4-eth6	10345736	33397567105
1787818554.450928865	s4-eth7	14996752	43376322734
1787818554.450928865	s4-eth8	13275225	43378629841
1787818554.450928865	s4-eth9	12110255	41085239455
1787818554.450928865	s5-eth1	409545699998	149515683
1787818554.450928865	s5-eth2	510639289018	173930240
1787818554.450928865	s5-eth3	91487484	300873756445
1787818554.450928865	s5-eth4	232045106	619311059919
1787818554.450928865	s6-eth1	262727497151	120831254
1787818554.450928865	s6-eth2	255395911221	76788969
1787818554.450928865	s6-eth3	91449504	185769647577
1787818554.450928865	s6-eth4	106084323	332353760893
1787818554.450928865	s7-eth1	100475490	469745336952
1787818554.450928865	s7-eth2	149237119	456997502080
1787818554.450928865	s7-eth3	302105237902	72948466
1787818554.450928865	s7-eth4	624637515067	176591468
1787818554.450928865	s8-eth1	169785169	202527945864
1787818554.450928865	s8-eth2	101568356	309037611991
1787818554.450928865	s8-eth3	184538166120	109902310
1787818554.450928865	s8-eth4	327027305745	161451345
1787818554.450928865	s9-eth1	300873756445	91487484
1787818554.450928865	s9-eth2	185769647577	91449504
1787818554.450928865	s9-eth3	72948466	302105237902
1787818554.450928865	s9-eth4	109902310	184538166120
1787818556.750957648	s10-eth1	619311059979	232045166
1787818556.750957648	s10-eth2	332353761013	106084383
1787818556.750957648	s10-eth3	176591528	624637515127
1787818556.750957648	s10-eth4	161451405	327027305805
1787818556.750957648	s1-eth1	149515803	409545700058
1787818556.750957648	s1-eth10	38041433025	14687723
1787818556.750957648	s1-eth11	37539750371	21092646
1787818556.750957648	s1-eth12	43459274182	16720079
1787818556.750957648	s1-eth13	39332061714	15098261
1787818556.750957648	s1-eth14	36964123085	16253471
1787818556.750957648	s1-eth15	32750207598	15981629
1787818556.750957648	s1-eth16	34786435946	13168341
1787818556.750957648	s1-eth17	48025874362	21670274
1787818556.750957648	s1-eth18	41508790881	16690439
1787818556.750957648	s1-eth19	2456	385028
1787818556.750957648	s1-eth2	120831314	262727497271
1787818556.750957648	s1-eth20	2456	384958
1787818556.750957648	s1-eth21	2456	385028
1787818556.750957648	s1-eth22	2456	384958
1787818556.750957648	s1-eth23	2456	384958
1787818556.750957648	s1-eth24	2456	384958
1787818556.750957648	s1-eth25	2456	384958
1787818556.750957648	s1-eth26	2456	385028
1787818556.750957648	s1-eth27	2456	384958
1787818556.750957648	s1-eth28	2456	384958
1787818556.750957648	s1-eth29	2456	384958
1787818556.750957648	s1-eth3	42079068703	15428258
1787818556.750957648	s1-eth30	2456	384958
1787818556.750957648	s1-eth31	2456	384958
1787818556.750957648	s1-eth32	2456	384958
1787818556.750957648	s1-eth33	2456	385028
1787818556.750957648	s1-eth34	2456	384958
1787818556.750957648	s1-eth4	54164854124	22081651
1787818556.750957648	s1-eth5	51618570802	21738016
1787818556.750957648	s1-eth6	41627614606	15362364
1787818556.750957648	s1-eth7	41859415702	16571773
1787818556.750957648	s1-eth8	45976458889	17100531
1787818556.750957648	s1-eth9	42538447935	15919966
1787818556.750957648	s2-eth1	173930300	510639289078
1787818556.750957648	s2-eth10	43377088176	13300850
1787818556.750957648	s2-eth11	48004589754	15645323
1787818556.750957648	s2-eth12	43069930865	10668320
1787818556.750957648	s2-eth13	46148262392	13081317
1787818556.750957648	s2-eth14	56154841375	17354822
1787818556.750957648	s2-eth15	48275162400	13285992
1787818556.750957648	s2-eth16	70783235720	23530483
1787818556.750957648	s2-eth17	56809723467	18404510
1787818556.750957648	s2-eth18	88376544196	37550684
1787818556.750957648	s2-eth19	2456	384968
1787818556.750957648	s2-eth2	76789089	255395911281
1787818556.750957648	s2-eth20	2456	384898
1787818556.750957648	s2-eth21	2456	384968
1787818556.750957648	s2-eth22	2456	384898
1787818556.750957648	s2-eth23	2456	384679
1787818556.750957648	s2-eth24	2456	384968
1787818556.750957648	s2-eth25	2456	385003
1787818556.750957648	s2-eth26	2456	384968
1787818556.750957648	s2-eth27	2526	384898
1787818556.750957648	s2-eth28	2456	384898
1787818556.750957648	s2-eth29	2456	384898
1787818556.750957648	s2-eth3	33440240891	12992094
1787818556.750957648	s2-eth30	2456	384898
1787818556.750957648	s2-eth31	2456	384898
1787818556.750957648	s2-eth32	2456	384968
1787818556.750957648	s2-eth33	2456	384898
1787818556.750957648	s2-eth34	2456	384898
1787818556.750957648	s2-eth4	41612306345	17232529
1787818556.750957648	s2-eth5	28746229603	10804121
1787818556.750957648	s2-eth6	33397184723	10728178
1787818556.750957648	s2-eth7	43375940282	15379264
1787818556.750957648	s2-eth8	43378247389	13657667
1787818556.750957648	s2-eth9	41084857073	12492697
1787818556.750957648	s3-eth1	469745337012	100475610
1787818556.750957648	s3-eth10	14305221	38041815397
1787818556.750957648	s3-eth11	20710144	37540132873
1787818556.750957648	s3-eth12	16337577	43459656684
1787818556.750957648	s3-eth13	14715759	39332444216
1787818556.750957648	s3-eth14	15870969	36964505517
1787818556.750957648	s3-eth15	15599127	32750590100
1787818556.750957648	s3-eth16	12785839	34786818448
1787818556.750957648	s3-eth17	21287772	48026256864
1787818556.750957648	s3-eth18	16307937	41509173313
1787818556.750957648	s3-eth19	2456	384958
1787818556.750957648	s3-eth2	202527945924	169785289
1787818556.750957648	s3-eth20	2456	384958
1787818556.750957648	s3-eth21	2456	384958
1787818556.750957648	s3-eth22	2456	384958
1787818556.750957648	s3-eth23	2526	384958
1787818556.750957648	s3-eth24	2456	384958
1787818556.750957648	s3-eth25	2456	385028
1787818556.750957648	s3-eth26	2456	384958
1787818556.750957648	s3-eth27	2456	384958
1787818556.750957648	s3-eth28	2456	384958
1787818556.750957648	s3-eth29	2456	385028
1787818556.750957648	s3-eth3	15045630	42079451009
1787818556.750957648	s3-eth30	2456	384958
1787818556.750957648	s3-eth31	2456	384958
1787818556.750957648	s3-eth32	2456	384958
1787818556.750957648	s3-eth33	2526	384958
1787818556.750957648	s3-eth34	2456	384755
1787818556.750957648	s3-eth4	21698848	54165236430
1787818556.750957648	s3-eth5	21355514	51618953304
1787818556.750957648	s3-eth6	14979862	41627997108
1787818556.750957648	s3-eth7	16189271	41859798204
1787818556.750957648	s3-eth8	16718029	45976841391
1787818556.750957648	s3-eth9	15537464	42538830437
1787818556.750957648	s4-eth1	456997502140	149237179
1787818556.750957648	s4-eth10	12918408	43377470688
1787818556.750957648	s4-eth11	15262881	48004972196
1787818556.750957648	s4-eth12	10285878	43070313237
1787818556.750957648	s4-eth13	12698875	46148644834
1787818556.750957648	s4-eth14	16972380	56155223817
1787818556.750957648	s4-eth15	12903550	48275544862
1787818556.750957648	s4-eth16	23148041	70783618162
1787818556.750957648	s4-eth17	18022068	56810105909
1787818556.750957648	s4-eth18	37168242	88376926638
1787818556.750957648	s4-eth19	2456	384958
1787818556.750957648	s4-eth2	309037612051	101568416
1787818556.750957648	s4-eth20	2456	384898
1787818556.750957648	s4-eth21	2456	384898
1787818556.750957648	s4-eth22	2456	384898
1787818556.750957648	s4-eth23	2456	384898
1787818556.750957648	s4-eth24	2456	384958
1787818556.750957648	s4-eth25	2526	384898
1787818556.750957648	s4-eth26	2456	384898
1787818556.750957648	s4-eth27	2526	384898
1787818556.750957648	s4-eth28	2456	384898
1787818556.750957648	s4-eth29	2456	385028
1787818556.750957648	s4-eth3	12609652	33440623333
1787818556.750957648	s4-eth30	2456	384695
1787818556.750957648	s4-eth31	2526	384898
1787818556.750957648	s4-eth32	2456	384898
1787818556.750957648	s4-eth33	2456	384898
1787818556.750957648	s4-eth34	2366	384898
1787818556.750957648	s4-eth4	16850087	41612688787
1787818556.750957648	s4-eth5	10421679	28746612045
1787818556.750957648	s4-eth6	10345736	33397567165
1787818556.750957648	s4-eth7	14996752	43376322794
1787818556.750957648	s4-eth8	13275225	43378629901
1787818556.750957648	s4-eth9	12110255	41085239515
1787818556.750957648	s5-eth1	409545700058	149515803
1787818556.750957648	s5-eth2	510639289078	173930360
1787818556.750957648	s5-eth3	91487544	300873756565
1787818556.750957648	s5-eth4	232045166	619311060039
1787818556.750957648	s6-eth1	262727497271	120831314
1787818556.750957648	s6-eth2	255395911281	76789089
1787818556.750957648	s6-eth3	91449624	185769647697
1787818556.750957648	s6-eth4	106084383	332353761013
1787818556.750957648	s7-eth1	100475610	469745337012
1787818556.750957648	s7-eth2	149237179	456997502140
1787818556.750957648	s7-eth3	302105238022	72948526
1787818556.750957648	s7-eth4	624637515127	176591528
1787818556.750957648	s8-eth1	169785289	202527945924
1787818556.750957648	s8-eth2	101568416	309037612051
1787818556.750957648	s8-eth3	184538166240	109902370
1787818556.750957648	s8-eth4	327027305805	161451405
1787818556.750957648	s9-eth1	300873756565	91487544
1787818556.750957648	s9-eth2	185769647697	91449624
1787818556.750957648	s9-eth3	72948526	302105238022
1787818556.750957648	s9-eth4	109902370	184538166240
1787818559.101925605	s10-eth1	619311060099	232045226
1787818559.101925605	s10-eth2	332353761073	106084443
1787818559.101925605	s10-eth3	176591588	624637515187
1787818559.101925605	s10-eth4	161451465	327027305865
1787818559.101925605	s1-eth1	149515863	409545700118
1787818559.101925605	s1-eth10	38041433025	14687783
1787818559.101925605	s1-eth11	37539750371	21092706
1787818559.101925605	s1-eth12	43459274182	16720139
1787818559.101925605	s1-eth13	39332061714	15098321
1787818559.101925605	s1-eth14	36964123085	16253531
1787818559.101925605	s1-eth15	32750207598	15981689
1787818559.101925605	s1-eth16	34786435946	13168401
1787818559.101925605	s1-eth17	48025874362	21670334
1787818559.101925605	s1-eth18	41508790881	16690499
1787818559.101925605	s1-eth19	2456	385088
1787818559.101925605	s1-eth2	120831374	262727497331
1787818559.101925605	s1-eth20	2456	385018
1787818559.101925605	s1-eth21	2456	385088
1787818559.101925605	s1-eth22	2456	385018
1787818559.101925605	s1-eth23	2456	385018
1787818559.101925605	s1-eth24	2456	385018
1787818559.101925605	s1-eth25	2456	385018
1787818559.101925605	s1-eth26	2456	385088
1787818559.101925605	s1-eth27	2456	385018
1787818559.101925605	s1-eth28	2456	385018
1787818559.101925605	s1-eth29	2456	385018
1787818559.101925605	s1-eth3	42079068703	15428318
1787818559.101925605	s1-eth30	2456	385018
1787818559.101925605	s1-eth31	2456	385018
1787818559.101925605	s1-eth32	2456	385018
1787818559.101925605	s1-eth33	2456	385088
1787818559.101925605	s1-eth34	2456	385018
1787818559.101925605	s1-eth4	54164854124	22081711
1787818559.101925605	s1-eth5	51618570802	21738076
1787818559.101925605	s1-eth6	41627614606	15362424
1787818559.101925605	s1-eth7	41859415702	16571833
1787818559.101925605	s1-eth8	45976458889	17100591
1787818559.101925605	s1-eth9	42538447935	15920026
1787818559.101925605	s2-eth1	173930420	510639289138
1787818559.101925605	s2-eth10	43377088176	13300910
1787818559.101925605	s2-eth11	48004589754	15645443
1787818559.101925605	s2-eth12	43069930865	10668440
1787818559.101925605	s2-eth13	46148262392	13081377
1787818559.101925605	s2-eth14	56154841375	17354942
1787818559.101925605	s2-eth15	48275162400	13286112
1787818559.101925605	s2-eth16	70783235720	23530603
1787818559.101925605	s2-eth17	56809723467	18404630
1787818559.101925605	s2-eth18	88376544196	37550744
1787818559.101925605	s2-eth19	2456	385088
1787818559.101925605	s2-eth2	76789149	255395911401
1787818559.101925605	s2-eth20	2456	385018
1787818559.101925605	s2-eth21	2456	385088
1787818559.101925605	s2-eth22	2456	385018
1787818559.101925605	s2-eth23	2456	384739
1787818559.101925605	s2-eth24	2456	385088
1787818559.101925605	s2-eth25	2456	385063
1787818559.101925605	s2-eth26	2456	385088
1787818559.101925605	s2-eth27	2526	384958
1787818559.101925605	s2-eth28	2456	385018
1787818559.101925605	s2-eth29	2456	385018
1787818559.101925605	s2-eth3	33440240891	12992214
1787818559.101925605	s2-eth30	2456	385018
1787818559.101925605	s2-eth31	2456	385018
1787818559.101925605	s2-eth32	2456	385088
1787818559.101925605	s2-eth33	2456	385018
1787818559.101925605	s2-eth34	2456	385018
1787818559.101925605	s2-eth4	41612306345	17232649
1787818559.101925605	s2-eth5	28746229603	10804241
1787818559.101925605	s2-eth6	33397184723	10728298
1787818559.101925605	s2-eth7	43375940282	15379384
1787818559.101925605	s2-eth8	43378247389	13657727
1787818559.101925605	s2-eth9	41084857073	12492817
1787818559.101925605	s3-eth1	469745337072	100475670
1787818559.101925605	s3-eth10	14305221	38041815517
1787818559.101925605	s3-eth11	20710144	37540132933
1787818559.101925605	s3-eth12	16337577	43459656744
1787818559.101925605	s3-eth13	14715759	39332444276
1787818559.101925605	s3-eth14	15870969	36964505577
1787818559.101925605	s3-eth15	15599127	32750590160
1787818559.101925605	s3-eth16	12785839	34786818508
1787818559.101925605	s3-eth17	21287772	48026256924
1787818559.101925605	s3-eth18	16307937	41509173373
1787818559.101925605	s3-eth19	2456	385018
1787818559.101925605	s3-eth2	202527945984	169785349
1787818559.101925605	s3-eth20	2456	385018
1787818559.101925605	s3-eth21	2456	385018
1787818559.101925605	s3-eth22	2456	385018
1787818559.101925605	s3-eth23	2526	385018
1787818559.101925605	s3-eth24	2456	385018
1787818559.101925605	s3-eth25	2456	385088
1787818559.101925605	s3-eth26	2456	385018
1787818559.101925605	s3-eth27	2456	385018
1787818559.101925605	s3-eth28	2456	385018
1787818559.101925605	s3-eth29	2456	385088
1787818559.101925605	s3-eth3	15045630	42079451069
1787818559.101925605	s3-eth30	2456	385018
1787818559.101925605	s3-eth31	2456	385018
1787818559.101925605	s3-eth32	2456	385018
1787818559.101925605	s3-eth33	2526	385018
1787818559.101925605	s3-eth34	2456	384815
1787818559.101925605	s3-eth4	21698848	54165236490
1787818559.101925605	s3-eth5	21355514	51618953364
1787818559.101925605	s3-eth6	14979862	41627997168
1787818559.101925605	s3-eth7	16189271	41859798264
1787818559.101925605	s3-eth8	16718029	45976841451
1787818559.101925605	s3-eth9	15537464	42538830497
1787818559.101925605	s4-eth1	456997502200	149237299
1787818559.101925605	s4-eth10	12918408	43377470748
1787818559.101925605	s4-eth11	15262881	48004972256
1787818559.101925605	s4-eth12	10285878	43070313297
1787818559.101925605	s4-eth13	12698875	46148644894
1787818559.101925605	s4-eth14	16972380	56155223877
1787818559.101925605	s4-eth15	12903550	48275544922
1787818559.101925605	s4-eth16	23148041	70783618222
1787818559.101925605	s4-eth17	18022068	56810105969
1787818559.101925605	s4-eth18	37168242	88376926698
1787818559.101925605	s4-eth19	2456	385018
1787818559.101925605	s4-eth2	309037612111	101568476
1787818559.101925605	s4-eth20	2456	385018
1787818559.101925605	s4-eth21	2456	384958
1787818559.101925605	s4-eth22	2456	384958
1787818559.101925605	s4-eth23	2456	384958
1787818559.101925605	s4-eth24	2456	385018
1787818559.101925605	s4-eth25	2526	384958
1787818559.101925605	s4-eth26	2456	384958
1787818559.101925605	s4-eth27	2526	384958
1787818559.101925605	s4-eth28	2456	385018
1787818559.101925605	s4-eth29	2456	385088
1787818559.101925605	s4-eth3	12609652	33440623453
1787818559.101925605	s4-eth30	2456	384755
1787818559.101925605	s4-eth31	2526	384958
1787818559.101925605	s4-eth32	2456	384958
1787818559.101925605	s4-eth33	2456	384958
1787818559.101925605	s4-eth34	2366	384958
1787818559.101925605	s4-eth4	16850087	41612688907
1787818559.101925605	s4-eth5	10421679	28746612105
1787818559.101925605	s4-eth6	10345736	33397567225
1787818559.101925605	s4-eth7	14996752	43376322914
1787818559.101925605	s4-eth8	13275225	43378629961
1787818559.101925605	s4-eth9	12110255	41085239575
1787818559.101925605	s5-eth1	409545700118	149515863
1787818559.101925605	s5-eth2	510639289138	173930420
1787818559.101925605	s5-eth3	91487604	300873756625
1787818559.101925605	s5-eth4	232045226	619311060099
1787818559.101925605	s6-eth1	262727497331	120831374
1787818559.101925605	s6-eth2	255395911401	76789149
1787818559.101925605	s6-eth3	91449684	185769647757
1787818559.101925605	s6-eth4	106084443	332353761073
1787818559.101925605	s7-eth1	100475670	469745337072
1787818559.101925605	s7-eth2	149237299	456997502200
1787818559.101925605	s7-eth3	302105238082	72948586
1787818559.101925605	s7-eth4	624637515187	176591588
1787818559.101925605	s8-eth1	169785349	202527945984
1787818559.101925605	s8-eth2	101568476	309037612111
1787818559.101925605	s8-eth3	184538166300	109902430
1787818559.101925605	s8-eth4	327027305865	161451465
1787818559.101925605	s9-eth1	300873756625	91487604
1787818559.101925605	s9-eth2	185769647757	91449684
1787818559.101925605	s9-eth3	72948586	302105238082
1787818559.101925605	s9-eth4	109902430	184538166300
1787818561.413370361	s10-eth1	619311060159	232045346
1787818561.413370361	s10-eth2	332353761133	106084563
1787818561.413370361	s10-eth3	176591648	624637515307
1787818561.413370361	s10-eth4	161451525	327027305985
1787818561.413370361	s1-eth1	149515923	409545700178
1787818561.413370361	s1-eth10	38041433025	14687843
1787818561.413370361	s1-eth11	37539750371	21092766
1787818561.413370361	s1-eth12	43459274182	16720199
1787818561.413370361	s1-eth13	39332061714	15098381
1787818561.413370361	s1-eth14	36964123085	16253591
1787818561.413370361	s1-eth15	32750207598	15981749
1787818561.413370361	s1-eth16	34786435946	13168461
1787818561.413370361	s1-eth17	48025874362	21670394
1787818561.413370361	s1-eth18	41508790881	16690559
1787818561.413370361	s1-eth19	2456	385148
1787818561.413370361	s1-eth2	120831494	262727497391
1787818561.413370361	s1-eth20	2456	385078
1787818561.413370361	s1-eth21	2456	385148
1787818561.413370361	s1-eth22	2456	385078
1787818561.413370361	s1-eth23	2456	385078
1787818561.413370361	s1-eth24	2456	385078
1787818561.413370361	s1-eth25	2456	385078
1787818561.413370361	s1-eth26	2456	385148
1787818561.413370361	s1-eth27	2456	385078
1787818561.413370361	s1-eth28	2456	385078
1787818561.413370361	s1-eth29	2456	385078
1787818561.413370361	s1-eth3	42079068703	15428378
1787818561.413370361	s1-eth30	2456	385078
1787818561.413370361	s1-eth31	2456	385078
1787818561.413370361	s1-eth32	2456	385138
1787818561.413370361	s1-eth33	2456	385148
1787818561.413370361	s1-eth34	2456	385078
1787818561.413370361	s1-eth4	54164854124	22081771
1787818561.413370361	s1-eth5	51618570802	21738136
1787818561.413370361	s1-eth6	41627614606	15362484
1787818561.413370361	s1-eth7	41859415702	16571893
1787818561.413370361	s1-eth8	45976458889	17100651
1787818561.413370361	s1-eth9	42538447935	15920086
1787818561.413370361	s2-eth1	173930480	510639289258
1787818561.413370361	s2-eth10	43377088176	13301030
1787818561.413370361	s2-eth11	48004589754	15645503
1787818561.413370361	s2-eth12	43069930865	10668500
1787818561.413370361	s2-eth13	46148262392	13081497
1787818561.413370361	s2-eth14	56154841375	17355002
1787818561.413370361	s2-eth15	48275162400	13286172
1787818561.413370361	s2-eth16	70783235720	23530663
1787818561.413370361	s2-eth17	56809723467	18404690
1787818561.413370361	s2-eth18	88376544196	37550864
1787818561.413370361	s2-eth19	2456	385148
1787818561.413370361	s2-eth2	76789209	255395911461
1787818561.413370361	s2-eth20	2456	385078
1787818561.413370361	s2-eth21	2456	385148
1787818561.413370361	s2-eth22	2456	385078
1787818561.413370361	s2-eth23	2456	384859
1787818561.413370361	s2-eth24	2456	385148
1787818561.413370361	s2-eth25	2456	385183
1787818561.413370361	s2-eth26	2456	385148
1787818561.413370361	s2-eth27	2526	385078
1787818561.413370361	s2-eth28	2456	385078
1787818561.413370361	s2-eth29	2456	385078
1787818561.413370361	s2-eth3	33440240891	12992274
1787818561.413370361	s2-eth30	2456	385078
1787818561.413370361	s2-eth31	2456	385078
1787818561.413370361	s2-eth32	2456	385148
1787818561.413370361	s2-eth33	2456	385078
1787818561.413370361	s2-eth34	2456	385078
1787818561.413370361	s2-eth4	41612306345	17232709
1787818561.413370361	s2-eth5	28746229603	10804301
1787818561.413370361	s2-eth6	33397184723	10728358
1787818561.413370361	s2-eth7	43375940282	15379444
1787818561.413370361	s2-eth8	43378247389	13657847
1787818561.413370361	s2-eth9	41084857073	12492877
1787818561.413370361	s3-eth1	469745337192	100475730
1787818561.413370361	s3-eth10	14305221	38041815577
1787818561.413370361	s3-eth11	20710144	37540132993
1787818561.413370361	s3-eth12	16337577	43459656804
1787818561.413370361	s3-eth13	14715759	39332444336
1787818561.413370361	s3-eth14	15870969	36964505637
1787818561.413370361	s3-eth15	15599127	32750590220
1787818561.413370361	s3-eth16	12785839	34786818568
1787818561.413370361	s3-eth17	21287772	48026257044
1787818561.413370361	s3-eth18	16307937	41509173433
1787818561.413370361	s3-eth19	2456	385078
1787818561.413370361	s3-eth2	202527946104	169785409
1787818561.413370361	s3-eth20	2456	385078
1787818561.413370361	s3-eth21	2456	385078
1787818561.413370361	s3-eth22	2456	385078
1787818561.413370361	s3-eth23	2526	385138
1787818561.413370361	s3-eth24	2456	385078
1787818561.413370361	s3-eth25	2456	385148
1787818561.413370361	s3-eth26	2456	385078
1787818561.413370361	s3-eth27	2456	385078
1787818561.413370361	s3-eth28	2456	385078
1787818561.413370361	s3-eth29	2456	385148
1787818561.413370361	s3-eth3	15045630	42079451129
1787818561.413370361	s3-eth30	2456	385138
1787818561.413370361	s3-eth31	2456	385078
1787818561.413370361	s3-eth32	2456	385078
1787818561.413370361	s3-eth33	2526	385078
1787818561.413370361	s3-eth34	2456	384875
1787818561.413370361	s3-eth4	21698848	54165236550
1787818561.413370361	s3-eth5	21355514	51618953424
1787818561.413370361	s3-eth6	14979862	41627997228
1787818561.413370361	s3-eth7	16189271	41859798324
1787818561.413370361	s3-eth8	16718029	45976841511
1787818561.413370361	s3-eth9	15537464	42538830617
1787818561.413370361	s4-eth1	456997502320	149237359
1787818561.413370361	s4-eth10	12918408	43377470868
1787818561.413370361	s4-eth11	15262881	48004972376
1787818561.413370361	s4-eth12	10285878	43070313417
1787818561.413370361	s4-eth13	12698875	46148645014
1787818561.413370361	s4-eth14	16972380	56155223997
1787818561.413370361	s4-eth15	12903550	48275545042
1787818561.413370361	s4-eth16	23148041	70783618342
1787818561.413370361	s4-eth17	18022068	56810106089
1787818561.413370361	s4-eth18	37168242	88376926818
1787818561.413370361	s4-eth19	2456	385138
1787818561.413370361	s4-eth2	309037612231	101568596
1787818561.413370361	s4-eth20	2456	385078
1787818561.413370361	s4-eth21	2456	385078
1787818561.413370361	s4-eth22	2456	385078
1787818561.413370361	s4-eth23	2456	385078
1787818561.413370361	s4-eth24	2456	385138
1787818561.413370361	s4-eth25	2526	385078
1787818561.413370361	s4-eth26	2456	385078
1787818561.413370361	s4-eth27	2526	385078
1787818561.413370361	s4-eth28	2456	385078
1787818561.413370361	s4-eth29	2456	385148
1787818561.413370361	s4-eth3	12609652	33440623513
1787818561.413370361	s4-eth30	2456	384875
1787818561.413370361	s4-eth31	2526	385078
1787818561.413370361	s4-eth32	2456	385078
1787818561.413370361	s4-eth33	2456	385078
1787818561.413370361	s4-eth34	2366	385078
1787818561.413370361	s4-eth4	16850087	41612688967
1787818561.413370361	s4-eth5	10421679	28746612225
1787818561.413370361	s4-eth6	10345736	33397567345
1787818561.413370361	s4-eth7	14996752	43376322974
1787818561.413370361	s4-eth8	13275225	43378630081
1787818561.413370361	s4-eth9	12110255	41085239695
1787818561.413370361	s5-eth1	409545700238	149515923
1787818561.413370361	s5-eth2	510639289258	173930480
1787818561.413370361	s5-eth3	91487724	300873756685
1787818561.413370361	s5-eth4	232045346	619311060159
1787818561.413370361	s6-eth1	262727497391	120831494
1787818561.413370361	s6-eth2	255395911461	76789209
1787818561.413370361	s6-eth3	91449744	185769647817
1787818561.413370361	s6-eth4	106084563	332353761133
1787818561.413370361	s7-eth1	100475730	469745337192
1787818561.413370361	s7-eth2	149237359	456997502320
1787818561.413370361	s7-eth3	302105238142	72948706
1787818561.413370361	s7-eth4	624637515307	176591708
1787818561.413370361	s8-eth1	169785409	202527946104
1787818561.413370361	s8-eth2	101568596	309037612231
1787818561.413370361	s8-eth3	184538166360	109902550
1787818561.413370361	s8-eth4	327027305985	161451585
1787818561.413370361	s9-eth1	300873756685	91487724
1787818561.413370361	s9-eth2	185769647817	91449744
1787818561.413370361	s9-eth3	72948706	302105238142
1787818561.413370361	s9-eth4	109902550	184538166360
1787818563.719667629	s10-eth1	619311060219	232045406
1787818563.719667629	s10-eth2	332353761253	106084623
1787818563.719667629	s10-eth3	176591768	624637515367
1787818563.719667629	s10-eth4	161451645	327027306045
1787818563.719667629	s1-eth1	149516043	409545700298
1787818563.719667629	s1-eth10	38041433025	14687963
1787818563.719667629	s1-eth11	37539750371	21092886
1787818563.719667629	s1-eth12	43459274182	16720319
1787818563.719667629	s1-eth13	39332061714	15098501
1787818563.719667629	s1-eth14	36964123085	16253711
1787818563.719667629	s1-eth15	32750207598	15981869
1787818563.719667629	s1-eth16	34786435946	13168581
1787818563.719667629	s1-eth17	48025874362	21670514
1787818563.719667629	s1-eth18	41508790881	16690679
1787818563.719667629	s1-eth19	2456	385268
1787818563.719667629	s1-eth2	120831554	262727497511
1787818563.719667629	s1-eth20	2456	385198
1787818563.719667629	s1-eth21	2456	385268
1787818563.719667629	s1-eth22	2456	385198
1787818563.719667629	s1-eth23	2456	385198
1787818563.719667629	s1-eth24	2456	385198
1787818563.719667629	s1-eth25	2456	385198
1787818563.719667629	s1-eth26	2456	385268
1787818563.719667629	s1-eth27	2456	385198
1787818563.719667629	s1-eth28	2456	385198
1787818563.719667629	s1-eth29	2456	385198
1787818563.719667629	s1-eth3	42079068703	15428498
1787818563.719667629	s1-eth30	2456	385198
1787818563.719667629	s1-eth31	2456	385198
1787818563.719667629	s1-eth32	2456	385198
1787818563.719667629	s1-eth33	2456	385268
1787818563.719667629	s1-eth34	2456	385198
1787818563.719667629	s1-eth4	54164854124	22081891
1787818563.719667629	s1-eth5	51618570802	21738256
1787818563.719667629	s1-eth6	41627614606	15362604
1787818563.719667629	s1-eth7	41859415702	16572013
1787818563.719667629	s1-eth8	45976458889	17100771
1787818563.719667629	s1-eth9	42538447935	15920206
1787818563.719667629	s2-eth1	173930540	510639289318
1787818563.719667629	s2-eth10	43377088176	13301090
1787818563.719667629	s2-eth11	48004589754	15645563
1787818563.719667629	s2-eth12	43069930865	10668560
1787818563.719667629	s2-eth13	46148262392	13081557
1787818563.719667629	s2-eth14	56154841375	17355062
1787818563.719667629	s2-eth15	48275162400	13286232
1787818563.719667629	s2-eth16	70783235720	23530723
1787818563.719667629	s2-eth17	56809723467	18404750
1787818563.719667629	s2-eth18	88376544196	37550924
1787818563.719667629	s2-eth19	2456	385208
1787818563.719667629	s2-eth2	76789329	255395911521
1787818563.719667629	s2-eth20	2456	385138
1787818563.719667629	s2-eth21	2456	385208
1787818563.719667629	s2-eth22	2456	385138
1787818563.719667629	s2-eth23	2456	384919
1787818563.719667629	s2-eth24	2456	385208
1787818563.719667629	s2-eth25	2456	385243
1787818563.719667629	s2-eth26	2456	385208
1787818563.719667629	s2-eth27	2526	385138
1787818563.719667629	s2-eth28	2456	385138
1787818563.719667629	s2-eth29	2456	385138
1787818563.719667629	s2-eth3	33440240891	12992334
1787818563.719667629	s2-eth30	2456	385138
1787818563.719667629	s2-eth31	2456	385138
1787818563.719667629	s2-eth32	2456	385208
1787818563.719667629	s2-eth33	2456	385138
1787818563.719667629	s2-eth34	2456	385138
1787818563.719667629	s2-eth4	41612306345	17232769
1787818563.719667629	s2-eth5	28746229603	10804361
1787818563.719667629	s2-eth6	33397184723	10728418
1787818563.719667629	s2-eth7	43375940282	15379504
1787818563.719667629	s2-eth8	43378247389	13657907
1787818563.719667629	s2-eth9	41084857073	12492937
1787818563.719667629	s3-eth1	469745337252	100475850
1787818563.719667629	s3-eth10	14305221	38041815637
1787818563.719667629	s3-eth11	20710144	37540133113
1787818563.719667629	s3-eth12	16337577	43459656924
1787818563.719667629	s3-eth13	14715759	39332444456
1787818563.719667629	s3-eth14	15870969	36964505757
1787818563.719667629	s3-eth15	15599127	32750590340
1787818563.719667629	s3-eth16	12785839	34786818688
1787818563.719667629	s3-eth17	21287772	48026257104
1787818563.719667629	s3-eth18	16307937	41509173553
1787818563.719667629	s3-eth19	2456	385198
1787818563.719667629	s3-eth2	202527946164	169785529
1787818563.719667629	s3-eth20	2456	385198
1787818563.719667629	s3-eth21	2456	385198
1787818563.719667629	s3-eth22	2456	385198
1787818563.719667629	s3-eth23	2526	385198
1787818563.719667629	s3-eth24	2456	385198
1787818563.719667629	s3-eth25	2456	385268
1787818563.719667629	s3-eth26	2456	385198
1787818563.719667629	s3-eth27	2456	385198
1787818563.719667629	s3-eth28	2456	385198
1787818563.719667629	s3-eth29	2456	385268
1787818563.719667629	s3-eth3	15045630	42079451249
1787818563.719667629	s3-eth30	2456	385198
1787818563.719667629	s3-eth31	2456	385198
1787818563.719667629	s3-eth32	2456	385198
1787818563.719667629	s3-eth33	2526	385198
1787818563.719667629	s3-eth34	2456	384995
1787818563.719667629	s3-eth4	21698848	54165236670
1787818563.719667629	s3-eth5	21355514	51618953544
1787818563.719667629	s3-eth6	14979862	41627997348
1787818563.719667629	s3-eth7	16189271	41859798444
1787818563.719667629	s3-eth8	16718029	45976841631
1787818563.719667629	s3-eth9	15537464	42538830677
1787818563.719667629	s4-eth1	456997502380	149237419
1787818563.719667629	s4-eth10	12918408	43377470928
1787818563.719667629	s4-eth11	15262881	48004972436
1787818563.719667629	s4-eth12	10285878	43070313477
1787818563.719667629	s4-eth13	12698875	46148645074
1787818563.719667629	s4-eth14	16972380	56155224057
1787818563.719667629	s4-eth15	12903550	48275545102
1787818563.719667629	s4-eth16	23148041	70783618402
1787818563.719667629	s4-eth17	18022068	56810106149
1787818563.719667629	s4-eth18	37168242	88376926878
1787818563.719667629	s4-eth19	2456	385198
1787818563.719667629	s4-eth2	309037612291	101568656
1787818563.719667629	s4-eth20	2456	385138
1787818563.719667629	s4-eth21	2456	385138
1787818563.719667629	s4-eth22	2456	385138
1787818563.719667629	s4-eth23	2456	385138
1787818563.719667629	s4-eth24	2456	385198
1787818563.719667629	s4-eth25	2526	385138
1787818563.719667629	s4-eth26	2456	385138
1787818563.719667629	s4-eth27	2526	385138
1787818563.719667629	s4-eth28	2456	385138
1787818563.719667629	s4-eth29	2456	385268
1787818563.719667629	s4-eth3	12609652	33440623573
1787818563.719667629	s4-eth30	2456	384935
1787818563.719667629	s4-eth31	2526	385138
1787818563.719667629	s4-eth32	2456	385138
1787818563.719667629	s4-eth33	2456	385138
1787818563.719667629	s4-eth34	2366	385138
1787818563.719667629	s4-eth4	16850087	41612689027
1787818563.719667629	s4-eth5	10421679	28746612285
1787818563.719667629	s4-eth6	10345736	33397567405
1787818563.719667629	s4-eth7	14996752	43376323034
1787818563.719667629	s4-eth8	13275225	43378630141
1787818563.719667629	s4-eth9	12110255	41085239755
1787818563.719667629	s5-eth1	409545700298	149516043
1787818563.719667629	s5-eth2	510639289318	173930600
1787818563.719667629	s5-eth3	91487784	300873756805
1787818563.719667629	s5-eth4	232045406	619311060279
1787818563.719667629	s6-eth1	262727497511	120831554
1787818563.719667629	s6-eth2	255395911521	76789329
1787818563.719667629	s6-eth3	91449864	185769647937
1787818563.719667629	s6-eth4	106084623	332353761253
1787818563.719667629	s7-eth1	100475850	469745337252
1787818563.719667629	s7-eth2	149237419	456997502380
1787818563.719667629	s7-eth3	302105238262	72948766
1787818563.719667629	s7-eth4	624637515367	176591768
1787818563.719667629	s8-eth1	169785529	202527946164
1787818563.719667629	s8-eth2	101568656	309037612291
1787818563.719667629	s8-eth3	184538166480	109902610
1787818563.719667629	s8-eth4	327027306045	161451645
1787818563.719667629	s9-eth1	300873756805	91487784
1787818563.719667629	s9-eth2	185769647937	91449864
1787818563.719667629	s9-eth3	72948766	302105238262
1787818563.719667629	s9-eth4	109902610	184538166480
